level;p;evals;eig_dim;gen_dim;Coeff_minpoly
69.2;17;{'3.1': 1, '3.2': 9, '4.1': 15, '5.1': 4, '5.2': 13, '11.1': 14, '23.1': 16, '23.2': 16, '31.1': 16, '31.2': 5, '37.1': 6, '37.2': 2, '47.1': 6, '47.2': 3, '49.1': 16, '53.1': 15, '53.2': 13, '59.1': 14, '59.2': 10, '67.1': 7, '67.2': 2, '71.1': 14, '71.2': 4, '89.1': 2, '89.2': 14, '97.1': 10, '97.2': 10};1;1;x + 16
71.1;2;{'3.1': 0, '3.2': X1, '4.1': 1, '5.1': X1 + 1, '5.2': X1, '11.1': 0, '23.1': X1 + 1, '23.2': X1, '31.1': X1 + 1, '31.2': X1 + 1, '37.1': 0, '37.2': 0, '47.1': 0, '47.2': 0, '49.1': X1, '53.1': 0, '53.2': X1 + 1, '59.1': 0, '59.2': 0, '67.1': 0, '67.2': 0, '71.1': 1, '71.2': X1, '89.1': 0, '89.2': 0, '97.1': 0, '97.2': 0};1;1;x^2 + x + 1
89.1;17;{'3.1': 9, '3.2': 11, '4.1': 2, '5.1': 1, '5.2': 11, '11.1': 3, '23.1': 7, '23.2': 13, '31.1': 8, '31.2': 0, '37.1': 2, '37.2': 13, '47.1': 15, '47.2': 11, '49.1': 9, '53.1': 8, '53.2': 13, '59.1': 15, '59.2': 9, '67.1': 7, '67.2': 14, '71.1': 12, '71.2': 5, '89.1': 16, '89.2': 13, '97.1': 7, '97.2': 8};1;1;x + 16
93.1;2;{'3.1': 1, '3.2': X1, '4.1': 0, '5.1': 0, '5.2': X1 + 1, '11.1': X1, '23.1': 0, '23.2': 0, '31.1': 1, '31.2': X1 + 1, '37.1': X1, '37.2': 0, '47.1': X1 + 1, '47.2': 0, '49.1': X1 + 1, '53.1': 0, '53.2': 0, '59.1': 0, '59.2': X1 + 1, '67.1': 0, '67.2': 0, '71.1': 0, '71.2': X1, '89.1': 0, '89.2': 0, '97.1': 0, '97.2': 0};1;1;x^2 + x + 1
103.1;19;{'3.1': 6, '3.2': 14, '4.1': 6, '5.1': 14, '5.2': 15, '11.1': 14, '23.1': 0, '23.2': 14, '31.1': 5, '31.2': 16, '37.1': 11, '37.2': 7, '47.1': 10, '47.2': 17, '49.1': 4, '53.1': 13, '53.2': 8, '59.1': 12, '59.2': 10, '67.1': 5, '67.2': 7, '71.1': 1, '71.2': 11, '89.1': 1, '89.2': 10, '97.1': 4, '97.2': 3};1;1;x + 18
111.1;31;{'3.1': 30, '3.2': 7, '4.1': 2, '5.1': 19, '5.2': 12, '11.1': 15, '23.1': 16, '23.2': 28, '31.1': 5, '31.2': 3, '37.1': 1, '37.2': 3, '47.1': 5, '47.2': 1, '49.1': 3, '53.1': 13, '53.2': 28, '59.1': 27, '59.2': 3, '67.1': 13, '67.2': 18, '71.1': 22, '71.2': 2, '89.1': 3, '89.2': 23, '97.1': 19, '97.2': 12};1;1;x + 30
113.1;127;{'3.1': 54, '3.2': 6, '4.1': 90, '5.1': 77, '5.2': 40, '11.1': 5, '23.1': 49, '23.2': 115, '31.1': 89, '31.2': 107, '37.1': 67, '37.2': 73, '47.1': 12, '47.2': 77, '49.1': 98, '53.1': 17, '53.2': 103, '59.1': 97, '59.2': 1, '67.1': 44, '67.2': 90, '71.1': 47, '71.2': 82, '89.1': 22, '89.2': 117, '97.1': 51, '97.2': 70};1;1;x + 126
124.1;7;{'3.1': X1 + 4, '3.2': 5*X1, '4.1': 1, '5.1': 6*X1 + 2, '5.2': 4*X1 + 3, '11.1': 2*X1 + 4, '23.1': X1 + 1, '23.2': 2*X1 + 4, '31.1': 6, '31.2': 4*X1 + 3, '37.1': 6*X1 + 6, '37.2': 2*X1 + 1, '47.1': 1, '47.2': 3*X1 + 2, '49.1': 5*X1 + 5, '53.1': 6*X1, '53.2': 4*X1, '59.1': X1 + 4, '59.2': X1 + 3, '67.1': 5, '67.2': 3*X1 + 3, '71.1': 6*X1 + 5, '71.2': 1, '89.1': 2*X1 + 4, '89.2': 4*X1 + 3, '97.1': 2*X1 + 6, '97.2': 4*X1};1;1;x^2 + 6*x + 3
125.1;2;{'3.1': X1, '3.2': 0, '4.1': 0, '5.1': 0, '5.2': 0, '11.1': 0, '23.1': 0, '23.2': X1 + 1, '31.1': 0, '31.2': 0, '37.1': X1, '37.2': 0, '47.1': X1 + 1, '47.2': 0, '49.1': 0, '53.1': X1, '53.2': 0, '59.1': X1, '59.2': X1 + 1, '67.1': 0, '67.2': 0, '71.1': X1, '71.2': X1 + 1, '89.1': 0, '89.2': 0, '97.1': 0, '97.2': X1 + 1};1;1;x^2 + x + 1
137.1;11;{'3.1': 5, '3.2': 8, '4.1': 1, '5.1': 6, '5.2': 6, '11.1': 7, '23.1': 8, '23.2': 1, '31.1': 10, '31.2': 6, '37.1': 7, '37.2': 4, '47.1': 9, '47.2': 0, '49.1': 3, '53.1': 4, '53.2': 10, '59.1': 0, '59.2': 6, '67.1': 7, '67.2': 7, '71.1': 10, '71.2': 3, '89.1': 4, '89.2': 3, '97.1': 9, '97.2': 3};1;1;x + 10
155.2;29;{'3.1': 20, '3.2': 14, '4.1': 20, '5.1': 1, '5.2': 14, '11.1': 13, '23.1': 7, '23.2': 28, '31.1': 7, '31.2': 28, '37.1': 21, '37.2': 18, '47.1': 16, '47.2': 21, '49.1': 14, '53.1': 22, '53.2': 2, '59.1': 5, '59.2': 27, '67.1': 4, '67.2': 27, '71.1': 25, '71.2': 28, '89.1': 2, '89.2': 26, '97.1': 2, '97.2': 16};1;1;x + 28
157.1;127;{'3.1': 98, '3.2': 8, '4.1': 115, '5.1': 107, '5.2': 98, '11.1': 34, '23.1': 71, '23.2': 111, '31.1': 17, '31.2': 87, '37.1': 43, '37.2': 91, '47.1': 125, '47.2': 8, '49.1': 61, '53.1': 48, '53.2': 124, '59.1': 67, '59.2': 101, '67.1': 104, '67.2': 113, '71.1': 7, '71.2': 84, '89.1': 33, '89.2': 87, '97.1': 95, '97.2': 13};1;1;x + 126
159.1;53;{'3.1': 1, '3.2': 6, '4.1': 12, '5.1': 38, '5.2': 16, '11.1': 52, '23.1': 5, '23.2': 52, '31.1': 6, '31.2': 10, '37.1': 39, '37.2': 24, '47.1': 29, '47.2': 16, '49.1': 16, '53.1': 52, '53.2': 35, '59.1': 17, '59.2': 32, '67.1': 0, '67.2': 32, '71.1': 23, '71.2': 28, '89.1': 1, '89.2': 24, '97.1': 40, '97.2': 47};1;1;x + 52
159.2;3;{'3.1': 2, '3.2': 2*X1, '4.1': 2*X1 + 1, '5.1': 2*X1 + 1, '5.2': X1 + 2, '11.1': X1 + 2, '23.1': X1, '23.2': 1, '31.1': 0, '31.2': 2, '37.1': X1, '37.2': 1, '47.1': X1 + 1, '47.2': 2*X1 + 2, '49.1': 2*X1 + 1, '53.1': X1 + 2, '53.2': 1, '59.1': 1, '59.2': X1, '67.1': X1 + 2, '67.2': 2*X1 + 2, '71.1': 2*X1 + 1, '71.2': X1 + 1, '89.1': 0, '89.2': X1 + 2, '97.1': X1 + 2, '97.2': 2*X1 + 2};1;1;x^2 + 2*x + 2
169.1;2;{'3.1': X1^2 + X1, '3.2': X1^2 + X1, '4.1': X1^3 + X1^2 + X1 + 1, '5.1': 0, '5.2': 0, '11.1': 0, '23.1': X1^2 + X1 + 1, '23.2': X1^2 + X1 + 1, '31.1': 0, '31.2': 0, '37.1': 0, '37.2': 0, '47.1': 0, '47.2': 0, '49.1': X1^2 + X1, '53.1': X1^2 + X1, '53.2': X1^2 + X1, '59.1': 0, '59.2': 0, '67.1': 0, '67.2': 0, '71.1': 0, '71.2': 0, '89.1': 0, '89.2': 0, '97.1': 0, '97.2': 0};1;1;x^4 + x + 1
177.2;29;{'3.1': 1, '3.2': 7, '4.1': 24, '5.1': 12, '5.2': 4, '11.1': 5, '23.1': 25, '23.2': 14, '31.1': 9, '31.2': 12, '37.1': 26, '37.2': 28, '47.1': 20, '47.2': 14, '49.1': 22, '53.1': 10, '53.2': 26, '59.1': 16, '59.2': 28, '67.1': 26, '67.2': 20, '71.1': 24, '71.2': 3, '89.1': 1, '89.2': 14, '97.1': 2, '97.2': 25};1;1;x + 28
179.1;13;{'3.1': 2, '3.2': 0, '4.1': 9, '5.1': 11, '5.2': 2, '11.1': 4, '23.1': 12, '23.2': 4, '31.1': 1, '31.2': 12, '37.1': 0, '37.2': 0, '47.1': 9, '47.2': 12, '49.1': 10, '53.1': 5, '53.2': 12, '59.1': 2, '59.2': 0, '67.1': 6, '67.2': 9, '71.1': 1, '71.2': 8, '89.1': 12, '89.2': 2, '97.1': 3, '97.2': 8};1;1;x + 12
181.1;17;{'3.1': 15, '3.2': 12, '4.1': 10, '5.1': 8, '5.2': 8, '11.1': 11, '23.1': 15, '23.2': 5, '31.1': 16, '31.2': 16, '37.1': 14, '37.2': 6, '47.1': 8, '47.2': 1, '49.1': 3, '53.1': 16, '53.2': 13, '59.1': 11, '59.2': 15, '67.1': 5, '67.2': 15, '71.1': 10, '71.2': 16, '89.1': 5, '89.2': 7, '97.1': 11, '97.2': 0};1;1;x + 16
181.1;103;{'3.1': 33, '3.2': 77, '4.1': 41, '5.1': 68, '5.2': 43, '11.1': 41, '23.1': 102, '23.2': 56, '31.1': 95, '31.2': 22, '37.1': 34, '37.2': 59, '47.1': 47, '47.2': 78, '49.1': 17, '53.1': 101, '53.2': 24, '59.1': 95, '59.2': 8, '67.1': 8, '67.2': 57, '71.1': 35, '71.2': 11, '89.1': 24, '89.2': 41, '97.1': 15, '97.2': 45};1;1;x + 102
188.1;2;{'3.1': X1, '3.2': 0, '4.1': 1, '5.1': 0, '5.2': X1 + 1, '11.1': 0, '23.1': X1 + 1, '23.2': X1, '31.1': 0, '31.2': 0, '37.1': 0, '37.2': 0, '47.1': 1, '47.2': 0, '49.1': 0, '53.1': X1, '53.2': X1, '59.1': X1 + 1, '59.2': 0, '67.1': X1, '67.2': X1 + 1, '71.1': X1, '71.2': 0, '89.1': X1, '89.2': X1, '97.1': X1, '97.2': X1 + 1};1;1;x^2 + x + 1
191.1;41;{'3.1': 34, '3.2': 8, '4.1': 23, '5.1': 39, '5.2': 18, '11.1': 9, '23.1': 17, '23.2': 32, '31.1': 9, '31.2': 25, '37.1': 34, '37.2': 16, '47.1': 12, '47.2': 32, '49.1': 34, '53.1': 4, '53.2': 32, '59.1': 24, '59.2': 17, '67.1': 39, '67.2': 24, '71.1': 6, '71.2': 1, '89.1': 24, '89.2': 26, '97.1': 8, '97.2': 5};1;1;x + 40
199.1;131;{'3.1': 36, '3.2': 88, '4.1': 103, '5.1': 111, '5.2': 76, '11.1': 37, '23.1': 107, '23.2': 129, '31.1': 18, '31.2': 52, '37.1': 45, '37.2': 15, '47.1': 111, '47.2': 101, '49.1': 31, '53.1': 77, '53.2': 34, '59.1': 5, '59.2': 130, '67.1': 77, '67.2': 97, '71.1': 66, '71.2': 9, '89.1': 18, '89.2': 27, '97.1': 40, '97.2': 75};1;1;x + 130
201.1;3;{'3.1': 2, '3.2': X1, '4.1': 2*X1 + 2, '5.1': 2*X1, '5.2': 2, '11.1': 2, '23.1': 1, '23.2': 2*X1 + 1, '31.1': X1 + 1, '31.2': 0, '37.1': 2*X1 + 2, '37.2': X1 + 2, '47.1': 2*X1 + 2, '47.2': 2*X1 + 2, '49.1': 2*X1 + 1, '53.1': 2*X1, '53.2': X1 + 1, '59.1': 2*X1 + 2, '59.2': 2*X1 + 1, '67.1': 1, '67.2': 2*X1 + 2, '71.1': X1, '71.2': 2, '89.1': 0, '89.2': X1 + 1, '97.1': 2, '97.2': 2*X1};1;1;x^2 + 2*x + 2
207.2;7;{'3.1': 0, '3.2': 6, '4.1': 4, '5.1': 0, '5.2': 1, '11.1': 6, '23.1': 5, '23.2': 1, '31.1': 1, '31.2': 1, '37.1': 5, '37.2': 0, '47.1': 3, '47.2': 0, '49.1': 6, '53.1': 4, '53.2': 2, '59.1': 5, '59.2': 3, '67.1': 5, '67.2': 3, '71.1': 1, '71.2': 2, '89.1': 0, '89.2': 5, '97.1': 3, '97.2': 5};1;1;x + 6
212.1;2;{'3.1': 0, '3.2': X1, '4.1': 1, '5.1': 0, '5.2': X1, '11.1': X1 + 1, '23.1': X1, '23.2': 0, '31.1': 0, '31.2': X1 + 1, '37.1': X1 + 1, '37.2': X1 + 1, '47.1': X1, '47.2': X1 + 1, '49.1': X1, '53.1': 1, '53.2': 0, '59.1': 0, '59.2': 0, '67.1': 0, '67.2': X1, '71.1': X1 + 1, '71.2': 0, '89.1': 0, '89.2': 0, '97.1': X1 + 1, '97.2': X1};1;2;x^2 + x + 1
213.2;2;{'3.1': 1, '3.2': X1, '4.1': 0, '5.1': X1, '5.2': 0, '11.1': 0, '23.1': X1 + 1, '23.2': X1 + 1, '31.1': X1, '31.2': 0, '37.1': X1, '37.2': X1 + 1, '47.1': X1, '47.2': X1 + 1, '49.1': 0, '53.1': 0, '53.2': 0, '59.1': 0, '59.2': 0, '67.1': 0, '67.2': X1 + 1, '71.1': 0, '71.2': 1, '89.1': 0, '89.2': 0, '97.1': X1 + 1, '97.2': 0};1;1;x^2 + x + 1
213.2;13;{'3.1': 1, '3.2': 7, '4.1': 12, '5.1': 11, '5.2': 7, '11.1': 2, '23.1': 11, '23.2': 6, '31.1': 7, '31.2': 5, '37.1': 11, '37.2': 12, '47.1': 10, '47.2': 5, '49.1': 8, '53.1': 7, '53.2': 4, '59.1': 6, '59.2': 4, '67.1': 1, '67.2': 6, '71.1': 9, '71.2': 12, '89.1': 3, '89.2': 7, '97.1': 11, '97.2': 4};1;1;x + 12
213.1;37;{'3.1': 1, '3.2': 22, '4.1': 24, '5.1': 15, '5.2': 20, '11.1': 17, '23.1': 8, '23.2': 6, '31.1': 35, '31.2': 12, '37.1': 30, '37.2': 28, '47.1': 6, '47.2': 13, '49.1': 25, '53.1': 33, '53.2': 22, '59.1': 15, '59.2': 2, '67.1': 28, '67.2': 28, '71.1': 36, '71.2': 35, '89.1': 9, '89.2': 26, '97.1': 6, '97.2': 13};1;1;x + 36
223.1;2;{'3.1': 0, '3.2': X1, '4.1': X1, '5.1': X1, '5.2': 1, '11.1': X1 + 1, '23.1': 0, '23.2': 1, '31.1': 1, '31.2': X1 + 1, '37.1': 0, '37.2': 1, '47.1': 1, '47.2': X1, '49.1': X1, '53.1': 0, '53.2': 1, '59.1': 1, '59.2': X1 + 1, '67.1': X1 + 1, '67.2': 1, '71.1': X1, '71.2': 1, '89.1': X1 + 1, '89.2': 1, '97.1': X1 + 1, '97.2': 1};1;1;x^2 + x + 1
223.1;719;{'3.1': 533, '3.2': 574, '4.1': 11, '5.1': 128, '5.2': 343, '11.1': 665, '23.1': 243, '23.2': 197, '31.1': 711, '31.2': 665, '37.1': 510, '37.2': 433, '47.1': 505, '47.2': 482, '49.1': 435, '53.1': 95, '53.2': 28, '59.1': 431, '59.2': 226, '67.1': 627, '67.2': 80, '71.1': 263, '71.2': 288, '89.1': 333, '89.2': 633, '97.1': 610, '97.2': 420};1;1;x + 718
229.1;8693;{'3.1': 455, '3.2': 5502, '4.1': 5849, '5.1': 607, '5.2': 321, '11.1': 953, '23.1': 1937, '23.2': 225, '31.1': 2677, '31.2': 4105, '37.1': 4129, '37.2': 4480, '47.1': 144, '47.2': 7720, '49.1': 7565, '53.1': 251, '53.2': 950, '59.1': 2975, '59.2': 6759, '67.1': 6460, '67.2': 4235, '71.1': 420, '71.2': 6473, '89.1': 6643, '89.2': 160, '97.1': 5037, '97.2': 2117};1;1;x + 8692
235.2;3;{'3.1': 2*X1 + 2, '3.2': 2*X1 + 1, '4.1': 2*X1 + 2, '5.1': 2, '5.2': X1 + 2, '11.1': 0, '23.1': X1 + 2, '23.2': 2, '31.1': 1, '31.2': 2*X1 + 2, '37.1': 2*X1, '37.2': X1 + 2, '47.1': 1, '47.2': 2, '49.1': X1, '53.1': X1 + 2, '53.2': 2*X1 + 1, '59.1': 2*X1 + 1, '59.2': X1 + 2, '67.1': X1, '67.2': X1 + 2, '71.1': 1, '71.2': X1 + 2, '89.1': X1, '89.2': 2*X1 + 1, '97.1': 0, '97.2': 2*X1};1;1;x^2 + 2*x + 2
235.2;13;{'3.1': 0, '3.2': 9, '4.1': 9, '5.1': 12, '5.2': 7, '11.1': 8, '23.1': 10, '23.2': 2, '31.1': 4, '31.2': 4, '37.1': 12, '37.2': 9, '47.1': 8, '47.2': 1, '49.1': 11, '53.1': 12, '53.2': 11, '59.1': 1, '59.2': 11, '67.1': 8, '67.2': 12, '71.1': 8, '71.2': 12, '89.1': 1, '89.2': 9, '97.1': 5, '97.2': 2};1;1;x + 12
236.1;19;{'3.1': 6, '3.2': 4, '4.1': 18, '5.1': 3, '5.2': 10, '11.1': 4, '23.1': 7, '23.2': 16, '31.1': 5, '31.2': 3, '37.1': 14, '37.2': 11, '47.1': 12, '47.2': 16, '49.1': 9, '53.1': 3, '53.2': 8, '59.1': 18, '59.2': 14, '67.1': 16, '67.2': 11, '71.1': 18, '71.2': 1, '89.1': 9, '89.2': 6, '97.1': 5, '97.2': 16};1;1;x + 18
236.1;37;{'3.1': 26, '3.2': 20, '4.1': 1, '5.1': 36, '5.2': 6, '11.1': 21, '23.1': 15, '23.2': 6, '31.1': 19, '31.2': 29, '37.1': 18, '37.2': 30, '47.1': 4, '47.2': 36, '49.1': 18, '53.1': 14, '53.2': 3, '59.1': 36, '59.2': 5, '67.1': 24, '67.2': 24, '71.1': 20, '71.2': 25, '89.1': 8, '89.2': 22, '97.1': 19, '97.2': 6};1;1;x + 36
240.2;3;{'3.1': 1, '3.2': 2*X1, '4.1': 0, '5.1': 2*X1, '5.2': 1, '11.1': 2*X1 + 2, '23.1': 2, '23.2': 2, '31.1': 0, '31.2': 1, '37.1': 2*X1 + 2, '37.2': 2*X1, '47.1': X1, '47.2': X1 + 1, '49.1': 2*X1 + 1, '53.1': 0, '53.2': 1, '59.1': 2*X1 + 1, '59.2': 0, '67.1': 2, '67.2': 2*X1, '71.1': 0, '71.2': X1 + 2, '89.1': 1, '89.2': X1 + 2, '97.1': X1 + 1, '97.2': X1 + 1};1;1;x^2 + 2*x + 2
251.1;1229;{'3.1': 795, '3.2': 8, '4.1': 1050, '5.1': 634, '5.2': 231, '11.1': 169, '23.1': 813, '23.2': 524, '31.1': 847, '31.2': 121, '37.1': 336, '37.2': 751, '47.1': 870, '47.2': 579, '49.1': 504, '53.1': 1073, '53.2': 711, '59.1': 447, '59.2': 1031, '67.1': 935, '67.2': 911, '71.1': 592, '71.2': 386, '89.1': 3, '89.2': 974, '97.1': 774, '97.2': 1029};1;1;x + 1228
253.1;41;{'3.1': 18, '3.2': 23, '4.1': 6, '5.1': 8, '5.2': 7, '11.1': 1, '23.1': 40, '23.2': 8, '31.1': 31, '31.2': 14, '37.1': 36, '37.2': 2, '47.1': 19, '47.2': 33, '49.1': 17, '53.1': 2, '53.2': 18, '59.1': 12, '59.2': 16, '67.1': 28, '67.2': 26, '71.1': 38, '71.2': 37, '89.1': 26, '89.2': 25, '97.1': 28, '97.2': 18};1;1;x + 40
257.1;71;{'3.1': 14, '3.2': 6, '4.1': 22, '5.1': 34, '5.2': 44, '11.1': 60, '23.1': 40, '23.2': 47, '31.1': 5, '31.2': 50, '37.1': 67, '37.2': 44, '47.1': 63, '47.2': 67, '49.1': 48, '53.1': 18, '53.2': 27, '59.1': 33, '59.2': 63, '67.1': 51, '67.2': 15, '71.1': 27, '71.2': 2, '89.1': 21, '89.2': 36, '97.1': 12, '97.2': 47};1;1;x + 70
265.1;3;{'3.1': X1, '3.2': 2*X1^2 + X1 + 2, '4.1': X1^2 + 2*X1, '5.1': 2, '5.2': 2*X1 + 2, '11.1': 2*X1^2 + 2*X1 + 2, '23.1': X1 + 2, '23.2': 2*X1^2 + 2*X1, '31.1': 0, '31.2': 2*X1^2 + 2*X1, '37.1': 2*X1^2 + X1 + 1, '37.2': X1 + 1, '47.1': 2*X1^2 + 2*X1 + 2, '47.2': 2*X1, '49.1': 2*X1^2 + 2*X1, '53.1': 1, '53.2': X1 + 2, '59.1': X1^2 + 2, '59.2': X1 + 2, '67.1': 2*X1 + 2, '67.2': 2*X1 + 1, '71.1': 2*X1^2 + 2*X1, '71.2': 2*X1 + 2, '89.1': 2*X1^2 + X1, '89.2': 2*X1^2 + X1, '97.1': 2*X1^2 + 2*X1 + 2, '97.2': 2*X1^2 + X1 + 2};1;1;x^3 + 2*x + 1
265.2;17;{'3.1': 2, '3.2': 6, '4.1': 4, '5.1': 16, '5.2': 13, '11.1': 3, '23.1': 11, '23.2': 8, '31.1': 6, '31.2': 7, '37.1': 1, '37.2': 6, '47.1': 3, '47.2': 10, '49.1': 13, '53.1': 15, '53.2': 16, '59.1': 2, '59.2': 14, '67.1': 8, '67.2': 13, '71.1': 0, '71.2': 5, '89.1': 5, '89.2': 4, '97.1': 15, '97.2': 16};1;1;x + 16
268.1;11;{'3.1': 9, '3.2': 0, '4.1': 1, '5.1': 10, '5.2': 4, '11.1': 7, '23.1': 10, '23.2': 0, '31.1': 7, '31.2': 1, '37.1': 7, '37.2': 0, '47.1': 5, '47.2': 7, '49.1': 5, '53.1': 9, '53.2': 1, '59.1': 1, '59.2': 7, '67.1': 10, '67.2': 0, '71.1': 6, '71.2': 5, '89.1': 0, '89.2': 10, '97.1': 5, '97.2': 10};1;1;x + 10
268.1;23;{'3.1': 21, '3.2': 15, '4.1': 22, '5.1': 4, '5.2': 21, '11.1': 7, '23.1': 3, '23.2': 18, '31.1': 11, '31.2': 6, '37.1': 8, '37.2': 20, '47.1': 4, '47.2': 19, '49.1': 17, '53.1': 19, '53.2': 9, '59.1': 19, '59.2': 3, '67.1': 1, '67.2': 7, '71.1': 0, '71.2': 2, '89.1': 10, '89.2': 3, '97.1': 10, '97.2': 5};1;1;x + 22
269.1;2;{'3.1': 0, '3.2': X1, '4.1': 0, '5.1': X1 + 1, '5.2': X1 + 1, '11.1': X1 + 1, '23.1': 0, '23.2': 0, '31.1': 0, '31.2': X1, '37.1': 0, '37.2': 0, '47.1': 0, '47.2': X1, '49.1': 0, '53.1': 0, '53.2': 0, '59.1': 0, '59.2': 0, '67.1': 0, '67.2': 0, '71.1': X1 + 1, '71.2': 0, '89.1': 0, '89.2': X1 + 1, '97.1': X1 + 1, '97.2': X1};1;1;x^2 + x + 1
269.1;163;{'3.1': 89, '3.2': 32, '4.1': 124, '5.1': 87, '5.2': 1, '11.1': 113, '23.1': 1, '23.2': 134, '31.1': 93, '31.2': 22, '37.1': 88, '37.2': 38, '47.1': 54, '47.2': 72, '49.1': 162, '53.1': 1, '53.2': 140, '59.1': 96, '59.2': 18, '67.1': 142, '67.2': 120, '71.1': 110, '71.2': 85, '89.1': 25, '89.2': 117, '97.1': 48, '97.2': 9};1;1;x + 162
276.1;41;{'3.1': 1, '3.2': 23, '4.1': 40, '5.1': 6, '5.2': 21, '11.1': 40, '23.1': 40, '23.2': 40, '31.1': 5, '31.2': 6, '37.1': 22, '37.2': 3, '47.1': 32, '47.2': 26, '49.1': 17, '53.1': 1, '53.2': 16, '59.1': 31, '59.2': 19, '67.1': 7, '67.2': 1, '71.1': 3, '71.2': 1, '89.1': 21, '89.2': 4, '97.1': 25, '97.2': 9};1;1;x + 40
291.2;61;{'3.1': 1, '3.2': 44, '4.1': 47, '5.1': 24, '5.2': 35, '11.1': 6, '23.1': 59, '23.2': 33, '31.1': 22, '31.2': 48, '37.1': 41, '37.2': 47, '47.1': 25, '47.2': 12, '49.1': 35, '53.1': 27, '53.2': 56, '59.1': 46, '59.2': 52, '67.1': 50, '67.2': 29, '71.1': 34, '71.2': 3, '89.1': 56, '89.2': 17, '97.1': 40, '97.2': 60};1;1;x + 60
295.2;53;{'3.1': 23, '3.2': 33, '4.1': 5, '5.1': 1, '5.2': 52, '11.1': 39, '23.1': 24, '23.2': 28, '31.1': 41, '31.2': 32, '37.1': 41, '37.2': 25, '47.1': 49, '47.2': 48, '49.1': 7, '53.1': 36, '53.2': 41, '59.1': 38, '59.2': 52, '67.1': 32, '67.2': 50, '71.1': 51, '71.2': 8, '89.1': 19, '89.2': 7, '97.1': 27, '97.2': 13};1;1;x + 52
295.1;13;{'3.1': 8, '3.2': 2, '4.1': 10, '5.1': 12, '5.2': 9, '11.1': 12, '23.1': 1, '23.2': 0, '31.1': 4, '31.2': 6, '37.1': 8, '37.2': 0, '47.1': 3, '47.2': 0, '49.1': 2, '53.1': 7, '53.2': 6, '59.1': 1, '59.2': 2, '67.1': 8, '67.2': 10, '71.1': 9, '71.2': 2, '89.1': 1, '89.2': 9, '97.1': 9, '97.2': 6};1;1;x + 12
297.1;2;{'3.1': 0, '3.2': 0, '4.1': X1, '5.1': 0, '5.2': 1, '11.1': 1, '23.1': 0, '23.2': 1, '31.1': 0, '31.2': 0, '37.1': 0, '37.2': 0, '47.1': 0, '47.2': 1, '49.1': 0, '53.1': 0, '53.2': 1, '59.1': 0, '59.2': 1, '67.1': 0, '67.2': 0, '71.1': 1, '71.2': 0, '89.1': 1, '89.2': 0, '97.1': 1, '97.2': 1};1;1;x^2 + x + 1
309.2;11;{'3.1': 10, '3.2': 1, '4.1': 9, '5.1': 3, '5.2': 5, '11.1': 3, '23.1': 1, '23.2': 2, '31.1': 7, '31.2': 0, '37.1': 0, '37.2': 5, '47.1': 6, '47.2': 9, '49.1': 5, '53.1': 3, '53.2': 5, '59.1': 6, '59.2': 7, '67.1': 2, '67.2': 7, '71.1': 1, '71.2': 7, '89.1': 10, '89.2': 8, '97.1': 9, '97.2': 3};1;1;x + 10
309.2;23;{'3.1': 1, '3.2': 9, '4.1': 16, '5.1': 2, '5.2': 17, '11.1': 16, '23.1': 4, '23.2': 20, '31.1': 11, '31.2': 6, '37.1': 13, '37.2': 17, '47.1': 22, '47.2': 4, '49.1': 19, '53.1': 17, '53.2': 12, '59.1': 14, '59.2': 0, '67.1': 16, '67.2': 13, '71.1': 19, '71.2': 18, '89.1': 4, '89.2': 5, '97.1': 14, '97.2': 4};1;1;x + 22
311.1;59;{'3.1': 29, '3.2': 42, '4.1': 10, '5.1': 48, '5.2': 54, '11.1': 46, '23.1': 50, '23.2': 57, '31.1': 58, '31.2': 5, '37.1': 57, '37.2': 18, '47.1': 0, '47.2': 58, '49.1': 37, '53.1': 48, '53.2': 27, '59.1': 29, '59.2': 32, '67.1': 47, '67.2': 46, '71.1': 46, '71.2': 45, '89.1': 10, '89.2': 58, '97.1': 23, '97.2': 8};1;1;x + 58
311.1;79;{'3.1': 63, '3.2': 6, '4.1': 35, '5.1': 47, '5.2': 21, '11.1': 28, '23.1': 73, '23.2': 15, '31.1': 19, '31.2': 72, '37.1': 66, '37.2': 1, '47.1': 33, '47.2': 30, '49.1': 69, '53.1': 25, '53.2': 64, '59.1': 26, '59.2': 67, '67.1': 67, '67.2': 54, '71.1': 48, '71.2': 21, '89.1': 32, '89.2': 29, '97.1': 42, '97.2': 76};1;1;x + 78
313.1;17;{'3.1': 5, '3.2': 5, '4.1': 14, '5.1': 13, '5.2': 7, '11.1': 16, '23.1': 0, '23.2': 2, '31.1': 16, '31.2': 11, '37.1': 12, '37.2': 13, '47.1': 16, '47.2': 13, '49.1': 0, '53.1': 6, '53.2': 10, '59.1': 16, '59.2': 5, '67.1': 16, '67.2': 10, '71.1': 7, '71.2': 16, '89.1': 14, '89.2': 16, '97.1': 5, '97.2': 10};1;1;x + 16
313.1;17;{'3.1': 2, '3.2': 6, '4.1': 2, '5.1': 6, '5.2': 10, '11.1': 6, '23.1': 9, '23.2': 7, '31.1': 2, '31.2': 0, '37.1': 16, '37.2': 15, '47.1': 11, '47.2': 1, '49.1': 11, '53.1': 8, '53.2': 2, '59.1': 0, '59.2': 5, '67.1': 3, '67.2': 13, '71.1': 5, '71.2': 4, '89.1': 9, '89.2': 14, '97.1': 9, '97.2': 1};1;1;x + 16
317.1;1103;{'3.1': 216, '3.2': 677, '4.1': 1048, '5.1': 881, '5.2': 979, '11.1': 455, '23.1': 404, '23.2': 944, '31.1': 1087, '31.2': 504, '37.1': 480, '37.2': 5, '47.1': 529, '47.2': 709, '49.1': 541, '53.1': 889, '53.2': 755, '59.1': 972, '59.2': 688, '67.1': 47, '67.2': 206, '71.1': 1073, '71.2': 788, '89.1': 680, '89.2': 127, '97.1': 882, '97.2': 333};1;1;x + 1102
331.1;13;{'3.1': 11, '3.2': 9, '4.1': 7, '5.1': 6, '5.2': 12, '11.1': 3, '23.1': 11, '23.2': 2, '31.1': 3, '31.2': 11, '37.1': 12, '37.2': 9, '47.1': 3, '47.2': 9, '49.1': 1, '53.1': 12, '53.2': 4, '59.1': 5, '59.2': 0, '67.1': 5, '67.2': 10, '71.1': 7, '71.2': 2, '89.1': 0, '89.2': 8, '97.1': 2, '97.2': 2};1;1;x + 12
331.1;17077;{'3.1': 9671, '3.2': 13097, '4.1': 10591, '5.1': 7044, '5.2': 13648, '11.1': 198, '23.1': 1691, '23.2': 9521, '31.1': 1337, '31.2': 15580, '37.1': 8338, '37.2': 11776, '47.1': 7088, '47.2': 13888, '49.1': 11824, '53.1': 9759, '53.2': 3443, '59.1': 8246, '59.2': 10370, '67.1': 6275, '67.2': 9975, '71.1': 70, '71.2': 3157, '89.1': 13605, '89.2': 1930, '97.1': 7753, '97.2': 7581};1;1;x + 17076
333.1;29;{'3.1': 0, '3.2': 25, '4.1': 11, '5.1': 2, '5.2': 19, '11.1': 8, '23.1': 25, '23.2': 26, '31.1': 5, '31.2': 9, '37.1': 1, '37.2': 17, '47.1': 14, '47.2': 23, '49.1': 6, '53.1': 23, '53.2': 3, '59.1': 23, '59.2': 27, '67.1': 28, '67.2': 14, '71.1': 14, '71.2': 14, '89.1': 25, '89.2': 20, '97.1': 16, '97.2': 17};1;1;x + 28
335.1;7;{'3.1': 2, '3.2': 0, '4.1': 3, '5.1': 1, '5.2': 4, '11.1': 6, '23.1': 2, '23.2': 6, '31.1': 2, '31.2': 3, '37.1': 3, '37.2': 3, '47.1': 1, '47.2': 1, '49.1': 1, '53.1': 4, '53.2': 1, '59.1': 4, '59.2': 1, '67.1': 1, '67.2': 5, '71.1': 4, '71.2': 6, '89.1': 4, '89.2': 5, '97.1': 4, '97.2': 4};1;1;x + 6
335.1;11;{'3.1': 9, '3.2': 1, '4.1': 8, '5.1': 1, '5.2': 3, '11.1': 7, '23.1': 5, '23.2': 8, '31.1': 7, '31.2': 2, '37.1': 0, '37.2': 0, '47.1': 7, '47.2': 9, '49.1': 4, '53.1': 0, '53.2': 7, '59.1': 2, '59.2': 2, '67.1': 10, '67.2': 3, '71.1': 0, '71.2': 10, '89.1': 10, '89.2': 9, '97.1': 5, '97.2': 7};1;1;x + 10
335.1;13;{'3.1': 6, '3.2': 6, '4.1': 12, '5.1': 12, '5.2': 2, '11.1': 11, '23.1': 3, '23.2': 9, '31.1': 10, '31.2': 5, '37.1': 1, '37.2': 8, '47.1': 0, '47.2': 3, '49.1': 12, '53.1': 7, '53.2': 2, '59.1': 4, '59.2': 9, '67.1': 12, '67.2': 3, '71.1': 2, '71.2': 0, '89.1': 10, '89.2': 11, '97.1': 10, '97.2': 0};1;1;x + 12
335.1;29;{'3.1': 10, '3.2': 14, '4.1': 10, '5.1': 1, '5.2': 4, '11.1': 19, '23.1': 20, '23.2': 9, '31.1': 10, '31.2': 15, '37.1': 7, '37.2': 21, '47.1': 27, '47.2': 8, '49.1': 12, '53.1': 6, '53.2': 1, '59.1': 15, '59.2': 1, '67.1': 28, '67.2': 8, '71.1': 25, '71.2': 21, '89.1': 21, '89.2': 26, '97.1': 25, '97.2': 20};1;1;x + 28
335.2;2;{'3.1': 1, '3.2': 1, '4.1': X1, '5.1': 1, '5.2': X1, '11.1': 1, '23.1': 0, '23.2': X1, '31.1': X1 + 1, '31.2': X1 + 1, '37.1': X1 + 1, '37.2': X1 + 1, '47.1': X1 + 1, '47.2': X1 + 1, '49.1': X1 + 1, '53.1': 0, '53.2': 1, '59.1': X1, '59.2': X1, '67.1': X1 + 1, '67.2': 1, '71.1': 1, '71.2': 1, '89.1': X1 + 1, '89.2': 0, '97.1': 0, '97.2': 0};1;2;x^2 + x + 1
335.2;11;{'3.1': 6, '3.2': 2, '4.1': 10, '5.1': 1, '5.2': 8, '11.1': 8, '23.1': 4, '23.2': 0, '31.1': 6, '31.2': 2, '37.1': 8, '37.2': 8, '47.1': 2, '47.2': 7, '49.1': 6, '53.1': 4, '53.2': 2, '59.1': 6, '59.2': 2, '67.1': 3, '67.2': 10, '71.1': 1, '71.2': 8, '89.1': 2, '89.2': 1, '97.1': 10, '97.2': 10};1;1;x + 10
335.2;79;{'3.1': 29, '3.2': 31, '4.1': 36, '5.1': 78, '5.2': 59, '11.1': 26, '23.1': 24, '23.2': 17, '31.1': 68, '31.2': 43, '37.1': 44, '37.2': 76, '47.1': 66, '47.2': 76, '49.1': 66, '53.1': 59, '53.2': 78, '59.1': 58, '59.2': 63, '67.1': 34, '67.2': 1, '71.1': 30, '71.2': 39, '89.1': 67, '89.2': 53, '97.1': 20, '97.2': 65};1;1;x + 78
339.1;107;{'3.1': 106, '3.2': 51, '4.1': 22, '5.1': 90, '5.2': 61, '11.1': 35, '23.1': 95, '23.2': 64, '31.1': 61, '31.2': 67, '37.1': 51, '37.2': 52, '47.1': 47, '47.2': 93, '49.1': 92, '53.1': 8, '53.2': 36, '59.1': 96, '59.2': 66, '67.1': 47, '67.2': 10, '71.1': 55, '71.2': 42, '89.1': 3, '89.2': 45, '97.1': 95, '97.2': 92};1;1;x + 106
339.1;193;{'3.1': 1, '3.2': 70, '4.1': 12, '5.1': 58, '5.2': 130, '11.1': 84, '23.1': 62, '23.2': 108, '31.1': 133, '31.2': 20, '37.1': 189, '37.2': 113, '47.1': 176, '47.2': 7, '49.1': 185, '53.1': 156, '53.2': 57, '59.1': 73, '59.2': 160, '67.1': 80, '67.2': 167, '71.1': 78, '71.2': 95, '89.1': 25, '89.2': 191, '97.1': 171, '97.2': 185};1;1;x + 192
339.2;71;{'3.1': 70, '3.2': 53, '4.1': 23, '5.1': 53, '5.2': 57, '11.1': 8, '23.1': 50, '23.2': 41, '31.1': 12, '31.2': 25, '37.1': 35, '37.2': 63, '47.1': 22, '47.2': 63, '49.1': 24, '53.1': 55, '53.2': 33, '59.1': 43, '59.2': 18, '67.1': 8, '67.2': 49, '71.1': 61, '71.2': 9, '89.1': 36, '89.2': 50, '97.1': 5, '97.2': 24};1;1;x + 70
341.1;1069;{'3.1': 646, '3.2': 318, '4.1': 477, '5.1': 1026, '5.2': 811, '11.1': 1068, '23.1': 53, '23.2': 530, '31.1': 1, '31.2': 292, '37.1': 68, '37.2': 211, '47.1': 381, '47.2': 439, '49.1': 315, '53.1': 936, '53.2': 157, '59.1': 1021, '59.2': 419, '67.1': 889, '67.2': 814, '71.1': 246, '71.2': 847, '89.1': 741, '89.2': 81, '97.1': 564, '97.2': 882};1;1;x + 1068
345.4;19;{'3.1': 18, '3.2': 3, '4.1': 8, '5.1': 5, '5.2': 18, '11.1': 15, '23.1': 18, '23.2': 1, '31.1': 10, '31.2': 13, '37.1': 4, '37.2': 11, '47.1': 14, '47.2': 2, '49.1': 18, '53.1': 7, '53.2': 0, '59.1': 2, '59.2': 11, '67.1': 10, '67.2': 14, '71.1': 7, '71.2': 2, '89.1': 18, '89.2': 13, '97.1': 8, '97.2': 11};1;1;x + 18
353.1;43;{'3.1': 10, '3.2': 7, '4.1': 38, '5.1': 35, '5.2': 34, '11.1': 11, '23.1': 19, '23.2': 18, '31.1': 21, '31.2': 36, '37.1': 26, '37.2': 2, '47.1': 8, '47.2': 39, '49.1': 24, '53.1': 36, '53.2': 20, '59.1': 12, '59.2': 25, '67.1': 25, '67.2': 40, '71.1': 28, '71.2': 15, '89.1': 34, '89.2': 12, '97.1': 40, '97.2': 36};1;1;x + 42
353.1;79;{'3.1': 49, '3.2': 4, '4.1': 49, '5.1': 78, '5.2': 49, '11.1': 57, '23.1': 10, '23.2': 12, '31.1': 61, '31.2': 55, '37.1': 67, '37.2': 70, '47.1': 6, '47.2': 48, '49.1': 58, '53.1': 47, '53.2': 75, '59.1': 40, '59.2': 7, '67.1': 72, '67.2': 29, '71.1': 16, '71.2': 47, '89.1': 18, '89.2': 72, '97.1': 31, '97.2': 68};1;1;x + 78
355.1;3;{'3.1': X1, '3.2': 2*X1^2 + 2, '4.1': X1^2 + X1 + 2, '5.1': 1, '5.2': X1^2 + 2*X1 + 2, '11.1': 2*X1^2 + X1, '23.1': X1^2, '23.2': 2*X1^2, '31.1': X1 + 1, '31.2': 2*X1^2 + 2*X1, '37.1': X1 + 2, '37.2': 2*X1^2 + X1, '47.1': 2*X1 + 1, '47.2': 2*X1^2 + X1 + 1, '49.1': X1^2, '53.1': X1, '53.2': X1^2 + 1, '59.1': X1^2 + X1 + 2, '59.2': X1^2 + 2*X1 + 2, '67.1': 2*X1 + 1, '67.2': 2*X1^2 + X1 + 1, '71.1': 1, '71.2': 2*X1^2 + 2, '89.1': 2*X1, '89.2': 2*X1^2, '97.1': 2*X1 + 2, '97.2': 2*X1^2 + X1};1;1;x^3 + 2*x + 1
355.1;23;{'3.1': 20, '3.2': 9, '4.1': 4, '5.1': 1, '5.2': 14, '11.1': 20, '23.1': 21, '23.2': 16, '31.1': 12, '31.2': 15, '37.1': 8, '37.2': 17, '47.1': 21, '47.2': 0, '49.1': 19, '53.1': 11, '53.2': 21, '59.1': 8, '59.2': 10, '67.1': 10, '67.2': 17, '71.1': 22, '71.2': 1, '89.1': 21, '89.2': 5, '97.1': 6, '97.2': 19};1;1;x + 22
355.1;101;{'3.1': 58, '3.2': 96, '4.1': 70, '5.1': 100, '5.2': 2, '11.1': 84, '23.1': 10, '23.2': 71, '31.1': 8, '31.2': 4, '37.1': 61, '37.2': 91, '47.1': 36, '47.2': 4, '49.1': 71, '53.1': 28, '53.2': 41, '59.1': 44, '59.2': 11, '67.1': 75, '67.2': 77, '71.1': 1, '71.2': 4, '89.1': 43, '89.2': 57, '97.1': 60, '97.2': 79};1;1;x + 100
355.2;2909;{'3.1': 1795, '3.2': 2625, '4.1': 2187, '5.1': 2908, '5.2': 840, '11.1': 1034, '23.1': 1190, '23.2': 1832, '31.1': 1885, '31.2': 1914, '37.1': 2064, '37.2': 2135, '47.1': 166, '47.2': 87, '49.1': 1736, '53.1': 2096, '53.2': 738, '59.1': 1931, '59.2': 2867, '67.1': 2093, '67.2': 985, '71.1': 2005, '71.2': 1, '89.1': 2429, '89.2': 650, '97.1': 2099, '97.2': 2698};1;1;x + 2908
361.1;2;{'3.1': X1, '3.2': X1, '4.1': 1, '5.1': X1, '5.2': X1, '11.1': 0, '23.1': 0, '23.2': 0, '31.1': X1 + 1, '31.2': X1 + 1, '37.1': 0, '37.2': 0, '47.1': 0, '47.2': 0, '49.1': X1, '53.1': 0, '53.2': 0, '59.1': 0, '59.2': 0, '67.1': X1 + 1, '67.2': X1 + 1, '71.1': X1, '71.2': X1, '89.1': 0, '89.2': 0, '97.1': 0, '97.2': 0};1;2;x^2 + x + 1
367.1;23;{'3.1': 7, '3.2': 12, '4.1': 16, '5.1': 12, '5.2': 21, '11.1': 13, '23.1': 7, '23.2': 5, '31.1': 15, '31.2': 11, '37.1': 2, '37.2': 11, '47.1': 4, '47.2': 12, '49.1': 3, '53.1': 9, '53.2': 5, '59.1': 21, '59.2': 1, '67.1': 2, '67.2': 12, '71.1': 0, '71.2': 0, '89.1': 20, '89.2': 15, '97.1': 22, '97.2': 13};1;1;x + 22
367.1;77263;{'3.1': 45468, '3.2': 4194, '4.1': 35329, '5.1': 14273, '5.2': 58510, '11.1': 68672, '23.1': 419, '23.2': 62724, '31.1': 29244, '31.2': 72058, '37.1': 8141, '37.2': 13067, '47.1': 35897, '47.2': 29111, '49.1': 42063, '53.1': 40646, '53.2': 69462, '59.1': 3645, '59.2': 27302, '67.1': 47028, '67.2': 71982, '71.1': 64651, '71.2': 29893, '89.1': 28140, '89.2': 7041, '97.1': 28637, '97.2': 26560};1;1;x + 77262
372.1;3;{'3.1': 1, '3.2': 2*X1, '4.1': 1, '5.1': X1 + 1, '5.2': X1, '11.1': 2*X1, '23.1': 2, '23.2': 2*X1 + 1, '31.1': 1, '31.2': 2, '37.1': X1 + 2, '37.2': X1 + 2, '47.1': X1, '47.2': 0, '49.1': X1, '53.1': X1 + 1, '53.2': 2*X1 + 2, '59.1': X1 + 2, '59.2': 0, '67.1': X1, '67.2': X1 + 2, '71.1': 1, '71.2': 2*X1 + 2, '89.1': 2*X1 + 2, '89.2': 2*X1, '97.1': 0, '97.2': 1};1;1;x^2 + 2*x + 2
375.1;19;{'3.1': 1, '3.2': 3, '4.1': 5, '5.1': 0, '5.2': 18, '11.1': 8, '23.1': 1, '23.2': 6, '31.1': 12, '31.2': 15, '37.1': 2, '37.2': 17, '47.1': 4, '47.2': 18, '49.1': 14, '53.1': 16, '53.2': 9, '59.1': 10, '59.2': 15, '67.1': 10, '67.2': 0, '71.1': 3, '71.2': 7, '89.1': 1, '89.2': 18, '97.1': 13, '97.2': 6};1;1;x + 18
375.1;19;{'3.1': 1, '3.2': 16, '4.1': 14, '5.1': 0, '5.2': 1, '11.1': 11, '23.1': 18, '23.2': 6, '31.1': 7, '31.2': 4, '37.1': 2, '37.2': 2, '47.1': 4, '47.2': 1, '49.1': 5, '53.1': 16, '53.2': 10, '59.1': 10, '59.2': 15, '67.1': 9, '67.2': 0, '71.1': 3, '71.2': 7, '89.1': 18, '89.2': 1, '97.1': 6, '97.2': 6};1;1;x + 18
379.1;47;{'3.1': 12, '3.2': 15, '4.1': 27, '5.1': 37, '5.2': 24, '11.1': 29, '23.1': 13, '23.2': 22, '31.1': 8, '31.2': 6, '37.1': 5, '37.2': 23, '47.1': 38, '47.2': 21, '49.1': 35, '53.1': 25, '53.2': 36, '59.1': 18, '59.2': 1, '67.1': 0, '67.2': 21, '71.1': 34, '71.2': 26, '89.1': 13, '89.2': 41, '97.1': 9, '97.2': 10};1;1;x + 46
379.1;307;{'3.1': 118, '3.2': 169, '4.1': 240, '5.1': 197, '5.2': 6, '11.1': 125, '23.1': 169, '23.2': 94, '31.1': 153, '31.2': 258, '37.1': 160, '37.2': 255, '47.1': 94, '47.2': 112, '49.1': 167, '53.1': 5, '53.2': 124, '59.1': 202, '59.2': 128, '67.1': 71, '67.2': 91, '71.1': 58, '71.2': 148, '89.1': 156, '89.2': 32, '97.1': 286, '97.2': 93};1;1;x + 306
383.1;173;{'3.1': 112, '3.2': 52, '4.1': 145, '5.1': 65, '5.2': 73, '11.1': 16, '23.1': 126, '23.2': 67, '31.1': 18, '31.2': 104, '37.1': 152, '37.2': 79, '47.1': 30, '47.2': 152, '49.1': 66, '53.1': 59, '53.2': 165, '59.1': 4, '59.2': 78, '67.1': 70, '67.2': 38, '71.1': 105, '71.2': 50, '89.1': 12, '89.2': 168, '97.1': 167, '97.2': 56};1;1;x + 172
383.1;277;{'3.1': 237, '3.2': 222, '4.1': 183, '5.1': 27, '5.2': 221, '11.1': 172, '23.1': 224, '23.2': 28, '31.1': 158, '31.2': 203, '37.1': 155, '37.2': 273, '47.1': 41, '47.2': 274, '49.1': 245, '53.1': 253, '53.2': 246, '59.1': 135, '59.2': 210, '67.1': 230, '67.2': 6, '71.1': 22, '71.2': 262, '89.1': 145, '89.2': 181, '97.1': 63, '97.2': 88};1;1;x + 276
389.1;181;{'3.1': 170, '3.2': 167, '4.1': 130, '5.1': 29, '5.2': 74, '11.1': 76, '23.1': 157, '23.2': 85, '31.1': 38, '31.2': 119, '37.1': 43, '37.2': 124, '47.1': 128, '47.2': 83, '49.1': 119, '53.1': 52, '53.2': 16, '59.1': 27, '59.2': 177, '67.1': 130, '67.2': 49, '71.1': 16, '71.2': 78, '89.1': 50, '89.2': 113, '97.1': 5, '97.2': 0};1;1;x + 180
389.1;10663;{'3.1': 1900, '3.2': 10203, '4.1': 3274, '5.1': 2275, '5.2': 8751, '11.1': 10463, '23.1': 4759, '23.2': 1624, '31.1': 8585, '31.2': 8315, '37.1': 5257, '37.2': 430, '47.1': 6841, '47.2': 10574, '49.1': 9622, '53.1': 9945, '53.2': 10316, '59.1': 722, '59.2': 8322, '67.1': 8257, '67.2': 6019, '71.1': 369, '71.2': 2635, '89.1': 2703, '89.2': 1980, '97.1': 1539, '97.2': 9299};1;1;x + 10662
397.1;2;{'3.1': 0, '3.2': 0, '4.1': 0, '5.1': 0, '5.2': X1, '11.1': 0, '23.1': 0, '23.2': 0, '31.1': X1, '31.2': X1 + 1, '37.1': 0, '37.2': 0, '47.1': 0, '47.2': 0, '49.1': 0, '53.1': X1 + 1, '53.2': 0, '59.1': 0, '59.2': X1 + 1, '67.1': X1 + 1, '67.2': X1, '71.1': 0, '71.2': X1, '89.1': X1 + 1, '89.2': 0, '97.1': X1 + 1, '97.2': X1 + 1};1;3;x^2 + x + 1
397.1;67;{'3.1': 39, '3.2': 29, '4.1': 12, '5.1': 41, '5.2': 55, '11.1': 20, '23.1': 23, '23.2': 65, '31.1': 61, '31.2': 5, '37.1': 45, '37.2': 26, '47.1': 51, '47.2': 32, '49.1': 7, '53.1': 27, '53.2': 43, '59.1': 47, '59.2': 44, '67.1': 20, '67.2': 8, '71.1': 58, '71.2': 53, '89.1': 25, '89.2': 27, '97.1': 55, '97.2': 54};1;1;x + 66
397.1;1297;{'3.1': 183, '3.2': 353, '4.1': 439, '5.1': 872, '5.2': 506, '11.1': 1035, '23.1': 1073, '23.2': 684, '31.1': 952, '31.2': 892, '37.1': 1108, '37.2': 288, '47.1': 1000, '47.2': 686, '49.1': 1150, '53.1': 625, '53.2': 1178, '59.1': 980, '59.2': 36, '67.1': 238, '67.2': 90, '71.1': 756, '71.2': 727, '89.1': 581, '89.2': 198, '97.1': 1118, '97.2': 198};1;1;x + 1296
401.1;29;{'3.1': 25*X1 + 4, '3.2': 13*X1 + 17, '4.1': 27*X1 + 21, '5.1': 6*X1 + 7, '5.2': 22*X1, '11.1': 18*X1 + 5, '23.1': 26*X1 + 8, '23.2': 9*X1 + 23, '31.1': 13*X1 + 9, '31.2': 12*X1 + 28, '37.1': 26*X1 + 6, '37.2': 6*X1 + 14, '47.1': 5*X1, '47.2': 22*X1 + 28, '49.1': 27*X1 + 24, '53.1': 26*X1 + 14, '53.2': 25*X1 + 3, '59.1': 19*X1 + 10, '59.2': 8*X1 + 17, '67.1': 20*X1 + 10, '67.2': 16*X1 + 5, '71.1': 21*X1 + 27, '71.2': 17*X1 + 11, '89.1': 12, '89.2': 3*X1 + 6, '97.1': 5*X1 + 15, '97.2': 12};1;1;x^2 + 24*x + 2
407.1;127;{'3.1': 57, '3.2': 7, '4.1': 24, '5.1': 3, '5.2': 29, '11.1': 126, '23.1': 118, '23.2': 101, '31.1': 28, '31.2': 98, '37.1': 1, '37.2': 96, '47.1': 60, '47.2': 30, '49.1': 111, '53.1': 7, '53.2': 30, '59.1': 102, '59.2': 94, '67.1': 122, '67.2': 98, '71.1': 123, '71.2': 83, '89.1': 106, '89.2': 21, '97.1': 101, '97.2': 91};1;1;x + 126
411.1;23;{'3.1': 1, '3.2': 2, '4.1': 22, '5.1': 16, '5.2': 19, '11.1': 12, '23.1': 5, '23.2': 14, '31.1': 15, '31.2': 2, '37.1': 22, '37.2': 17, '47.1': 12, '47.2': 17, '49.1': 12, '53.1': 16, '53.2': 18, '59.1': 4, '59.2': 21, '67.1': 16, '67.2': 21, '71.1': 1, '71.2': 22, '89.1': 6, '89.2': 15, '97.1': 7, '97.2': 15};1;1;x + 22
411.2;239;{'3.1': 238, '3.2': 135, '4.1': 79, '5.1': 54, '5.2': 229, '11.1': 55, '23.1': 214, '23.2': 95, '31.1': 171, '31.2': 189, '37.1': 50, '37.2': 57, '47.1': 122, '47.2': 14, '49.1': 60, '53.1': 114, '53.2': 173, '59.1': 76, '59.2': 183, '67.1': 130, '67.2': 48, '71.1': 19, '71.2': 104, '89.1': 217, '89.2': 71, '97.1': 170, '97.2': 171};1;1;x + 238
411.2;263;{'3.1': 1, '3.2': 199, '4.1': 117, '5.1': 214, '5.2': 39, '11.1': 153, '23.1': 202, '23.2': 185, '31.1': 51, '31.2': 223, '37.1': 100, '37.2': 28, '47.1': 237, '47.2': 198, '49.1': 88, '53.1': 258, '53.2': 133, '59.1': 101, '59.2': 92, '67.1': 109, '67.2': 18, '71.1': 48, '71.2': 174, '89.1': 142, '89.2': 54, '97.1': 58, '97.2': 183};1;1;x + 262
412.1;17;{'3.1': 11, '3.2': 5, '4.1': 16, '5.1': 2, '5.2': 3, '11.1': 13, '23.1': 5, '23.2': 7, '31.1': 16, '31.2': 5, '37.1': 9, '37.2': 11, '47.1': 5, '47.2': 4, '49.1': 6, '53.1': 10, '53.2': 2, '59.1': 13, '59.2': 16, '67.1': 3, '67.2': 13, '71.1': 5, '71.2': 5, '89.1': 1, '89.2': 1, '97.1': 9, '97.2': 11};1;1;x + 16
412.1;1523;{'3.1': 260, '3.2': 875, '4.1': 1, '5.1': 625, '5.2': 287, '11.1': 950, '23.1': 594, '23.2': 1252, '31.1': 646, '31.2': 922, '37.1': 551, '37.2': 28, '47.1': 1329, '47.2': 1072, '49.1': 116, '53.1': 893, '53.2': 457, '59.1': 978, '59.2': 463, '67.1': 515, '67.2': 1077, '71.1': 17, '71.2': 825, '89.1': 277, '89.2': 483, '97.1': 1473, '97.2': 451};1;1;x + 1522
419.1;11;{'3.1': 4, '3.2': 8, '4.1': 0, '5.1': 6, '5.2': 9, '11.1': 0, '23.1': 0, '23.2': 4, '31.1': 2, '31.2': 1, '37.1': 5, '37.2': 10, '47.1': 0, '47.2': 0, '49.1': 8, '53.1': 5, '53.2': 10, '59.1': 8, '59.2': 0, '67.1': 10, '67.2': 7, '71.1': 9, '71.2': 4, '89.1': 2, '89.2': 10, '97.1': 4, '97.2': 3};1;1;x + 10
419.1;17;{'3.1': 6, '3.2': 14, '4.1': 16, '5.1': 4, '5.2': 15, '11.1': 4, '23.1': 15, '23.2': 10, '31.1': 2, '31.2': 11, '37.1': 15, '37.2': 15, '47.1': 11, '47.2': 7, '49.1': 11, '53.1': 5, '53.2': 1, '59.1': 1, '59.2': 7, '67.1': 9, '67.2': 14, '71.1': 12, '71.2': 5, '89.1': 4, '89.2': 5, '97.1': 4, '97.2': 4};1;1;x + 16
419.1;43;{'3.1': 14, '3.2': 33, '4.1': 36, '5.1': 9, '5.2': 30, '11.1': 23, '23.1': 14, '23.2': 32, '31.1': 32, '31.2': 2, '37.1': 21, '37.2': 10, '47.1': 6, '47.2': 4, '49.1': 3, '53.1': 3, '53.2': 0, '59.1': 27, '59.2': 0, '67.1': 29, '67.2': 24, '71.1': 3, '71.2': 20, '89.1': 37, '89.2': 4, '97.1': 0, '97.2': 13};1;1;x + 42
421.1;13;{'3.1': 7, '3.2': 11, '4.1': 5, '5.1': 10, '5.2': 5, '11.1': 3, '23.1': 1, '23.2': 12, '31.1': 5, '31.2': 10, '37.1': 0, '37.2': 8, '47.1': 10, '47.2': 9, '49.1': 7, '53.1': 12, '53.2': 4, '59.1': 4, '59.2': 1, '67.1': 3, '67.2': 2, '71.1': 10, '71.2': 8, '89.1': 9, '89.2': 10, '97.1': 10, '97.2': 6};1;1;x + 12
421.1;41;{'3.1': 22, '3.2': 24, '4.1': 32, '5.1': 36, '5.2': 36, '11.1': 22, '23.1': 35, '23.2': 28, '31.1': 16, '31.2': 13, '37.1': 30, '37.2': 23, '47.1': 8, '47.2': 37, '49.1': 9, '53.1': 32, '53.2': 13, '59.1': 17, '59.2': 17, '67.1': 24, '67.2': 12, '71.1': 21, '71.2': 15, '89.1': 22, '89.2': 33, '97.1': 2, '97.2': 5};1;1;x + 40
421.1;547;{'3.1': 235, '3.2': 48, '4.1': 293, '5.1': 383, '5.2': 215, '11.1': 284, '23.1': 192, '23.2': 243, '31.1': 271, '31.2': 337, '37.1': 331, '37.2': 308, '47.1': 524, '47.2': 70, '49.1': 466, '53.1': 49, '53.2': 500, '59.1': 298, '59.2': 507, '67.1': 194, '67.2': 394, '71.1': 477, '71.2': 227, '89.1': 133, '89.2': 455, '97.1': 370, '97.2': 65};1;1;x + 546
423.1;3;{'3.1': 0, '3.2': 2*X1 + 1, '4.1': X1^2 + X1 + 2, '5.1': 2*X1^2 + X1 + 2, '5.2': X1^2 + 2*X1, '11.1': 2*X1^2, '23.1': X1 + 2, '23.2': 2*X1^2 + 2*X1 + 1, '31.1': 2*X1^2 + 2*X1, '31.2': X1^2 + X1 + 2, '37.1': X1 + 1, '37.2': X1^2 + 2*X1 + 2, '47.1': 2, '47.2': 2*X1^2 + 2, '49.1': 2*X1^2 + 2*X1 + 1, '53.1': 2*X1^2 + 2, '53.2': 1, '59.1': 2*X1^2 + X1 + 2, '59.2': X1^2 + 1, '67.1': 2*X1^2 + 2*X1, '67.2': 2*X1^2 + 2*X1 + 1, '71.1': X1^2, '71.2': X1 + 1, '89.1': 2*X1^2 + X1 + 1, '89.2': 2*X1^2 + 2*X1 + 1, '97.1': X1^2 + X1 + 1, '97.2': X1^2 + X1 + 1};1;1;x^3 + 2*x + 1
423.2;109;{'3.1': 0, '3.2': 4, '4.1': 84, '5.1': 41, '5.2': 66, '11.1': 65, '23.1': 95, '23.2': 73, '31.1': 36, '31.2': 61, '37.1': 84, '37.2': 39, '47.1': 35, '47.2': 1, '49.1': 42, '53.1': 105, '53.2': 32, '59.1': 40, '59.2': 80, '67.1': 73, '67.2': 89, '71.1': 7, '71.2': 95, '89.1': 22, '89.2': 50, '97.1': 11, '97.2': 46};1;1;x + 108
433.1;709;{'3.1': 98, '3.2': 47, '4.1': 705, '5.1': 468, '5.2': 288, '11.1': 571, '23.1': 600, '23.2': 315, '31.1': 271, '31.2': 444, '37.1': 478, '37.2': 313, '47.1': 563, '47.2': 490, '49.1': 541, '53.1': 595, '53.2': 530, '59.1': 503, '59.2': 119, '67.1': 187, '67.2': 104, '71.1': 134, '71.2': 686, '89.1': 629, '89.2': 20, '97.1': 187, '97.2': 141};1;1;x + 708
441.2;2;{'3.1': 1, '3.2': 1, '4.1': X1, '5.1': 1, '5.2': 1, '11.1': 0, '23.1': 0, '23.2': 0, '31.1': 0, '31.2': 0, '37.1': 1, '37.2': 1, '47.1': 1, '47.2': 1, '49.1': 1, '53.1': 0, '53.2': 0, '59.1': 1, '59.2': 1, '67.1': 1, '67.2': 1, '71.1': 0, '71.2': 0, '89.1': 0, '89.2': 0, '97.1': 0, '97.2': 0};1;2;x^2 + x + 1
443.1;5;{'3.1': 2*X1 + 2, '3.2': 0, '4.1': 3*X1, '5.1': 3*X1 + 2, '5.2': 3*X1 + 2, '11.1': 3*X1 + 4, '23.1': 2*X1 + 3, '23.2': X1 + 2, '31.1': 4, '31.2': 3*X1 + 4, '37.1': 4, '37.2': 0, '47.1': 2, '47.2': 4, '49.1': 1, '53.1': 2, '53.2': 2*X1, '59.1': X1 + 4, '59.2': 2*X1, '67.1': 2*X1 + 4, '67.2': 2*X1 + 3, '71.1': X1, '71.2': 0, '89.1': X1 + 4, '89.2': 4*X1 + 4, '97.1': X1 + 3, '97.2': 4*X1 + 1};1;1;x^2 + 4*x + 2
443.1;193;{'3.1': 151, '3.2': 117, '4.1': 77, '5.1': 16, '5.2': 75, '11.1': 83, '23.1': 76, '23.2': 161, '31.1': 184, '31.2': 54, '37.1': 18, '37.2': 10, '47.1': 111, '47.2': 114, '49.1': 175, '53.1': 179, '53.2': 29, '59.1': 13, '59.2': 183, '67.1': 28, '67.2': 25, '71.1': 149, '71.2': 14, '89.1': 35, '89.2': 179, '97.1': 107, '97.2': 68};1;1;x + 192
443.1;983;{'3.1': 666, '3.2': 835, '4.1': 527, '5.1': 88, '5.2': 45, '11.1': 541, '23.1': 434, '23.2': 647, '31.1': 99, '31.2': 522, '37.1': 285, '37.2': 923, '47.1': 659, '47.2': 9, '49.1': 32, '53.1': 399, '53.2': 697, '59.1': 7, '59.2': 4, '67.1': 213, '67.2': 748, '71.1': 732, '71.2': 234, '89.1': 412, '89.2': 710, '97.1': 272, '97.2': 509};1;1;x + 982
444.1;11;{'3.1': 10, '3.2': 4, '4.1': 1, '5.1': 4, '5.2': 5, '11.1': 9, '23.1': 10, '23.2': 3, '31.1': 4, '31.2': 2, '37.1': 10, '37.2': 8, '47.1': 5, '47.2': 8, '49.1': 2, '53.1': 2, '53.2': 6, '59.1': 6, '59.2': 9, '67.1': 0, '67.2': 2, '71.1': 10, '71.2': 0, '89.1': 2, '89.2': 8, '97.1': 0, '97.2': 7};1;1;x + 10
444.2;3;{'3.1': 2, '3.2': 2*X1, '4.1': 2, '5.1': 2*X1 + 1, '5.2': X1, '11.1': 2, '23.1': 1, '23.2': X1 + 2, '31.1': X1, '31.2': 1, '37.1': 1, '37.2': 1, '47.1': 2, '47.2': 2*X1, '49.1': X1 + 1, '53.1': 2, '53.2': X1 + 1, '59.1': X1 + 1, '59.2': X1 + 2, '67.1': X1 + 1, '67.2': 2*X1 + 2, '71.1': X1 + 2, '71.2': X1, '89.1': X1, '89.2': X1 + 1, '97.1': X1 + 1, '97.2': 2};1;1;x^2 + 2*x + 2
445.2;19;{'3.1': 15, '3.2': 12, '4.1': 10, '5.1': 18, '5.2': 15, '11.1': 6, '23.1': 9, '23.2': 4, '31.1': 16, '31.2': 12, '37.1': 1, '37.2': 16, '47.1': 6, '47.2': 4, '49.1': 18, '53.1': 2, '53.2': 15, '59.1': 10, '59.2': 7, '67.1': 15, '67.2': 0, '71.1': 3, '71.2': 9, '89.1': 14, '89.2': 1, '97.1': 3, '97.2': 12};1;1;x + 18
445.1;2;{'3.1': X1, '3.2': X1, '4.1': 0, '5.1': 1, '5.2': X1, '11.1': 0, '23.1': 0, '23.2': 0, '31.1': 0, '31.2': 0, '37.1': 0, '37.2': X1 + 1, '47.1': X1 + 1, '47.2': 0, '49.1': X1, '53.1': 0, '53.2': X1 + 1, '59.1': 0, '59.2': X1, '67.1': X1 + 1, '67.2': 0, '71.1': 0, '71.2': 0, '89.1': 1, '89.2': 0, '97.1': X1 + 1, '97.2': 0};1;2;x^2 + x + 1
445.1;23;{'3.1': 16, '3.2': 20, '4.1': 11, '5.1': 22, '5.2': 16, '11.1': 22, '23.1': 22, '23.2': 12, '31.1': 11, '31.2': 1, '37.1': 11, '37.2': 21, '47.1': 19, '47.2': 18, '49.1': 0, '53.1': 16, '53.2': 1, '59.1': 14, '59.2': 9, '67.1': 14, '67.2': 2, '71.1': 12, '71.2': 18, '89.1': 1, '89.2': 20, '97.1': 8, '97.2': 3};1;1;x + 22
449.1;73;{'3.1': 23, '3.2': 71, '4.1': 45, '5.1': 44, '5.2': 1, '11.1': 53, '23.1': 51, '23.2': 47, '31.1': 24, '31.2': 63, '37.1': 68, '37.2': 66, '47.1': 16, '47.2': 43, '49.1': 20, '53.1': 21, '53.2': 48, '59.1': 5, '59.2': 8, '67.1': 24, '67.2': 13, '71.1': 2, '71.2': 7, '89.1': 17, '89.2': 52, '97.1': 44, '97.2': 55};1;1;x + 72
449.1;89;{'3.1': 54, '3.2': 44, '4.1': 56, '5.1': 49, '5.2': 52, '11.1': 27, '23.1': 10, '23.2': 35, '31.1': 54, '31.2': 84, '37.1': 72, '37.2': 85, '47.1': 6, '47.2': 44, '49.1': 40, '53.1': 72, '53.2': 56, '59.1': 13, '59.2': 30, '67.1': 70, '67.2': 5, '71.1': 16, '71.2': 47, '89.1': 20, '89.2': 3, '97.1': 71, '97.2': 73};1;1;x + 88
449.1;131;{'3.1': 29, '3.2': 31, '4.1': 78, '5.1': 103, '5.2': 119, '11.1': 104, '23.1': 30, '23.2': 111, '31.1': 114, '31.2': 112, '37.1': 56, '37.2': 6, '47.1': 108, '47.2': 81, '49.1': 17, '53.1': 43, '53.2': 42, '59.1': 111, '59.2': 51, '67.1': 58, '67.2': 92, '71.1': 127, '71.2': 73, '89.1': 4, '89.2': 100, '97.1': 86, '97.2': 117};1;1;x + 130
452.1;131;{'3.1': 113, '3.2': 16, '4.1': 130, '5.1': 83, '5.2': 97, '11.1': 81, '23.1': 125, '23.2': 56, '31.1': 46, '31.2': 119, '37.1': 111, '37.2': 110, '47.1': 55, '47.2': 112, '49.1': 22, '53.1': 111, '53.2': 49, '59.1': 48, '59.2': 22, '67.1': 120, '67.2': 77, '71.1': 25, '71.2': 106, '89.1': 58, '89.2': 60, '97.1': 5, '97.2': 122};1;1;x + 130
460.2;2;{'3.1': X1, '3.2': X1 + 1, '4.1': 1, '5.1': 1, '5.2': 0, '11.1': 0, '23.1': 0, '23.2': 1, '31.1': 0, '31.2': X1 + 1, '37.1': X1 + 1, '37.2': X1, '47.1': X1, '47.2': X1, '49.1': 0, '53.1': 0, '53.2': 0, '59.1': 0, '59.2': X1, '67.1': X1 + 1, '67.2': 0, '71.1': X1 + 1, '71.2': 0, '89.1': X1, '89.2': 0, '97.1': 0, '97.2': X1};1;2;x^2 + x + 1
460.2;13;{'3.1': 4, '3.2': 10, '4.1': 12, '5.1': 12, '5.2': 9, '11.1': 0, '23.1': 4, '23.2': 12, '31.1': 8, '31.2': 4, '37.1': 0, '37.2': 10, '47.1': 4, '47.2': 1, '49.1': 12, '53.1': 8, '53.2': 12, '59.1': 9, '59.2': 3, '67.1': 0, '67.2': 9, '71.1': 12, '71.2': 9, '89.1': 3, '89.2': 12, '97.1': 9, '97.2': 8};1;1;x + 12
460.1;79;{'3.1': 29, '3.2': 28, '4.1': 1, '5.1': 1, '5.2': 6, '11.1': 56, '23.1': 1, '23.2': 59, '31.1': 8, '31.2': 78, '37.1': 3, '37.2': 42, '47.1': 26, '47.2': 19, '49.1': 40, '53.1': 20, '53.2': 71, '59.1': 67, '59.2': 22, '67.1': 4, '67.2': 34, '71.1': 12, '71.2': 38, '89.1': 28, '89.2': 72, '97.1': 75, '97.2': 61};1;1;x + 78
463.1;2;{'3.1': X1^2 + X1 + 1, '3.2': X1 + 1, '4.1': 1, '5.1': 0, '5.2': X1^2 + X1 + 1, '11.1': X1 + 1, '23.1': X1 + 1, '23.2': X1^2 + 1, '31.1': X1^2 + 1, '31.2': 0, '37.1': 0, '37.2': X1 + 1, '47.1': X1^2 + X1 + 1, '47.2': 0, '49.1': 0, '53.1': X1^2 + X1 + 1, '53.2': 0, '59.1': 0, '59.2': X1^2 + 1, '67.1': X1^2 + X1 + 1, '67.2': 0, '71.1': 0, '71.2': 0, '89.1': 0, '89.2': 0, '97.1': 0, '97.2': 0};1;1;x^3 + x + 1
463.1;331;{'3.1': 187, '3.2': 102, '4.1': 190, '5.1': 38, '5.2': 261, '11.1': 37, '23.1': 261, '23.2': 41, '31.1': 198, '31.2': 277, '37.1': 244, '37.2': 238, '47.1': 102, '47.2': 160, '49.1': 8, '53.1': 6, '53.2': 222, '59.1': 210, '59.2': 129, '67.1': 307, '67.2': 325, '71.1': 280, '71.2': 281, '89.1': 62, '89.2': 154, '97.1': 312, '97.2': 98};1;1;x + 330
465.3;23;{'3.1': 1, '3.2': 16, '4.1': 14, '5.1': 20, '5.2': 1, '11.1': 12, '23.1': 8, '23.2': 4, '31.1': 1, '31.2': 5, '37.1': 19, '37.2': 5, '47.1': 9, '47.2': 19, '49.1': 19, '53.1': 1, '53.2': 9, '59.1': 19, '59.2': 21, '67.1': 9, '67.2': 14, '71.1': 1, '71.2': 22, '89.1': 14, '89.2': 4, '97.1': 19, '97.2': 8};1;1;x + 22
465.2;19;{'3.1': 18, '3.2': 9, '4.1': 14, '5.1': 1, '5.2': 4, '11.1': 16, '23.1': 12, '23.2': 16, '31.1': 1, '31.2': 18, '37.1': 13, '37.2': 15, '47.1': 6, '47.2': 10, '49.1': 7, '53.1': 3, '53.2': 9, '59.1': 4, '59.2': 5, '67.1': 4, '67.2': 4, '71.1': 9, '71.2': 12, '89.1': 6, '89.2': 17, '97.1': 8, '97.2': 16};1;1;x + 18
465.2;67;{'3.1': 1, '3.2': 8, '4.1': 45, '5.1': 1, '5.2': 40, '11.1': 23, '23.1': 44, '23.2': 10, '31.1': 30, '31.2': 1, '37.1': 23, '37.2': 0, '47.1': 47, '47.2': 50, '49.1': 37, '53.1': 1, '53.2': 5, '59.1': 9, '59.2': 28, '67.1': 7, '67.2': 42, '71.1': 43, '71.2': 10, '89.1': 20, '89.2': 39, '97.1': 52, '97.2': 22};1;1;x + 66
465.4;79;{'3.1': 1, '3.2': 48, '4.1': 8, '5.1': 69, '5.2': 78, '11.1': 31, '23.1': 27, '23.2': 23, '31.1': 40, '31.2': 78, '37.1': 68, '37.2': 55, '47.1': 58, '47.2': 68, '49.1': 43, '53.1': 29, '53.2': 35, '59.1': 10, '59.2': 32, '67.1': 73, '67.2': 75, '71.1': 47, '71.2': 62, '89.1': 30, '89.2': 65, '97.1': 76, '97.2': 43};1;1;x + 78
467.1;37;{'3.1': 2, '3.2': 9, '4.1': 31, '5.1': 1, '5.2': 22, '11.1': 0, '23.1': 27, '23.2': 25, '31.1': 21, '31.2': 32, '37.1': 9, '37.2': 15, '47.1': 31, '47.2': 21, '49.1': 23, '53.1': 31, '53.2': 30, '59.1': 9, '59.2': 15, '67.1': 19, '67.2': 5, '71.1': 32, '71.2': 33, '89.1': 3, '89.2': 24, '97.1': 24, '97.2': 10};1;1;x + 36
467.1;112759;{'3.1': 68812, '3.2': 79498, '4.1': 39172, '5.1': 98851, '5.2': 64775, '11.1': 112525, '23.1': 48554, '23.2': 64151, '31.1': 95663, '31.2': 11129, '37.1': 3706, '37.2': 93421, '47.1': 42831, '47.2': 88197, '49.1': 86073, '53.1': 40319, '53.2': 28470, '59.1': 65994, '59.2': 67431, '67.1': 8538, '67.2': 112099, '71.1': 76919, '71.2': 77065, '89.1': 31470, '89.2': 90230, '97.1': 101970, '97.2': 95456};1;1;x + 112758
471.2;11;{'3.1': 1, '3.2': 0, '4.1': 5, '5.1': 0, '5.2': 10, '11.1': 5, '23.1': 2, '23.2': 2, '31.1': 1, '31.2': 4, '37.1': 8, '37.2': 4, '47.1': 9, '47.2': 7, '49.1': 2, '53.1': 10, '53.2': 10, '59.1': 4, '59.2': 1, '67.1': 1, '67.2': 3, '71.1': 9, '71.2': 8, '89.1': 1, '89.2': 6, '97.1': 2, '97.2': 9};1;1;x + 10
471.2;167;{'3.1': 166, '3.2': 95, '4.1': 149, '5.1': 11, '5.2': 51, '11.1': 54, '23.1': 141, '23.2': 111, '31.1': 93, '31.2': 47, '37.1': 96, '37.2': 9, '47.1': 70, '47.2': 20, '49.1': 34, '53.1': 114, '53.2': 63, '59.1': 123, '59.2': 104, '67.1': 58, '67.2': 8, '71.1': 39, '71.2': 159, '89.1': 105, '89.2': 136, '97.1': 49, '97.2': 107};1;1;x + 166
471.1;2;{'3.1': 1, '3.2': X1, '4.1': 1, '5.1': X1, '5.2': X1, '11.1': X1 + 1, '23.1': 0, '23.2': X1 + 1, '31.1': 0, '31.2': X1 + 1, '37.1': X1, '37.2': X1, '47.1': 0, '47.2': 0, '49.1': X1 + 1, '53.1': 0, '53.2': 0, '59.1': X1 + 1, '59.2': 0, '67.1': 0, '67.2': 0, '71.1': 0, '71.2': 0, '89.1': X1, '89.2': 0, '97.1': 0, '97.2': X1};1;2;x^2 + x + 1
477.1;41;{'3.1': 0, '3.2': 6, '4.1': 29, '5.1': 19, '5.2': 16, '11.1': 22, '23.1': 31, '23.2': 12, '31.1': 39, '31.2': 20, '37.1': 7, '37.2': 40, '47.1': 12, '47.2': 32, '49.1': 8, '53.1': 1, '53.2': 3, '59.1': 37, '59.2': 7, '67.1': 34, '67.2': 29, '71.1': 34, '71.2': 0, '89.1': 7, '89.2': 5, '97.1': 26, '97.2': 37};1;1;x + 40
477.3;67;{'3.1': 66, '3.2': 1, '4.1': 39, '5.1': 27, '5.2': 24, '11.1': 24, '23.1': 63, '23.2': 64, '31.1': 61, '31.2': 15, '37.1': 31, '37.2': 31, '47.1': 37, '47.2': 30, '49.1': 62, '53.1': 66, '53.2': 50, '59.1': 44, '59.2': 16, '67.1': 54, '67.2': 9, '71.1': 21, '71.2': 28, '89.1': 34, '89.2': 5, '97.1': 64, '97.2': 17};1;1;x + 66
477.2;13;{'3.1': 0, '3.2': 0, '4.1': 12, '5.1': 5, '5.2': 7, '11.1': 12, '23.1': 5, '23.2': 7, '31.1': 7, '31.2': 11, '37.1': 6, '37.2': 12, '47.1': 2, '47.2': 9, '49.1': 12, '53.1': 7, '53.2': 1, '59.1': 3, '59.2': 6, '67.1': 5, '67.2': 10, '71.1': 2, '71.2': 5, '89.1': 9, '89.2': 10, '97.1': 0, '97.2': 0};1;1;x + 12
485.1;19;{'3.1': 13, '3.2': 1, '4.1': 2, '5.1': 1, '5.2': 4, '11.1': 12, '23.1': 9, '23.2': 6, '31.1': 0, '31.2': 13, '37.1': 6, '37.2': 0, '47.1': 17, '47.2': 10, '49.1': 2, '53.1': 4, '53.2': 14, '59.1': 18, '59.2': 13, '67.1': 0, '67.2': 6, '71.1': 1, '71.2': 0, '89.1': 5, '89.2': 14, '97.1': 18, '97.2': 7};1;1;x + 18
485.1;19;{'3.1': 14, '3.2': 2, '4.1': 14, '5.1': 1, '5.2': 14, '11.1': 18, '23.1': 8, '23.2': 15, '31.1': 17, '31.2': 17, '37.1': 0, '37.2': 7, '47.1': 18, '47.2': 2, '49.1': 12, '53.1': 5, '53.2': 5, '59.1': 16, '59.2': 14, '67.1': 4, '67.2': 8, '71.1': 7, '71.2': 0, '89.1': 1, '89.2': 9, '97.1': 18, '97.2': 0};1;1;x + 18
485.1;31;{'3.1': 16, '3.2': 23, '4.1': 15, '5.1': 30, '5.2': 18, '11.1': 16, '23.1': 20, '23.2': 1, '31.1': 27, '31.2': 3, '37.1': 26, '37.2': 25, '47.1': 8, '47.2': 8, '49.1': 20, '53.1': 19, '53.2': 21, '59.1': 28, '59.2': 3, '67.1': 30, '67.2': 4, '71.1': 27, '71.2': 24, '89.1': 8, '89.2': 16, '97.1': 1, '97.2': 17};1;1;x + 30
485.1;41;{'3.1': 21, '3.2': 5, '4.1': 20, '5.1': 1, '5.2': 9, '11.1': 11, '23.1': 25, '23.2': 9, '31.1': 26, '31.2': 37, '37.1': 35, '37.2': 1, '47.1': 19, '47.2': 22, '49.1': 3, '53.1': 35, '53.2': 19, '59.1': 6, '59.2': 20, '67.1': 3, '67.2': 14, '71.1': 37, '71.2': 12, '89.1': 29, '89.2': 26, '97.1': 40, '97.2': 16};1;1;x + 40
485.1;149;{'3.1': 45, '3.2': 38, '4.1': 11, '5.1': 148, '5.2': 81, '11.1': 117, '23.1': 109, '23.2': 27, '31.1': 129, '31.2': 146, '37.1': 114, '37.2': 81, '47.1': 50, '47.2': 5, '49.1': 108, '53.1': 8, '53.2': 120, '59.1': 58, '59.2': 89, '67.1': 112, '67.2': 8, '71.1': 71, '71.2': 106, '89.1': 112, '89.2': 111, '97.1': 148, '97.2': 45};1;1;x + 148
485.2;139;{'3.1': 19, '3.2': 128, '4.1': 37, '5.1': 138, '5.2': 34, '11.1': 115, '23.1': 82, '23.2': 135, '31.1': 96, '31.2': 96, '37.1': 61, '37.2': 125, '47.1': 12, '47.2': 78, '49.1': 73, '53.1': 15, '53.2': 119, '59.1': 109, '59.2': 17, '67.1': 22, '67.2': 53, '71.1': 111, '71.2': 67, '89.1': 103, '89.2': 21, '97.1': 125, '97.2': 1};1;1;x + 138
485.2;1213;{'3.1': 1052, '3.2': 587, '4.1': 867, '5.1': 1, '5.2': 601, '11.1': 782, '23.1': 510, '23.2': 195, '31.1': 620, '31.2': 734, '37.1': 731, '37.2': 1132, '47.1': 782, '47.2': 173, '49.1': 496, '53.1': 749, '53.2': 137, '59.1': 131, '59.2': 782, '67.1': 996, '67.2': 103, '71.1': 1053, '71.2': 19, '89.1': 738, '89.2': 954, '97.1': 704, '97.2': 1212};1;1;x + 1212
487.1;7;{'3.1': 5, '3.2': 3, '4.1': 2, '5.1': 6, '5.2': 6, '11.1': 6, '23.1': 5, '23.2': 5, '31.1': 6, '31.2': 6, '37.1': 3, '37.2': 3, '47.1': 3, '47.2': 6, '49.1': 3, '53.1': 1, '53.2': 4, '59.1': 5, '59.2': 0, '67.1': 4, '67.2': 5, '71.1': 0, '71.2': 3, '89.1': 6, '89.2': 0, '97.1': 3, '97.2': 2};1;1;x + 6
487.1;11;{'3.1': 0, '3.2': 3, '4.1': 0, '5.1': 1, '5.2': 6, '11.1': 7, '23.1': 10, '23.2': 1, '31.1': 5, '31.2': 2, '37.1': 5, '37.2': 5, '47.1': 5, '47.2': 4, '49.1': 6, '53.1': 6, '53.2': 3, '59.1': 8, '59.2': 2, '67.1': 7, '67.2': 4, '71.1': 4, '71.2': 3, '89.1': 2, '89.2': 6, '97.1': 4, '97.2': 4};1;1;x + 10
487.1;223;{'3.1': 190, '3.2': 205, '4.1': 12, '5.1': 92, '5.2': 13, '11.1': 110, '23.1': 69, '23.2': 116, '31.1': 92, '31.2': 196, '37.1': 71, '37.2': 187, '47.1': 106, '47.2': 188, '49.1': 17, '53.1': 73, '53.2': 22, '59.1': 30, '59.2': 218, '67.1': 22, '67.2': 59, '71.1': 12, '71.2': 210, '89.1': 42, '89.2': 59, '97.1': 58, '97.2': 35};1;1;x + 222
487.1;397;{'3.1': 113, '3.2': 65, '4.1': 137, '5.1': 250, '5.2': 225, '11.1': 307, '23.1': 207, '23.2': 342, '31.1': 264, '31.2': 56, '37.1': 179, '37.2': 229, '47.1': 355, '47.2': 226, '49.1': 102, '53.1': 176, '53.2': 202, '59.1': 85, '59.2': 212, '67.1': 74, '67.2': 132, '71.1': 128, '71.2': 250, '89.1': 241, '89.2': 264, '97.1': 315, '97.2': 174};1;1;x + 396
489.1;3;{'3.1': 1, '3.2': X1, '4.1': X1 + 1, '5.1': X1, '5.2': 2, '11.1': X1 + 2, '23.1': 1, '23.2': 2*X1 + 2, '31.1': X1 + 2, '31.2': X1 + 1, '37.1': X1, '37.2': X1 + 1, '47.1': X1, '47.2': X1 + 1, '49.1': X1 + 1, '53.1': X1, '53.2': 1, '59.1': 2*X1 + 2, '59.2': X1 + 2, '67.1': 2*X1 + 2, '67.2': 2, '71.1': 0, '71.2': 2*X1, '89.1': 2, '89.2': 2*X1, '97.1': 2, '97.2': 2*X1 + 1};1;1;x^2 + 2*x + 2
489.1;7;{'3.1': 1, '3.2': 2, '4.1': 4, '5.1': 3, '5.2': 0, '11.1': 6, '23.1': 6, '23.2': 2, '31.1': 2, '31.2': 4, '37.1': 6, '37.2': 0, '47.1': 6, '47.2': 1, '49.1': 2, '53.1': 3, '53.2': 4, '59.1': 5, '59.2': 3, '67.1': 4, '67.2': 5, '71.1': 3, '71.2': 4, '89.1': 3, '89.2': 1, '97.1': 0, '97.2': 3};1;1;x + 6
489.1;37;{'3.1': 1, '3.2': 6, '4.1': 20, '5.1': 16, '5.2': 4, '11.1': 13, '23.1': 29, '23.2': 13, '31.1': 27, '31.2': 11, '37.1': 36, '37.2': 15, '47.1': 1, '47.2': 15, '49.1': 10, '53.1': 24, '53.2': 28, '59.1': 13, '59.2': 13, '67.1': 27, '67.2': 33, '71.1': 2, '71.2': 36, '89.1': 16, '89.2': 2, '97.1': 20, '97.2': 30};1;1;x + 36
489.1;1327;{'3.1': 1326, '3.2': 501, '4.1': 1147, '5.1': 207, '5.2': 741, '11.1': 817, '23.1': 680, '23.2': 126, '31.1': 119, '31.2': 814, '37.1': 599, '37.2': 15, '47.1': 782, '47.2': 684, '49.1': 516, '53.1': 753, '53.2': 78, '59.1': 177, '59.2': 170, '67.1': 881, '67.2': 857, '71.1': 482, '71.2': 106, '89.1': 1112, '89.2': 483, '97.1': 903, '97.2': 1106};1;1;x + 1326
489.2;2;{'3.1': 1, '3.2': 1, '4.1': X1, '5.1': 0, '5.2': 0, '11.1': 0, '23.1': 0, '23.2': 1, '31.1': 0, '31.2': 1, '37.1': 1, '37.2': 0, '47.1': 0, '47.2': 1, '49.1': 0, '53.1': 1, '53.2': 0, '59.1': 1, '59.2': 1, '67.1': 1, '67.2': 0, '71.1': 0, '71.2': 1, '89.1': 1, '89.2': 1, '97.1': 0, '97.2': 0};1;1;x^2 + x + 1
489.2;11;{'3.1': 10, '3.2': 7, '4.1': 1, '5.1': 7, '5.2': 1, '11.1': 9, '23.1': 2, '23.2': 10, '31.1': 3, '31.2': 8, '37.1': 3, '37.2': 1, '47.1': 7, '47.2': 1, '49.1': 1, '53.1': 0, '53.2': 10, '59.1': 0, '59.2': 8, '67.1': 4, '67.2': 9, '71.1': 6, '71.2': 7, '89.1': 3, '89.2': 8, '97.1': 2, '97.2': 1};1;1;x + 10
489.2;19;{'3.1': 1, '3.2': 8, '4.1': 5, '5.1': 16, '5.2': 14, '11.1': 0, '23.1': 13, '23.2': 16, '31.1': 12, '31.2': 16, '37.1': 11, '37.2': 8, '47.1': 8, '47.2': 2, '49.1': 11, '53.1': 0, '53.2': 8, '59.1': 4, '59.2': 17, '67.1': 18, '67.2': 12, '71.1': 4, '71.2': 8, '89.1': 17, '89.2': 6, '97.1': 15, '97.2': 18};1;1;x + 18
489.2;79;{'3.1': 78, '3.2': 42, '4.1': 46, '5.1': 13, '5.2': 54, '11.1': 57, '23.1': 6, '23.2': 19, '31.1': 67, '31.2': 49, '37.1': 22, '37.2': 4, '47.1': 76, '47.2': 44, '49.1': 20, '53.1': 11, '53.2': 57, '59.1': 23, '59.2': 65, '67.1': 26, '67.2': 37, '71.1': 51, '71.2': 47, '89.1': 51, '89.2': 75, '97.1': 21, '97.2': 55};1;1;x + 78
496.1;11;{'3.1': 4, '3.2': 5, '4.1': 0, '5.1': 8, '5.2': 2, '11.1': 1, '23.1': 3, '23.2': 3, '31.1': 1, '31.2': 1, '37.1': 7, '37.2': 2, '47.1': 10, '47.2': 10, '49.1': 5, '53.1': 3, '53.2': 4, '59.1': 2, '59.2': 4, '67.1': 2, '67.2': 4, '71.1': 3, '71.2': 8, '89.1': 3, '89.2': 3, '97.1': 8, '97.2': 9};1;1;x + 10
496.1;67;{'3.1': 39, '3.2': 10, '4.1': 0, '5.1': 27, '5.2': 28, '11.1': 49, '23.1': 4, '23.2': 52, '31.1': 1, '31.2': 8, '37.1': 28, '37.2': 0, '47.1': 47, '47.2': 65, '49.1': 16, '53.1': 66, '53.2': 37, '59.1': 23, '59.2': 30, '67.1': 4, '67.2': 1, '71.1': 7, '71.2': 56, '89.1': 52, '89.2': 65, '97.1': 55, '97.2': 31};1;1;x + 66
499.1;2;{'3.1': 0, '3.2': 0, '4.1': 1, '5.1': X1, '5.2': X1 + 1, '11.1': X1 + 1, '23.1': X1, '23.2': X1, '31.1': 0, '31.2': 0, '37.1': 0, '37.2': X1, '47.1': 0, '47.2': X1 + 1, '49.1': X1, '53.1': 0, '53.2': X1 + 1, '59.1': 0, '59.2': 0, '67.1': 0, '67.2': X1 + 1, '71.1': X1 + 1, '71.2': X1, '89.1': X1 + 1, '89.2': 0, '97.1': 0, '97.2': X1 + 1};1;1;x^2 + x + 1
499.1;113;{'3.1': 94, '3.2': 61, '4.1': 55, '5.1': 110, '5.2': 18, '11.1': 88, '23.1': 35, '23.2': 10, '31.1': 47, '31.2': 35, '37.1': 100, '37.2': 87, '47.1': 92, '47.2': 44, '49.1': 95, '53.1': 59, '53.2': 54, '59.1': 105, '59.2': 44, '67.1': 4, '67.2': 25, '71.1': 89, '71.2': 91, '89.1': 95, '89.2': 104, '97.1': 48, '97.2': 72};1;1;x + 112
499.1;151;{'3.1': 6, '3.2': 74, '4.1': 73, '5.1': 21, '5.2': 43, '11.1': 116, '23.1': 137, '23.2': 102, '31.1': 140, '31.2': 141, '37.1': 59, '37.2': 63, '47.1': 103, '47.2': 25, '49.1': 41, '53.1': 117, '53.2': 140, '59.1': 81, '59.2': 21, '67.1': 82, '67.2': 148, '71.1': 131, '71.2': 146, '89.1': 140, '89.2': 103, '97.1': 126, '97.2': 76};1;1;x + 150
500.1;11;{'3.1': 4, '3.2': 5, '4.1': 10, '5.1': 0, '5.2': 1, '11.1': 6, '23.1': 10, '23.2': 9, '31.1': 7, '31.2': 8, '37.1': 0, '37.2': 0, '47.1': 6, '47.2': 9, '49.1': 4, '53.1': 2, '53.2': 9, '59.1': 7, '59.2': 0, '67.1': 10, '67.2': 3, '71.1': 1, '71.2': 7, '89.1': 0, '89.2': 6, '97.1': 3, '97.2': 1};1;1;x + 10
500.1;11;{'3.1': 4, '3.2': 6, '4.1': 1, '5.1': 0, '5.2': 10, '11.1': 5, '23.1': 1, '23.2': 9, '31.1': 4, '31.2': 3, '37.1': 0, '37.2': 0, '47.1': 6, '47.2': 2, '49.1': 7, '53.1': 2, '53.2': 2, '59.1': 7, '59.2': 0, '67.1': 1, '67.2': 3, '71.1': 1, '71.2': 7, '89.1': 0, '89.2': 5, '97.1': 8, '97.2': 1};1;1;x + 10
500.1;19;{'3.1': 11, '3.2': 16, '4.1': 18, '5.1': 0, '5.2': 10, '11.1': 8, '23.1': 11, '23.2': 0, '31.1': 1, '31.2': 4, '37.1': 17, '37.2': 4, '47.1': 11, '47.2': 10, '49.1': 14, '53.1': 16, '53.2': 14, '59.1': 14, '59.2': 5, '67.1': 10, '67.2': 8, '71.1': 4, '71.2': 6, '89.1': 4, '89.2': 12, '97.1': 18, '97.2': 9};1;1;x + 18
500.1;19;{'3.1': 11, '3.2': 3, '4.1': 1, '5.1': 0, '5.2': 9, '11.1': 11, '23.1': 8, '23.2': 0, '31.1': 18, '31.2': 15, '37.1': 17, '37.2': 15, '47.1': 11, '47.2': 9, '49.1': 5, '53.1': 16, '53.2': 5, '59.1': 14, '59.2': 5, '67.1': 9, '67.2': 8, '71.1': 4, '71.2': 6, '89.1': 15, '89.2': 7, '97.1': 1, '97.2': 9};1;1;x + 18
507.1;11;{'3.1': 10, '3.2': 4, '4.1': 8, '5.1': 0, '5.2': 5, '11.1': 6, '23.1': 4, '23.2': 0, '31.1': 3, '31.2': 6, '37.1': 7, '37.2': 10, '47.1': 10, '47.2': 9, '49.1': 1, '53.1': 6, '53.2': 4, '59.1': 9, '59.2': 10, '67.1': 10, '67.2': 1, '71.1': 9, '71.2': 0, '89.1': 2, '89.2': 6, '97.1': 9, '97.2': 7};1;1;x + 10
507.1;19;{'3.1': 1, '3.2': 15, '4.1': 2, '5.1': 0, '5.2': 10, '11.1': 3, '23.1': 1, '23.2': 9, '31.1': 6, '31.2': 3, '37.1': 18, '37.2': 8, '47.1': 1, '47.2': 18, '49.1': 9, '53.1': 3, '53.2': 4, '59.1': 0, '59.2': 16, '67.1': 1, '67.2': 10, '71.1': 5, '71.2': 18, '89.1': 8, '89.2': 7, '97.1': 8, '97.2': 14};1;1;x + 18
507.1;137;{'3.1': 136, '3.2': 4, '4.1': 69, '5.1': 88, '5.2': 5, '11.1': 41, '23.1': 12, '23.2': 68, '31.1': 46, '31.2': 8, '37.1': 15, '37.2': 37, '47.1': 37, '47.2': 36, '49.1': 44, '53.1': 80, '53.2': 31, '59.1': 86, '59.2': 76, '67.1': 98, '67.2': 34, '71.1': 47, '71.2': 50, '89.1': 37, '89.2': 10, '97.1': 33, '97.2': 30};1;1;x + 136
509.1;17;{'3.1': 12, '3.2': 13, '4.1': 2, '5.1': 0, '5.2': 3, '11.1': 9, '23.1': 1, '23.2': 4, '31.1': 13, '31.2': 10, '37.1': 10, '37.2': 9, '47.1': 9, '47.2': 2, '49.1': 7, '53.1': 14, '53.2': 15, '59.1': 4, '59.2': 8, '67.1': 1, '67.2': 13, '71.1': 12, '71.2': 14, '89.1': 7, '89.2': 10, '97.1': 10, '97.2': 9};1;1;x + 16
509.1;3508013447;{'3.1': 2891838864, '3.2': 429994856, '4.1': 1018849721, '5.1': 2983085691, '5.2': 1609960000, '11.1': 920234407, '23.1': 1975772534, '23.2': 815248106, '31.1': 1441842169, '31.2': 749196641, '37.1': 1480465914, '37.2': 1193353870, '47.1': 1233122919, '47.2': 1100832059, '49.1': 2717399709, '53.1': 1900514348, '53.2': 21678765, '59.1': 2831421501, '59.2': 2215696324, '67.1': 1012431950, '67.2': 2910119058, '71.1': 708683961, '71.2': 2047434203, '89.1': 2536678798, '89.2': 1732645956, '97.1': 516424626, '97.2': 499617538};1;1;x + 3508013446
515.1;2;{'3.1': X1, '3.2': 1, '4.1': X1 + 1, '5.1': 1, '5.2': 1, '11.1': X1 + 1, '23.1': X1, '23.2': 0, '31.1': X1 + 1, '31.2': X1, '37.1': 1, '37.2': 1, '47.1': 1, '47.2': X1 + 1, '49.1': 1, '53.1': X1, '53.2': 1, '59.1': X1 + 1, '59.2': 0, '67.1': X1 + 1, '67.2': 1, '71.1': 1, '71.2': 0, '89.1': 1, '89.2': X1, '97.1': 0, '97.2': X1};1;2;x^2 + x + 1
515.1;101;{'3.1': 7, '3.2': 17, '4.1': 14, '5.1': 100, '5.2': 85, '11.1': 76, '23.1': 79, '23.2': 76, '31.1': 28, '31.2': 80, '37.1': 38, '37.2': 76, '47.1': 23, '47.2': 66, '49.1': 84, '53.1': 31, '53.2': 41, '59.1': 37, '59.2': 43, '67.1': 84, '67.2': 12, '71.1': 80, '71.2': 45, '89.1': 85, '89.2': 5, '97.1': 19, '97.2': 83};1;1;x + 100
515.2;307;{'3.1': 134, '3.2': 117, '4.1': 171, '5.1': 1, '5.2': 63, '11.1': 31, '23.1': 212, '23.2': 121, '31.1': 227, '31.2': 161, '37.1': 71, '37.2': 37, '47.1': 306, '47.2': 23, '49.1': 33, '53.1': 87, '53.2': 101, '59.1': 168, '59.2': 248, '67.1': 154, '67.2': 107, '71.1': 213, '71.2': 107, '89.1': 150, '89.2': 89, '97.1': 277, '97.2': 179};1;1;x + 306
515.2;313;{'3.1': 226, '3.2': 80, '4.1': 86, '5.1': 312, '5.2': 118, '11.1': 187, '23.1': 288, '23.2': 162, '31.1': 265, '31.2': 184, '37.1': 269, '37.2': 249, '47.1': 94, '47.2': 212, '49.1': 288, '53.1': 8, '53.2': 61, '59.1': 145, '59.2': 203, '67.1': 262, '67.2': 3, '71.1': 285, '71.2': 40, '89.1': 54, '89.2': 229, '97.1': 244, '97.2': 45};1;1;x + 312
517.1;13;{'3.1': 5, '3.2': 5, '4.1': 8, '5.1': 1, '5.2': 12, '11.1': 12, '23.1': 6, '23.2': 12, '31.1': 3, '31.2': 9, '37.1': 12, '37.2': 12, '47.1': 1, '47.2': 9, '49.1': 10, '53.1': 9, '53.2': 11, '59.1': 5, '59.2': 8, '67.1': 1, '67.2': 7, '71.1': 8, '71.2': 6, '89.1': 2, '89.2': 7, '97.1': 4, '97.2': 0};1;1;x + 12
521.1;71;{'3.1': 69, '3.2': 42, '4.1': 13, '5.1': 9, '5.2': 18, '11.1': 3, '23.1': 54, '23.2': 38, '31.1': 12, '31.2': 58, '37.1': 29, '37.2': 68, '47.1': 10, '47.2': 65, '49.1': 52, '53.1': 57, '53.2': 30, '59.1': 51, '59.2': 37, '67.1': 17, '67.2': 33, '71.1': 10, '71.2': 21, '89.1': 45, '89.2': 5, '97.1': 31, '97.2': 63};1;1;x + 70
521.1;8209;{'3.1': 3408, '3.2': 1186, '4.1': 4418, '5.1': 5043, '5.2': 3559, '11.1': 2607, '23.1': 5279, '23.2': 4896, '31.1': 1465, '31.2': 7828, '37.1': 265, '37.2': 479, '47.1': 695, '47.2': 3031, '49.1': 1711, '53.1': 4794, '53.2': 3580, '59.1': 4990, '59.2': 8018, '67.1': 3076, '67.2': 6287, '71.1': 4842, '71.2': 7374, '89.1': 5901, '89.2': 4625, '97.1': 6053, '97.2': 854};1;1;x + 8208
529.2;2;{'3.1': X1 + 1, '3.2': X1 + 1, '4.1': X1^2 + X1 + 1, '5.1': X1^2 + X1 + 1, '5.2': X1^2 + X1 + 1, '11.1': 0, '23.1': 1, '23.2': 1, '31.1': X1^2 + X1, '31.2': X1^2 + X1, '37.1': X1^2 + X1, '37.2': X1^2 + X1, '47.1': 0, '47.2': 0, '49.1': X1^2 + 1, '53.1': X1^2, '53.2': X1^2, '59.1': 1, '59.2': 1, '67.1': 0, '67.2': 0, '71.1': X1^2, '71.2': X1^2, '89.1': X1^2 + 1, '89.2': X1^2 + 1, '97.1': X1 + 1, '97.2': X1 + 1};1;2;x^3 + x + 1
531.3;3;{'3.1': 2, '3.2': 2, '4.1': X1, '5.1': 2, '5.2': X1 + 2, '11.1': X1, '23.1': X1, '23.2': 1, '31.1': 1, '31.2': X1 + 1, '37.1': 2*X1 + 2, '37.2': 0, '47.1': X1 + 2, '47.2': 2*X1 + 1, '49.1': 1, '53.1': 2*X1, '53.2': 2*X1 + 1, '59.1': 2, '59.2': 2*X1 + 2, '67.1': X1 + 2, '67.2': X1 + 1, '71.1': 0, '71.2': 2*X1 + 2, '89.1': 1, '89.2': X1 + 1, '97.1': 2*X1 + 1, '97.2': 0};1;1;x^2 + 2*x + 2
531.1;23;{'3.1': 0, '3.2': 3, '4.1': 3, '5.1': 15, '5.2': 9, '11.1': 18, '23.1': 21, '23.2': 20, '31.1': 6, '31.2': 13, '37.1': 20, '37.2': 4, '47.1': 12, '47.2': 17, '49.1': 16, '53.1': 11, '53.2': 9, '59.1': 1, '59.2': 11, '67.1': 21, '67.2': 0, '71.1': 12, '71.2': 9, '89.1': 15, '89.2': 18, '97.1': 1, '97.2': 18};1;1;x + 22
531.1;37;{'3.1': 0, '3.2': 17, '4.1': 19, '5.1': 7, '5.2': 13, '11.1': 8, '23.1': 27, '23.2': 35, '31.1': 22, '31.2': 13, '37.1': 20, '37.2': 17, '47.1': 10, '47.2': 20, '49.1': 32, '53.1': 15, '53.2': 18, '59.1': 36, '59.2': 36, '67.1': 13, '67.2': 34, '71.1': 32, '71.2': 21, '89.1': 10, '89.2': 8, '97.1': 16, '97.2': 30};1;1;x + 36
537.1;17;{'3.1': 1, '3.2': 9, '4.1': 1, '5.1': 7, '5.2': 7, '11.1': 3, '23.1': 1, '23.2': 13, '31.1': 8, '31.2': 14, '37.1': 8, '37.2': 13, '47.1': 12, '47.2': 0, '49.1': 12, '53.1': 16, '53.2': 8, '59.1': 9, '59.2': 7, '67.1': 4, '67.2': 13, '71.1': 13, '71.2': 8, '89.1': 5, '89.2': 15, '97.1': 9, '97.2': 15};1;1;x + 16
537.1;71;{'3.1': 70, '3.2': 22, '4.1': 49, '5.1': 63, '5.2': 55, '11.1': 32, '23.1': 9, '23.2': 50, '31.1': 53, '31.2': 50, '37.1': 56, '37.2': 15, '47.1': 37, '47.2': 6, '49.1': 14, '53.1': 0, '53.2': 44, '59.1': 19, '59.2': 21, '67.1': 33, '67.2': 59, '71.1': 33, '71.2': 38, '89.1': 7, '89.2': 50, '97.1': 40, '97.2': 5};1;1;x + 70
537.1;101;{'3.1': 1, '3.2': 97, '4.1': 65, '5.1': 42, '5.2': 80, '11.1': 85, '23.1': 23, '23.2': 9, '31.1': 75, '31.2': 25, '37.1': 47, '37.2': 17, '47.1': 18, '47.2': 4, '49.1': 5, '53.1': 28, '53.2': 18, '59.1': 30, '59.2': 48, '67.1': 90, '67.2': 85, '71.1': 50, '71.2': 74, '89.1': 70, '89.2': 60, '97.1': 95, '97.2': 28};1;1;x + 100
539.1;3;{'3.1': X1 + 2, '3.2': 2*X1, '4.1': 1, '5.1': 2*X1 + 1, '5.2': X1, '11.1': 1, '23.1': 2*X1, '23.2': X1 + 2, '31.1': 1, '31.2': 1, '37.1': 0, '37.2': 0, '47.1': 2, '47.2': 2, '49.1': 2, '53.1': X1 + 2, '53.2': 2*X1, '59.1': X1 + 1, '59.2': 2*X1 + 2, '67.1': 2, '67.2': 2, '71.1': X1 + 1, '71.2': 2*X1 + 2, '89.1': 2*X1 + 1, '89.2': X1, '97.1': X1, '97.2': 2*X1 + 1};1;1;x^2 + 2*x + 2
539.1;5;{'3.1': X1 + 2, '3.2': 4*X1 + 3, '4.1': 3, '5.1': 2*X1 + 1, '5.2': 3*X1 + 3, '11.1': 1, '23.1': 4, '23.2': 4, '31.1': X1, '31.2': 4*X1 + 1, '37.1': 4*X1, '37.2': X1 + 4, '47.1': 4*X1 + 2, '47.2': X1 + 1, '49.1': 4, '53.1': X1 + 3, '53.2': 4*X1 + 4, '59.1': X1 + 4, '59.2': 4*X1, '67.1': 4*X1 + 2, '67.2': X1 + 1, '71.1': X1 + 1, '71.2': 4*X1 + 2, '89.1': 3*X1 + 1, '89.2': 2*X1 + 4, '97.1': 0, '97.2': 0};1;1;x^2 + 4*x + 2
543.1;23;{'3.1': 1, '3.2': 3, '4.1': 17, '5.1': 10, '5.2': 17, '11.1': 14, '23.1': 17, '23.2': 9, '31.1': 21, '31.2': 1, '37.1': 13, '37.2': 1, '47.1': 0, '47.2': 12, '49.1': 15, '53.1': 16, '53.2': 19, '59.1': 6, '59.2': 10, '67.1': 22, '67.2': 14, '71.1': 6, '71.2': 7, '89.1': 1, '89.2': 16, '97.1': 21, '97.2': 9};1;1;x + 22
543.1;97;{'3.1': 1, '3.2': 54, '4.1': 73, '5.1': 41, '5.2': 74, '11.1': 16, '23.1': 10, '23.2': 95, '31.1': 83, '31.2': 14, '37.1': 22, '37.2': 70, '47.1': 45, '47.2': 17, '49.1': 2, '53.1': 90, '53.2': 72, '59.1': 39, '59.2': 65, '67.1': 95, '67.2': 43, '71.1': 23, '71.2': 33, '89.1': 20, '89.2': 16, '97.1': 20, '97.2': 67};1;1;x + 96
543.1;239;{'3.1': 238, '3.2': 233, '4.1': 121, '5.1': 30, '5.2': 134, '11.1': 215, '23.1': 200, '23.2': 55, '31.1': 75, '31.2': 19, '37.1': 101, '37.2': 191, '47.1': 126, '47.2': 152, '49.1': 190, '53.1': 215, '53.2': 48, '59.1': 172, '59.2': 177, '67.1': 93, '67.2': 17, '71.1': 186, '71.2': 1, '89.1': 170, '89.2': 108, '97.1': 27, '97.2': 70};1;1;x + 238
543.2;11;{'3.1': 10, '3.2': 8, '4.1': 10, '5.1': 0, '5.2': 7, '11.1': 1, '23.1': 10, '23.2': 2, '31.1': 6, '31.2': 6, '37.1': 6, '37.2': 4, '47.1': 1, '47.2': 3, '49.1': 2, '53.1': 6, '53.2': 0, '59.1': 5, '59.2': 0, '67.1': 1, '67.2': 4, '71.1': 0, '71.2': 9, '89.1': 4, '89.2': 7, '97.1': 6, '97.2': 8};1;1;x + 10
543.2;13;{'3.1': 1, '3.2': 7, '4.1': 6, '5.1': 11, '5.2': 12, '11.1': 0, '23.1': 4, '23.2': 3, '31.1': 6, '31.2': 4, '37.1': 1, '37.2': 6, '47.1': 4, '47.2': 3, '49.1': 7, '53.1': 4, '53.2': 5, '59.1': 2, '59.2': 5, '67.1': 5, '67.2': 10, '71.1': 8, '71.2': 4, '89.1': 2, '89.2': 3, '97.1': 6, '97.2': 0};1;1;x + 12
543.2;17;{'3.1': 1, '3.2': 12, '4.1': 11, '5.1': 5, '5.2': 2, '11.1': 10, '23.1': 3, '23.2': 2, '31.1': 6, '31.2': 7, '37.1': 11, '37.2': 14, '47.1': 15, '47.2': 3, '49.1': 9, '53.1': 8, '53.2': 7, '59.1': 5, '59.2': 0, '67.1': 13, '67.2': 10, '71.1': 2, '71.2': 3, '89.1': 1, '89.2': 11, '97.1': 12, '97.2': 9};1;1;x + 16
543.2;359;{'3.1': 358, '3.2': 336, '4.1': 50, '5.1': 41, '5.2': 106, '11.1': 144, '23.1': 117, '23.2': 328, '31.1': 336, '31.2': 256, '37.1': 26, '37.2': 54, '47.1': 123, '47.2': 120, '49.1': 141, '53.1': 69, '53.2': 10, '59.1': 172, '59.2': 145, '67.1': 18, '67.2': 102, '71.1': 44, '71.2': 142, '89.1': 271, '89.2': 334, '97.1': 116, '97.2': 134};1;1;x + 358
548.1;7;{'3.1': 6*X1 + 3, '3.2': 6*X1 + 1, '4.1': 1, '5.1': 4, '5.2': X1 + 1, '11.1': 5*X1, '23.1': 5*X1 + 6, '23.2': 4*X1 + 6, '31.1': 1, '31.2': 6*X1 + 5, '37.1': 3, '37.2': 2, '47.1': 4*X1 + 2, '47.2': 6*X1 + 3, '49.1': 5*X1 + 4, '53.1': 4*X1 + 6, '53.2': 3*X1 + 4, '59.1': 5*X1 + 6, '59.2': 2*X1, '67.1': X1 + 6, '67.2': 3*X1, '71.1': 0, '71.2': 2*X1 + 2, '89.1': 4*X1 + 1, '89.2': 4, '97.1': 4*X1 + 5, '97.2': X1 + 1};1;1;x^2 + 6*x + 3
548.1;29;{'3.1': 6, '3.2': 10, '4.1': 28, '5.1': 5, '5.2': 15, '11.1': 18, '23.1': 11, '23.2': 0, '31.1': 27, '31.2': 28, '37.1': 4, '37.2': 0, '47.1': 10, '47.2': 4, '49.1': 8, '53.1': 19, '53.2': 1, '59.1': 24, '59.2': 27, '67.1': 26, '67.2': 3, '71.1': 25, '71.2': 15, '89.1': 2, '89.2': 1, '97.1': 3, '97.2': 16};1;1;x + 28
548.1;2543;{'3.1': 1461, '3.2': 1040, '4.1': 1, '5.1': 393, '5.2': 835, '11.1': 832, '23.1': 545, '23.2': 1277, '31.1': 1835, '31.2': 1330, '37.1': 308, '37.2': 146, '47.1': 296, '47.2': 80, '49.1': 1746, '53.1': 2309, '53.2': 176, '59.1': 1924, '59.2': 959, '67.1': 1555, '67.2': 433, '71.1': 21, '71.2': 2226, '89.1': 2376, '89.2': 1321, '97.1': 741, '97.2': 783};1;1;x + 2542
564.2;17;{'3.1': 16, '3.2': 9, '4.1': 16, '5.1': 3, '5.2': 16, '11.1': 9, '23.1': 2, '23.2': 12, '31.1': 9, '31.2': 0, '37.1': 15, '37.2': 7, '47.1': 4, '47.2': 1, '49.1': 10, '53.1': 4, '53.2': 12, '59.1': 7, '59.2': 5, '67.1': 6, '67.2': 9, '71.1': 10, '71.2': 13, '89.1': 13, '89.2': 11, '97.1': 1, '97.2': 2};1;1;x + 16
565.2;11;{'3.1': 7, '3.2': 2, '4.1': 3, '5.1': 10, '5.2': 6, '11.1': 6, '23.1': 4, '23.2': 2, '31.1': 1, '31.2': 3, '37.1': 7, '37.2': 7, '47.1': 10, '47.2': 6, '49.1': 8, '53.1': 8, '53.2': 1, '59.1': 7, '59.2': 8, '67.1': 7, '67.2': 7, '71.1': 5, '71.2': 5, '89.1': 10, '89.2': 2, '97.1': 6, '97.2': 3};1;1;x + 10
565.2;227;{'3.1': 2, '3.2': 64, '4.1': 149, '5.1': 1, '5.2': 54, '11.1': 30, '23.1': 43, '23.2': 197, '31.1': 154, '31.2': 96, '37.1': 162, '37.2': 209, '47.1': 200, '47.2': 192, '49.1': 187, '53.1': 121, '53.2': 33, '59.1': 169, '59.2': 74, '67.1': 85, '67.2': 75, '71.1': 125, '71.2': 59, '89.1': 98, '89.2': 95, '97.1': 75, '97.2': 112};1;1;x + 226
565.1;157;{'3.1': 56, '3.2': 57, '4.1': 50, '5.1': 1, '5.2': 76, '11.1': 116, '23.1': 66, '23.2': 42, '31.1': 87, '31.2': 25, '37.1': 6, '37.2': 92, '47.1': 27, '47.2': 117, '49.1': 156, '53.1': 32, '53.2': 133, '59.1': 33, '59.2': 126, '67.1': 128, '67.2': 100, '71.1': 20, '71.2': 145, '89.1': 122, '89.2': 14, '97.1': 138, '97.2': 2};1;1;x + 156
565.1;337;{'3.1': 23, '3.2': 293, '4.1': 323, '5.1': 336, '5.2': 20, '11.1': 288, '23.1': 297, '23.2': 222, '31.1': 30, '31.2': 325, '37.1': 240, '37.2': 57, '47.1': 226, '47.2': 202, '49.1': 279, '53.1': 9, '53.2': 65, '59.1': 241, '59.2': 180, '67.1': 183, '67.2': 223, '71.1': 63, '71.2': 106, '89.1': 271, '89.2': 96, '97.1': 162, '97.2': 134};1;1;x + 336
573.1;2;{'3.1': 1, '3.2': X1, '4.1': 0, '5.1': 0, '5.2': X1, '11.1': X1 + 1, '23.1': 0, '23.2': X1, '31.1': X1, '31.2': 0, '37.1': 0, '37.2': 0, '47.1': 0, '47.2': 0, '49.1': 0, '53.1': 0, '53.2': 0, '59.1': 0, '59.2': X1 + 1, '67.1': X1, '67.2': X1 + 1, '71.1': 0, '71.2': X1, '89.1': X1 + 1, '89.2': X1 + 1, '97.1': X1 + 1, '97.2': X1 + 1};1;1;x^2 + x + 1
573.1;79;{'3.1': 78, '3.2': 53, '4.1': 5, '5.1': 21, '5.2': 72, '11.1': 49, '23.1': 19, '23.2': 74, '31.1': 10, '31.2': 18, '37.1': 13, '37.2': 78, '47.1': 48, '47.2': 49, '49.1': 35, '53.1': 50, '53.2': 40, '59.1': 72, '59.2': 60, '67.1': 48, '67.2': 50, '71.1': 15, '71.2': 12, '89.1': 37, '89.2': 29, '97.1': 44, '97.2': 63};1;1;x + 78
573.1;1171;{'3.1': 1, '3.2': 1007, '4.1': 138, '5.1': 437, '5.2': 198, '11.1': 897, '23.1': 1114, '23.2': 764, '31.1': 1115, '31.2': 183, '37.1': 426, '37.2': 491, '47.1': 815, '47.2': 222, '49.1': 125, '53.1': 281, '53.2': 560, '59.1': 1045, '59.2': 852, '67.1': 735, '67.2': 708, '71.1': 483, '71.2': 633, '89.1': 1106, '89.2': 582, '97.1': 1003, '97.2': 1034};1;1;x + 1170
573.2;19;{'3.1': 1, '3.2': 18, '4.1': 15, '5.1': 6, '5.2': 15, '11.1': 13, '23.1': 6, '23.2': 14, '31.1': 8, '31.2': 10, '37.1': 2, '37.2': 0, '47.1': 3, '47.2': 15, '49.1': 14, '53.1': 16, '53.2': 2, '59.1': 14, '59.2': 1, '67.1': 10, '67.2': 13, '71.1': 8, '71.2': 12, '89.1': 16, '89.2': 12, '97.1': 17, '97.2': 5};1;1;x + 18
573.2;283;{'3.1': 282, '3.2': 225, '4.1': 207, '5.1': 37, '5.2': 174, '11.1': 141, '23.1': 1, '23.2': 54, '31.1': 18, '31.2': 143, '37.1': 258, '37.2': 208, '47.1': 128, '47.2': 246, '49.1': 25, '53.1': 177, '53.2': 22, '59.1': 9, '59.2': 177, '67.1': 264, '67.2': 259, '71.1': 29, '71.2': 226, '89.1': 142, '89.2': 185, '97.1': 144, '97.2': 160};1;1;x + 282
575.1;17;{'3.1': 2, '3.2': 3, '4.1': 8, '5.1': 0, '5.2': 8, '11.1': 1, '23.1': 1, '23.2': 9, '31.1': 13, '31.2': 9, '37.1': 15, '37.2': 5, '47.1': 14, '47.2': 1, '49.1': 10, '53.1': 1, '53.2': 6, '59.1': 0, '59.2': 2, '67.1': 16, '67.2': 0, '71.1': 16, '71.2': 13, '89.1': 15, '89.2': 0, '97.1': 9, '97.2': 6};1;1;x + 16
575.1;17;{'3.1': 2, '3.2': 14, '4.1': 9, '5.1': 0, '5.2': 9, '11.1': 16, '23.1': 16, '23.2': 9, '31.1': 4, '31.2': 8, '37.1': 15, '37.2': 12, '47.1': 14, '47.2': 16, '49.1': 7, '53.1': 1, '53.2': 11, '59.1': 0, '59.2': 2, '67.1': 1, '67.2': 0, '71.1': 16, '71.2': 13, '89.1': 2, '89.2': 0, '97.1': 8, '97.2': 6};1;1;x + 16
575.2;7;{'3.1': 0, '3.2': 0, '4.1': 4, '5.1': 0, '5.2': 6, '11.1': 2, '23.1': 4, '23.2': 1, '31.1': 1, '31.2': 1, '37.1': 2, '37.2': 4, '47.1': 1, '47.2': 0, '49.1': 2, '53.1': 3, '53.2': 6, '59.1': 2, '59.2': 2, '67.1': 1, '67.2': 1, '71.1': 4, '71.2': 0, '89.1': 2, '89.2': 2, '97.1': 1, '97.2': 6};1;1;x + 6
575.2;7;{'3.1': 0, '3.2': 0, '4.1': 3, '5.1': 0, '5.2': 1, '11.1': 5, '23.1': 3, '23.2': 1, '31.1': 6, '31.2': 6, '37.1': 2, '37.2': 3, '47.1': 1, '47.2': 0, '49.1': 5, '53.1': 3, '53.2': 1, '59.1': 2, '59.2': 2, '67.1': 6, '67.2': 1, '71.1': 4, '71.2': 0, '89.1': 5, '89.2': 5, '97.1': 6, '97.2': 6};1;1;x + 6
575.3;11;{'3.1': 7, '3.2': 6, '4.1': 5, '5.1': 1, '5.2': 1, '11.1': 1, '23.1': 1, '23.2': 9, '31.1': 10, '31.2': 4, '37.1': 5, '37.2': 7, '47.1': 4, '47.2': 10, '49.1': 3, '53.1': 2, '53.2': 3, '59.1': 3, '59.2': 4, '67.1': 4, '67.2': 6, '71.1': 5, '71.2': 10, '89.1': 9, '89.2': 2, '97.1': 10, '97.2': 4};1;1;x + 10
575.3;37;{'3.1': 12, '3.2': 8, '4.1': 32, '5.1': 1, '5.2': 36, '11.1': 21, '23.1': 1, '23.2': 13, '31.1': 34, '31.2': 9, '37.1': 6, '37.2': 8, '47.1': 21, '47.2': 33, '49.1': 35, '53.1': 25, '53.2': 35, '59.1': 28, '59.2': 35, '67.1': 5, '67.2': 13, '71.1': 3, '71.2': 27, '89.1': 20, '89.2': 11, '97.1': 13, '97.2': 17};1;1;x + 36
575.3;89;{'3.1': 46, '3.2': 7, '4.1': 50, '5.1': 88, '5.2': 1, '11.1': 23, '23.1': 88, '23.2': 25, '31.1': 5, '31.2': 69, '37.1': 74, '37.2': 84, '47.1': 18, '47.2': 88, '49.1': 7, '53.1': 66, '53.2': 45, '59.1': 9, '59.2': 60, '67.1': 56, '67.2': 6, '71.1': 13, '71.2': 55, '89.1': 34, '89.2': 11, '97.1': 73, '97.2': 32};1;1;x + 88
577.1;371141;{'3.1': 247116, '3.2': 164484, '4.1': 73468, '5.1': 186185, '5.2': 33764, '11.1': 310893, '23.1': 254869, '23.2': 40900, '31.1': 88254, '31.2': 111367, '37.1': 113910, '37.2': 131448, '47.1': 318751, '47.2': 313594, '49.1': 217684, '53.1': 78789, '53.2': 344578, '59.1': 179630, '59.2': 287853, '67.1': 239836, '67.2': 199575, '71.1': 273162, '71.2': 272936, '89.1': 333100, '89.2': 36314, '97.1': 181595, '97.2': 79125};1;1;x + 371140
583.1;3;{'3.1': 0, '3.2': 2*X1, '4.1': 2, '5.1': X1 + 1, '5.2': X1 + 2, '11.1': 1, '23.1': 2, '23.2': X1 + 2, '31.1': X1 + 2, '31.2': 0, '37.1': X1, '37.2': 0, '47.1': X1, '47.2': 2*X1, '49.1': X1 + 1, '53.1': 1, '53.2': X1 + 2, '59.1': 2*X1 + 1, '59.2': 2, '67.1': 2*X1 + 2, '67.2': X1 + 2, '71.1': 1, '71.2': 2*X1, '89.1': 2*X1 + 2, '89.2': 2*X1, '97.1': X1 + 2, '97.2': 2};1;1;x^2 + 2*x + 2
583.1;173;{'3.1': 130, '3.2': 9, '4.1': 115, '5.1': 105, '5.2': 102, '11.1': 172, '23.1': 25, '23.2': 87, '31.1': 140, '31.2': 162, '37.1': 145, '37.2': 117, '47.1': 94, '47.2': 65, '49.1': 77, '53.1': 1, '53.2': 24, '59.1': 33, '59.2': 104, '67.1': 111, '67.2': 10, '71.1': 78, '71.2': 49, '89.1': 31, '89.2': 166, '97.1': 78, '97.2': 159};1;1;x + 172
583.1;563;{'3.1': 417, '3.2': 124, '4.1': 537, '5.1': 390, '5.2': 4, '11.1': 1, '23.1': 436, '23.2': 235, '31.1': 403, '31.2': 397, '37.1': 20, '37.2': 178, '47.1': 229, '47.2': 558, '49.1': 45, '53.1': 562, '53.2': 0, '59.1': 321, '59.2': 227, '67.1': 532, '67.2': 437, '71.1': 527, '71.2': 364, '89.1': 376, '89.2': 438, '97.1': 53, '97.2': 192};1;1;x + 562
587.1;3;{'3.1': 2*X1, '3.2': 2*X1 + 1, '4.1': X1, '5.1': 0, '5.2': 0, '11.1': 2*X1 + 2, '23.1': 2*X1, '23.2': 0, '31.1': 2*X1 + 1, '31.2': 2*X1 + 2, '37.1': 2*X1 + 2, '37.2': 1, '47.1': 2*X1 + 1, '47.2': X1 + 1, '49.1': X1 + 1, '53.1': 2*X1, '53.2': 2*X1 + 1, '59.1': X1 + 2, '59.2': 2*X1 + 1, '67.1': 2*X1 + 2, '67.2': 2, '71.1': 2*X1 + 2, '71.2': 0, '89.1': X1 + 2, '89.2': X1 + 1, '97.1': 2*X1 + 2, '97.2': X1};1;1;x^2 + 2*x + 2
587.1;7;{'3.1': 5*X1 + 1, '3.2': 6*X1 + 5, '4.1': X1, '5.1': 3*X1, '5.2': X1 + 2, '11.1': 6*X1 + 2, '23.1': 3*X1 + 3, '23.2': 3*X1 + 4, '31.1': 6*X1 + 4, '31.2': 6*X1, '37.1': 4*X1 + 5, '37.2': 6*X1 + 3, '47.1': X1 + 3, '47.2': 3*X1 + 3, '49.1': 5*X1 + 2, '53.1': 3, '53.2': X1 + 3, '59.1': 2*X1 + 5, '59.2': 5*X1 + 5, '67.1': 5*X1 + 5, '67.2': X1, '71.1': 5*X1 + 6, '71.2': 4*X1 + 2, '89.1': X1 + 1, '89.2': 4*X1, '97.1': 3*X1 + 4, '97.2': 2};1;1;x^2 + 6*x + 3
587.1;31;{'3.1': 13, '3.2': 13, '4.1': 9, '5.1': 26, '5.2': 9, '11.1': 26, '23.1': 17, '23.2': 13, '31.1': 19, '31.2': 16, '37.1': 8, '37.2': 9, '47.1': 0, '47.2': 21, '49.1': 8, '53.1': 28, '53.2': 2, '59.1': 30, '59.2': 24, '67.1': 2, '67.2': 0, '71.1': 23, '71.2': 5, '89.1': 13, '89.2': 10, '97.1': 7, '97.2': 29};1;1;x + 30
587.1;7963;{'3.1': 1873, '3.2': 6354, '4.1': 1581, '5.1': 7221, '5.2': 7851, '11.1': 2473, '23.1': 6061, '23.2': 7344, '31.1': 7719, '31.2': 702, '37.1': 3429, '37.2': 7802, '47.1': 3580, '47.2': 5639, '49.1': 2094, '53.1': 2671, '53.2': 4402, '59.1': 3609, '59.2': 6995, '67.1': 2574, '67.2': 578, '71.1': 7452, '71.2': 681, '89.1': 6126, '89.2': 78, '97.1': 5226, '97.2': 905};1;1;x + 7962
588.1;53;{'3.1': 52, '3.2': 25, '4.1': 1, '5.1': 16, '5.2': 24, '11.1': 43, '23.1': 28, '23.2': 45, '31.1': 3, '31.2': 6, '37.1': 2, '37.2': 50, '47.1': 8, '47.2': 38, '49.1': 52, '53.1': 25, '53.2': 4, '59.1': 40, '59.2': 18, '67.1': 46, '67.2': 43, '71.1': 36, '71.2': 11, '89.1': 13, '89.2': 50, '97.1': 39, '97.2': 19};1;1;x + 52
592.1;3;{'3.1': 2*X1 + 2, '3.2': X1 + 1, '4.1': 0, '5.1': 2*X1, '5.2': 2*X1 + 2, '11.1': X1 + 2, '23.1': 0, '23.2': 2*X1, '31.1': 2*X1 + 1, '31.2': X1, '37.1': 2, '37.2': 0, '47.1': X1 + 2, '47.2': 0, '49.1': 1, '53.1': X1 + 2, '53.2': X1 + 2, '59.1': X1 + 1, '59.2': X1 + 1, '67.1': 1, '67.2': 2*X1 + 1, '71.1': 0, '71.2': 2*X1 + 1, '89.1': 2*X1, '89.2': 2*X1 + 2, '97.1': 0, '97.2': 1};1;1;x^2 + 2*x + 2
592.1;7;{'3.1': 0, '3.2': 3, '4.1': 0, '5.1': 0, '5.2': 1, '11.1': 5, '23.1': 3, '23.2': 1, '31.1': 0, '31.2': 3, '37.1': 1, '37.2': 1, '47.1': 6, '47.2': 6, '49.1': 1, '53.1': 5, '53.2': 5, '59.1': 3, '59.2': 0, '67.1': 5, '67.2': 4, '71.1': 6, '71.2': 6, '89.1': 1, '89.2': 0, '97.1': 5, '97.2': 2};1;1;x + 6
592.1;41;{'3.1': 33, '3.2': 36, '4.1': 0, '5.1': 26, '5.2': 13, '11.1': 34, '23.1': 21, '23.2': 5, '31.1': 3, '31.2': 15, '37.1': 1, '37.2': 29, '47.1': 14, '47.2': 5, '49.1': 19, '53.1': 5, '53.2': 33, '59.1': 16, '59.2': 31, '67.1': 26, '67.2': 14, '71.1': 36, '71.2': 10, '89.1': 37, '89.2': 34, '97.1': 0, '97.2': 40};1;1;x + 40
592.1;61;{'3.1': 19, '3.2': 57, '4.1': 0, '5.1': 42, '5.2': 18, '11.1': 28, '23.1': 21, '23.2': 12, '31.1': 14, '31.2': 58, '37.1': 60, '37.2': 35, '47.1': 24, '47.2': 13, '49.1': 24, '53.1': 37, '53.2': 28, '59.1': 54, '59.2': 53, '67.1': 1, '67.2': 20, '71.1': 52, '71.2': 18, '89.1': 12, '89.2': 10, '97.1': 27, '97.2': 31};1;1;x + 60
597.2;31;{'3.1': 30, '3.2': 10, '4.1': 3, '5.1': 17, '5.2': 16, '11.1': 12, '23.1': 18, '23.2': 3, '31.1': 6, '31.2': 1, '37.1': 24, '37.2': 17, '47.1': 15, '47.2': 22, '49.1': 13, '53.1': 24, '53.2': 19, '59.1': 9, '59.2': 2, '67.1': 19, '67.2': 29, '71.1': 14, '71.2': 26, '89.1': 8, '89.2': 9, '97.1': 13, '97.2': 6};1;1;x + 30
597.2;181;{'3.1': 1, '3.2': 53, '4.1': 32, '5.1': 157, '5.2': 102, '11.1': 16, '23.1': 1, '23.2': 35, '31.1': 124, '31.2': 110, '37.1': 177, '37.2': 48, '47.1': 67, '47.2': 118, '49.1': 59, '53.1': 60, '53.2': 123, '59.1': 119, '59.2': 99, '67.1': 165, '67.2': 166, '71.1': 139, '71.2': 32, '89.1': 138, '89.2': 26, '97.1': 154, '97.2': 18};1;1;x + 180
599.1;3;{'3.1': 2, '3.2': 2*X1 + 2, '4.1': X1 + 2, '5.1': 2*X1 + 2, '5.2': X1, '11.1': 1, '23.1': X1, '23.2': 2, '31.1': X1 + 2, '31.2': 0, '37.1': 2*X1 + 1, '37.2': 2*X1 + 2, '47.1': 2, '47.2': X1 + 1, '49.1': 1, '53.1': 2*X1, '53.2': 2*X1 + 1, '59.1': X1 + 1, '59.2': X1, '67.1': 1, '67.2': 2*X1 + 2, '71.1': 2*X1 + 2, '71.2': 0, '89.1': 2*X1 + 2, '89.2': 1, '97.1': X1 + 1, '97.2': X1 + 2};1;1;x^2 + 2*x + 2
599.1;59;{'3.1': 55, '3.2': 57, '4.1': 52, '5.1': 7, '5.2': 17, '11.1': 34, '23.1': 32, '23.2': 13, '31.1': 43, '31.2': 4, '37.1': 38, '37.2': 46, '47.1': 28, '47.2': 14, '49.1': 53, '53.1': 22, '53.2': 36, '59.1': 29, '59.2': 2, '67.1': 6, '67.2': 19, '71.1': 6, '71.2': 43, '89.1': 41, '89.2': 42, '97.1': 33, '97.2': 13};1;1;x + 58
599.1;88993;{'3.1': 31272, '3.2': 86218, '4.1': 12948, '5.1': 62206, '5.2': 82586, '11.1': 3859, '23.1': 36537, '23.2': 1094, '31.1': 29616, '31.2': 82229, '37.1': 64183, '37.2': 68275, '47.1': 8197, '47.2': 73816, '49.1': 81706, '53.1': 17488, '53.2': 60976, '59.1': 37729, '59.2': 12526, '67.1': 77143, '67.2': 36921, '71.1': 84758, '71.2': 70760, '89.1': 21865, '89.2': 87927, '97.1': 42005, '97.2': 23242};1;1;x + 88992
603.2;17;{'3.1': 0, '3.2': 10, '4.1': 10, '5.1': 11, '5.2': 10, '11.1': 7, '23.1': 4, '23.2': 15, '31.1': 10, '31.2': 6, '37.1': 10, '37.2': 14, '47.1': 11, '47.2': 15, '49.1': 6, '53.1': 3, '53.2': 12, '59.1': 9, '59.2': 14, '67.1': 16, '67.2': 16, '71.1': 6, '71.2': 5, '89.1': 3, '89.2': 4, '97.1': 3, '97.2': 7};1;1;x + 16
603.2;59;{'3.1': 0, '3.2': 56, '4.1': 30, '5.1': 41, '5.2': 21, '11.1': 25, '23.1': 11, '23.2': 2, '31.1': 5, '31.2': 11, '37.1': 9, '37.2': 50, '47.1': 14, '47.2': 16, '49.1': 4, '53.1': 39, '53.2': 11, '59.1': 50, '59.2': 40, '67.1': 32, '67.2': 1, '71.1': 42, '71.2': 40, '89.1': 22, '89.2': 20, '97.1': 35, '97.2': 5};1;1;x + 58
603.1;17;{'3.1': 0, '3.2': 2, '4.1': 10, '5.1': 7, '5.2': 6, '11.1': 10, '23.1': 2, '23.2': 13, '31.1': 6, '31.2': 10, '37.1': 14, '37.2': 10, '47.1': 2, '47.2': 6, '49.1': 6, '53.1': 5, '53.2': 14, '59.1': 3, '59.2': 8, '67.1': 16, '67.2': 16, '71.1': 12, '71.2': 11, '89.1': 13, '89.2': 14, '97.1': 7, '97.2': 3};1;1;x + 16
603.1;73;{'3.1': 0, '3.2': 39, '4.1': 7, '5.1': 17, '5.2': 41, '11.1': 56, '23.1': 56, '23.2': 40, '31.1': 39, '31.2': 53, '37.1': 6, '37.2': 40, '47.1': 60, '47.2': 52, '49.1': 71, '53.1': 63, '53.2': 17, '59.1': 45, '59.2': 47, '67.1': 1, '67.2': 39, '71.1': 11, '71.2': 29, '89.1': 49, '89.2': 27, '97.1': 25, '97.2': 8};1;1;x + 72
603.3;13;{'3.1': 12, '3.2': 1, '4.1': 8, '5.1': 8, '5.2': 8, '11.1': 3, '23.1': 5, '23.2': 7, '31.1': 10, '31.2': 8, '37.1': 2, '37.2': 10, '47.1': 7, '47.2': 2, '49.1': 3, '53.1': 12, '53.2': 12, '59.1': 3, '59.2': 12, '67.1': 1, '67.2': 7, '71.1': 8, '71.2': 6, '89.1': 2, '89.2': 1, '97.1': 5, '97.2': 10};1;1;x + 12
605.1;47;{'3.1': 26, '3.2': 32, '4.1': 46, '5.1': 1, '5.2': 6, '11.1': 0, '23.1': 43, '23.2': 27, '31.1': 0, '31.2': 19, '37.1': 5, '37.2': 43, '47.1': 21, '47.2': 43, '49.1': 20, '53.1': 22, '53.2': 46, '59.1': 8, '59.2': 3, '67.1': 21, '67.2': 11, '71.1': 11, '71.2': 33, '89.1': 10, '89.2': 44, '97.1': 31, '97.2': 43};1;1;x + 46
617.1;7621;{'3.1': 7224, '3.2': 3227, '4.1': 1352, '5.1': 1400, '5.2': 3674, '11.1': 1645, '23.1': 2885, '23.2': 4628, '31.1': 5738, '31.2': 2254, '37.1': 4690, '37.2': 7146, '47.1': 6530, '47.2': 7097, '49.1': 1863, '53.1': 3299, '53.2': 5668, '59.1': 3906, '59.2': 6774, '67.1': 352, '67.2': 5712, '71.1': 2942, '71.2': 7208, '89.1': 6210, '89.2': 1953, '97.1': 802, '97.2': 785};1;1;x + 7620
619.1;71;{'3.1': 2, '3.2': 43, '4.1': 25, '5.1': 51, '5.2': 31, '11.1': 62, '23.1': 55, '23.2': 55, '31.1': 33, '31.2': 49, '37.1': 68, '37.2': 36, '47.1': 4, '47.2': 39, '49.1': 25, '53.1': 53, '53.2': 39, '59.1': 34, '59.2': 62, '67.1': 3, '67.2': 46, '71.1': 27, '71.2': 7, '89.1': 21, '89.2': 11, '97.1': 56, '97.2': 17};1;1;x + 70
620.1;17;{'3.1': 10, '3.2': 7, '4.1': 16, '5.1': 16, '5.2': 7, '11.1': 10, '23.1': 8, '23.2': 4, '31.1': 1, '31.2': 8, '37.1': 10, '37.2': 15, '47.1': 8, '47.2': 3, '49.1': 4, '53.1': 14, '53.2': 4, '59.1': 8, '59.2': 6, '67.1': 9, '67.2': 11, '71.1': 12, '71.2': 8, '89.1': 10, '89.2': 1, '97.1': 15, '97.2': 12};1;1;x + 16
620.1;23;{'3.1': 19, '3.2': 16, '4.1': 1, '5.1': 1, '5.2': 8, '11.1': 14, '23.1': 9, '23.2': 3, '31.1': 1, '31.2': 13, '37.1': 20, '37.2': 11, '47.1': 5, '47.2': 19, '49.1': 20, '53.1': 3, '53.2': 13, '59.1': 16, '59.2': 8, '67.1': 3, '67.2': 12, '71.1': 21, '71.2': 19, '89.1': 21, '89.2': 20, '97.1': 18, '97.2': 0};1;1;x + 22
620.1;47;{'3.1': 22, '3.2': 16, '4.1': 1, '5.1': 46, '5.2': 17, '11.1': 41, '23.1': 2, '23.2': 9, '31.1': 46, '31.2': 40, '37.1': 15, '37.2': 44, '47.1': 23, '47.2': 30, '49.1': 38, '53.1': 39, '53.2': 6, '59.1': 41, '59.2': 24, '67.1': 8, '67.2': 28, '71.1': 10, '71.2': 13, '89.1': 44, '89.2': 41, '97.1': 15, '97.2': 6};1;1;x + 46
621.3;41;{'3.1': 0, '3.2': 40, '4.1': 8, '5.1': 8, '5.2': 27, '11.1': 14, '23.1': 1, '23.2': 9, '31.1': 38, '31.2': 17, '37.1': 21, '37.2': 4, '47.1': 28, '47.2': 30, '49.1': 11, '53.1': 27, '53.2': 32, '59.1': 10, '59.2': 8, '67.1': 25, '67.2': 9, '71.1': 21, '71.2': 27, '89.1': 12, '89.2': 33, '97.1': 30, '97.2': 19};1;1;x + 40
621.2;47;{'3.1': 0, '3.2': 12, '4.1': 33, '5.1': 41, '5.2': 22, '11.1': 13, '23.1': 43, '23.2': 1, '31.1': 42, '31.2': 37, '37.1': 36, '37.2': 21, '47.1': 11, '47.2': 35, '49.1': 37, '53.1': 35, '53.2': 25, '59.1': 16, '59.2': 29, '67.1': 36, '67.2': 11, '71.1': 37, '71.2': 36, '89.1': 18, '89.2': 38, '97.1': 43, '97.2': 26};1;1;x + 46
625.1;31;{'3.1': 28, '3.2': 20, '4.1': 16, '5.1': 0, '5.2': 27, '11.1': 22, '23.1': 28, '23.2': 1, '31.1': 29, '31.2': 0, '37.1': 14, '37.2': 15, '47.1': 12, '47.2': 16, '49.1': 15, '53.1': 10, '53.2': 17, '59.1': 26, '59.2': 23, '67.1': 2, '67.2': 14, '71.1': 29, '71.2': 19, '89.1': 29, '89.2': 27, '97.1': 23, '97.2': 2};1;1;x + 30
625.1;31;{'3.1': 28, '3.2': 11, '4.1': 15, '5.1': 0, '5.2': 4, '11.1': 9, '23.1': 3, '23.2': 1, '31.1': 2, '31.2': 0, '37.1': 14, '37.2': 16, '47.1': 12, '47.2': 15, '49.1': 16, '53.1': 10, '53.2': 14, '59.1': 26, '59.2': 23, '67.1': 29, '67.2': 14, '71.1': 29, '71.2': 19, '89.1': 2, '89.2': 4, '97.1': 8, '97.2': 2};1;1;x + 30
625.3;2;{'3.1': X1, '3.2': X1, '4.1': X1, '5.1': 0, '5.2': 0, '11.1': 0, '23.1': X1 + 1, '23.2': X1 + 1, '31.1': 1, '31.2': 1, '37.1': 1, '37.2': 1, '47.1': 1, '47.2': 1, '49.1': X1, '53.1': X1 + 1, '53.2': X1 + 1, '59.1': 1, '59.2': 1, '67.1': 0, '67.2': 0, '71.1': 0, '71.2': 0, '89.1': X1, '89.2': X1, '97.1': X1 + 1, '97.2': X1 + 1};1;4;x^2 + x + 1
628.1;5;{'3.1': 2, '3.2': X1 + 4, '4.1': 4, '5.1': 3*X1 + 4, '5.2': 3*X1 + 3, '11.1': 3*X1 + 1, '23.1': 3*X1 + 2, '23.2': 4*X1 + 3, '31.1': 2*X1, '31.2': 4*X1 + 1, '37.1': X1 + 4, '37.2': 3, '47.1': X1 + 1, '47.2': 4*X1 + 3, '49.1': 3*X1 + 1, '53.1': 3*X1 + 3, '53.2': 3, '59.1': X1 + 3, '59.2': 3*X1 + 3, '67.1': 3*X1 + 2, '67.2': X1 + 3, '71.1': 3*X1 + 2, '71.2': 4, '89.1': 3*X1 + 2, '89.2': 2*X1 + 4, '97.1': X1 + 3, '97.2': 2*X1};1;1;x^2 + 4*x + 2
628.1;31;{'3.1': 3, '3.2': 18, '4.1': 1, '5.1': 17, '5.2': 20, '11.1': 4, '23.1': 1, '23.2': 20, '31.1': 12, '31.2': 21, '37.1': 20, '37.2': 16, '47.1': 0, '47.2': 16, '49.1': 0, '53.1': 21, '53.2': 5, '59.1': 16, '59.2': 5, '67.1': 26, '67.2': 24, '71.1': 19, '71.2': 27, '89.1': 25, '89.2': 25, '97.1': 17, '97.2': 24};1;1;x + 30
628.1;37;{'3.1': 24, '3.2': 26, '4.1': 36, '5.1': 25, '5.2': 36, '11.1': 29, '23.1': 32, '23.2': 0, '31.1': 29, '31.2': 2, '37.1': 21, '37.2': 17, '47.1': 5, '47.2': 34, '49.1': 35, '53.1': 27, '53.2': 4, '59.1': 35, '59.2': 8, '67.1': 25, '67.2': 4, '71.1': 35, '71.2': 23, '89.1': 4, '89.2': 23, '97.1': 6, '97.2': 9};1;1;x + 36
628.1;107;{'3.1': 0, '3.2': 4, '4.1': 1, '5.1': 86, '5.2': 20, '11.1': 13, '23.1': 90, '23.2': 76, '31.1': 26, '31.2': 102, '37.1': 106, '37.2': 77, '47.1': 22, '47.2': 105, '49.1': 96, '53.1': 26, '53.2': 100, '59.1': 76, '59.2': 5, '67.1': 104, '67.2': 28, '71.1': 91, '71.2': 12, '89.1': 66, '89.2': 94, '97.1': 97, '97.2': 78};1;1;x + 106
628.1;181;{'3.1': 159, '3.2': 16, '4.1': 180, '5.1': 3, '5.2': 44, '11.1': 100, '23.1': 140, '23.2': 96, '31.1': 72, '31.2': 26, '37.1': 68, '37.2': 79, '47.1': 56, '47.2': 55, '49.1': 118, '53.1': 44, '53.2': 159, '59.1': 20, '59.2': 51, '67.1': 179, '67.2': 50, '71.1': 171, '71.2': 12, '89.1': 127, '89.2': 95, '97.1': 149, '97.2': 68};1;1;x + 180
631.1;3;{'3.1': 2*X1 + 2, '3.2': 1, '4.1': 2, '5.1': 2*X1 + 2, '5.2': 2*X1 + 1, '11.1': 0, '23.1': 0, '23.2': X1 + 2, '31.1': 0, '31.2': 0, '37.1': 1, '37.2': 0, '47.1': 2*X1 + 2, '47.2': X1 + 1, '49.1': X1 + 2, '53.1': 0, '53.2': 2*X1 + 2, '59.1': X1 + 1, '59.2': X1, '67.1': 0, '67.2': 2*X1, '71.1': X1, '71.2': X1, '89.1': 0, '89.2': 2*X1 + 2, '97.1': 0, '97.2': 0};1;1;x^2 + 2*x + 2
631.1;7;{'3.1': 2, '3.2': 5, '4.1': 2, '5.1': 2, '5.2': 1, '11.1': 0, '23.1': 0, '23.2': 3, '31.1': 0, '31.2': 4, '37.1': 4, '37.2': 3, '47.1': 2, '47.2': 1, '49.1': 3, '53.1': 0, '53.2': 1, '59.1': 5, '59.2': 6, '67.1': 5, '67.2': 1, '71.1': 1, '71.2': 5, '89.1': 0, '89.2': 3, '97.1': 5, '97.2': 5};1;1;x + 6
631.1;11;{'3.1': 9, '3.2': 8, '4.1': 3, '5.1': 10, '5.2': 6, '11.1': 7, '23.1': 7, '23.2': 7, '31.1': 7, '31.2': 10, '37.1': 3, '37.2': 3, '47.1': 2, '47.2': 1, '49.1': 5, '53.1': 7, '53.2': 7, '59.1': 10, '59.2': 1, '67.1': 4, '67.2': 2, '71.1': 1, '71.2': 5, '89.1': 10, '89.2': 2, '97.1': 1, '97.2': 10};1;1;x + 10
631.1;37;{'3.1': 34, '3.2': 13, '4.1': 25, '5.1': 10, '5.2': 15, '11.1': 12, '23.1': 34, '23.2': 0, '31.1': 13, '31.2': 3, '37.1': 11, '37.2': 33, '47.1': 29, '47.2': 17, '49.1': 0, '53.1': 18, '53.2': 16, '59.1': 10, '59.2': 31, '67.1': 36, '67.2': 9, '71.1': 4, '71.2': 3, '89.1': 5, '89.2': 16, '97.1': 14, '97.2': 17};1;1;x + 36
631.1;43;{'3.1': 19, '3.2': 26, '4.1': 36, '5.1': 17, '5.2': 36, '11.1': 15, '23.1': 21, '23.2': 3, '31.1': 25, '31.2': 4, '37.1': 19, '37.2': 42, '47.1': 0, '47.2': 35, '49.1': 17, '53.1': 15, '53.2': 35, '59.1': 29, '59.2': 38, '67.1': 5, '67.2': 0, '71.1': 40, '71.2': 6, '89.1': 20, '89.2': 38, '97.1': 17, '97.2': 34};1;1;x + 42
631.1;56687;{'3.1': 1329, '3.2': 54341, '4.1': 17757, '5.1': 47644, '5.2': 54843, '11.1': 29878, '23.1': 4731, '23.2': 7646, '31.1': 8321, '31.2': 34052, '37.1': 644, '37.2': 3564, '47.1': 13593, '47.2': 24379, '49.1': 28544, '53.1': 19444, '53.2': 46329, '59.1': 16247, '59.2': 37014, '67.1': 33335, '67.2': 7825, '71.1': 15051, '71.2': 56137, '89.1': 10833, '89.2': 30236, '97.1': 53855, '97.2': 26254};1;1;x + 56686
636.2;5;{'3.1': 4, '3.2': 3*X1^2 + 3*X1 + 2, '4.1': 1, '5.1': 4*X1 + 3, '5.2': X1^2 + 4, '11.1': 4*X1 + 3, '23.1': 3*X1^2 + 3*X1 + 2, '23.2': X1^2 + X1, '31.1': 4*X1^2 + 2*X1 + 1, '31.2': X1^2 + 4*X1, '37.1': 4*X1^2 + 1, '37.2': 4*X1 + 2, '47.1': X1^2 + 4*X1 + 3, '47.2': 3*X1^2 + 2*X1 + 2, '49.1': X1^2 + 3*X1 + 3, '53.1': 2*X1^2 + 2*X1 + 2, '53.2': 4, '59.1': 3*X1^2 + 4*X1, '59.2': X1^2 + 4*X1 + 3, '67.1': 4*X1^2 + X1, '67.2': 4*X1^2 + 2*X1 + 2, '71.1': X1^2 + X1 + 1, '71.2': 3*X1^2 + 3, '89.1': 4*X1^2 + 1, '89.2': X1^2 + X1, '97.1': 3*X1^2, '97.2': X1^2 + 3*X1 + 4};1;1;x^3 + 3*x + 3
636.2;17;{'3.1': 1, '3.2': 16, '4.1': 16, '5.1': 5, '5.2': 10, '11.1': 3, '23.1': 15, '23.2': 15, '31.1': 9, '31.2': 13, '37.1': 13, '37.2': 9, '47.1': 13, '47.2': 14, '49.1': 16, '53.1': 11, '53.2': 16, '59.1': 2, '59.2': 6, '67.1': 8, '67.2': 10, '71.1': 15, '71.2': 2, '89.1': 13, '89.2': 4, '97.1': 4, '97.2': 6};1;1;x + 16
636.2;59;{'3.1': 1, '3.2': 43, '4.1': 1, '5.1': 25, '5.2': 24, '11.1': 4, '23.1': 55, '23.2': 35, '31.1': 57, '31.2': 47, '37.1': 30, '37.2': 6, '47.1': 53, '47.2': 10, '49.1': 6, '53.1': 33, '53.2': 1, '59.1': 56, '59.2': 56, '67.1': 6, '67.2': 49, '71.1': 23, '71.2': 17, '89.1': 44, '89.2': 6, '97.1': 47, '97.2': 39};1;1;x + 58
636.1;3;{'3.1': 1, '3.2': 0, '4.1': 1, '5.1': 2*X1 + 2, '5.2': X1, '11.1': 2*X1, '23.1': 2*X1, '23.2': X1 + 1, '31.1': X1, '31.2': 2*X1, '37.1': 2*X1 + 2, '37.2': 1, '47.1': 2, '47.2': 2, '49.1': 2*X1 + 1, '53.1': 1, '53.2': 1, '59.1': X1, '59.2': 2*X1 + 1, '67.1': 1, '67.2': 2*X1 + 1, '71.1': X1 + 1, '71.2': 2*X1 + 2, '89.1': 2, '89.2': 2, '97.1': 2*X1 + 1, '97.2': 2*X1 + 1};1;1;x^2 + 2*x + 2
636.1;17;{'3.1': 16, '3.2': 10, '4.1': 1, '5.1': 14, '5.2': 16, '11.1': 11, '23.1': 11, '23.2': 15, '31.1': 5, '31.2': 15, '37.1': 5, '37.2': 14, '47.1': 0, '47.2': 7, '49.1': 6, '53.1': 16, '53.2': 0, '59.1': 9, '59.2': 3, '67.1': 9, '67.2': 4, '71.1': 0, '71.2': 12, '89.1': 9, '89.2': 13, '97.1': 16, '97.2': 16};1;1;x + 16
639.3;11;{'3.1': 1, '3.2': 1, '4.1': 6, '5.1': 9, '5.2': 3, '11.1': 0, '23.1': 3, '23.2': 6, '31.1': 10, '31.2': 7, '37.1': 7, '37.2': 1, '47.1': 7, '47.2': 7, '49.1': 8, '53.1': 5, '53.2': 1, '59.1': 0, '59.2': 0, '67.1': 5, '67.2': 2, '71.1': 1, '71.2': 1, '89.1': 4, '89.2': 2, '97.1': 2, '97.2': 8};1;1;x + 10
639.3;17;{'3.1': 16, '3.2': 1, '4.1': 8, '5.1': 11, '5.2': 4, '11.1': 16, '23.1': 4, '23.2': 16, '31.1': 8, '31.2': 15, '37.1': 12, '37.2': 5, '47.1': 6, '47.2': 14, '49.1': 5, '53.1': 5, '53.2': 13, '59.1': 13, '59.2': 11, '67.1': 0, '67.2': 8, '71.1': 16, '71.2': 9, '89.1': 10, '89.2': 6, '97.1': 8, '97.2': 15};1;1;x + 16
639.1;79;{'3.1': 0, '3.2': 45, '4.1': 6, '5.1': 45, '5.2': 69, '11.1': 72, '23.1': 7, '23.2': 55, '31.1': 28, '31.2': 31, '37.1': 56, '37.2': 62, '47.1': 20, '47.2': 70, '49.1': 16, '53.1': 5, '53.2': 30, '59.1': 39, '59.2': 67, '67.1': 23, '67.2': 9, '71.1': 78, '71.2': 50, '89.1': 20, '89.2': 58, '97.1': 39, '97.2': 45};1;1;x + 78
639.2;227;{'3.1': 0, '3.2': 140, '4.1': 147, '5.1': 195, '5.2': 207, '11.1': 43, '23.1': 108, '23.2': 47, '31.1': 150, '31.2': 134, '37.1': 29, '37.2': 203, '47.1': 57, '47.2': 95, '49.1': 28, '53.1': 77, '53.2': 154, '59.1': 192, '59.2': 14, '67.1': 8, '67.2': 105, '71.1': 173, '71.2': 1, '89.1': 99, '89.2': 224, '97.1': 225, '97.2': 128};1;1;x + 226
641.1;10399;{'3.1': 6586, '3.2': 9119, '4.1': 6600, '5.1': 959, '5.2': 3039, '11.1': 2972, '23.1': 779, '23.2': 5039, '31.1': 5083, '31.2': 9961, '37.1': 2943, '37.2': 8295, '47.1': 6789, '47.2': 1138, '49.1': 1880, '53.1': 3970, '53.2': 1250, '59.1': 428, '59.2': 3907, '67.1': 9200, '67.2': 506, '71.1': 3554, '71.2': 7022, '89.1': 4346, '89.2': 3467, '97.1': 492, '97.2': 5901};1;1;x + 10398
641.1;9512101;{'3.1': 4913469, '3.2': 3557245, '4.1': 7521106, '5.1': 4219231, '5.2': 9108077, '11.1': 1273172, '23.1': 568560, '23.2': 9244588, '31.1': 807589, '31.2': 5076804, '37.1': 6302098, '37.2': 3579728, '47.1': 8306137, '47.2': 8534709, '49.1': 3772501, '53.1': 4539728, '53.2': 4628020, '59.1': 6564945, '59.2': 3725, '67.1': 2134014, '67.2': 4401439, '71.1': 5451133, '71.2': 7975734, '89.1': 7773734, '89.2': 6065253, '97.1': 3338667, '97.2': 5280616};1;1;x + 9512100
643.1;17;{'3.1': 12, '3.2': 14, '4.1': 16, '5.1': 9, '5.2': 12, '11.1': 9, '23.1': 15, '23.2': 5, '31.1': 0, '31.2': 5, '37.1': 2, '37.2': 7, '47.1': 11, '47.2': 10, '49.1': 11, '53.1': 12, '53.2': 6, '59.1': 5, '59.2': 12, '67.1': 9, '67.2': 10, '71.1': 8, '71.2': 15, '89.1': 13, '89.2': 3, '97.1': 4, '97.2': 10};1;1;x + 16
643.1;816707393;{'3.1': 96971859, '3.2': 152262453, '4.1': 477276266, '5.1': 64435723, '5.2': 494461509, '11.1': 122788942, '23.1': 233765432, '23.2': 151346688, '31.1': 552860142, '31.2': 586525760, '37.1': 387797750, '37.2': 782410841, '47.1': 373722930, '47.2': 545549991, '49.1': 615658514, '53.1': 572614098, '53.2': 325578475, '59.1': 257851182, '59.2': 734843950, '67.1': 495537172, '67.2': 596663373, '71.1': 381925771, '71.2': 281464165, '89.1': 801183237, '89.2': 408381529, '97.1': 396187872, '97.2': 657255937};1;1;x + 816707392
647.1;11;{'3.1': 8, '3.2': 8, '4.1': 4, '5.1': 5, '5.2': 1, '11.1': 4, '23.1': 0, '23.2': 5, '31.1': 0, '31.2': 4, '37.1': 8, '37.2': 7, '47.1': 4, '47.2': 8, '49.1': 9, '53.1': 8, '53.2': 1, '59.1': 7, '59.2': 3, '67.1': 9, '67.2': 1, '71.1': 5, '71.2': 1, '89.1': 4, '89.2': 2, '97.1': 9, '97.2': 6};1;1;x + 10
647.1;23;{'3.1': 0, '3.2': 14, '4.1': 8, '5.1': 22, '5.2': 22, '11.1': 8, '23.1': 13, '23.2': 14, '31.1': 10, '31.2': 10, '37.1': 11, '37.2': 5, '47.1': 14, '47.2': 17, '49.1': 1, '53.1': 16, '53.2': 13, '59.1': 11, '59.2': 14, '67.1': 7, '67.2': 3, '71.1': 15, '71.2': 7, '89.1': 9, '89.2': 9, '97.1': 14, '97.2': 22};1;1;x + 22
647.1;4079;{'3.1': 1292, '3.2': 2089, '4.1': 1930, '5.1': 2843, '5.2': 2846, '11.1': 3344, '23.1': 630, '23.2': 1371, '31.1': 618, '31.2': 2288, '37.1': 2045, '37.2': 3799, '47.1': 78, '47.2': 3880, '49.1': 4031, '53.1': 904, '53.2': 2997, '59.1': 3264, '59.2': 145, '67.1': 3333, '67.2': 3067, '71.1': 1529, '71.2': 2160, '89.1': 3290, '89.2': 1743, '97.1': 1754, '97.2': 2390};1;1;x + 4078
649.1;3;{'3.1': 1, '3.2': X1, '4.1': 2*X1 + 1, '5.1': X1, '5.2': 2*X1 + 2, '11.1': 1, '23.1': X1 + 1, '23.2': 2*X1 + 2, '31.1': 2*X1 + 2, '31.2': 2, '37.1': X1 + 1, '37.2': X1 + 2, '47.1': X1, '47.2': 2*X1 + 2, '49.1': 1, '53.1': 2, '53.2': X1 + 2, '59.1': 2, '59.2': X1 + 2, '67.1': 1, '67.2': X1 + 2, '71.1': X1 + 1, '71.2': 2*X1, '89.1': 2*X1 + 1, '89.2': 2, '97.1': X1 + 1, '97.2': X1 + 2};1;1;x^2 + 2*x + 2
649.1;7;{'3.1': 0, '3.2': 3, '4.1': 1, '5.1': 6, '5.2': 5, '11.1': 1, '23.1': 5, '23.2': 5, '31.1': 1, '31.2': 2, '37.1': 3, '37.2': 4, '47.1': 1, '47.2': 3, '49.1': 5, '53.1': 6, '53.2': 4, '59.1': 6, '59.2': 5, '67.1': 3, '67.2': 2, '71.1': 6, '71.2': 1, '89.1': 0, '89.2': 1, '97.1': 5, '97.2': 2};1;1;x + 6
649.1;19;{'3.1': 0, '3.2': 4, '4.1': 3, '5.1': 8, '5.2': 2, '11.1': 1, '23.1': 17, '23.2': 3, '31.1': 10, '31.2': 13, '37.1': 18, '37.2': 5, '47.1': 13, '47.2': 8, '49.1': 14, '53.1': 5, '53.2': 11, '59.1': 1, '59.2': 7, '67.1': 9, '67.2': 10, '71.1': 15, '71.2': 0, '89.1': 9, '89.2': 12, '97.1': 5, '97.2': 3};1;1;x + 18
649.1;43;{'3.1': 11, '3.2': 28, '4.1': 42, '5.1': 24, '5.2': 26, '11.1': 42, '23.1': 19, '23.2': 1, '31.1': 32, '31.2': 6, '37.1': 27, '37.2': 18, '47.1': 3, '47.2': 25, '49.1': 23, '53.1': 17, '53.2': 13, '59.1': 1, '59.2': 7, '67.1': 4, '67.2': 29, '71.1': 30, '71.2': 20, '89.1': 6, '89.2': 22, '97.1': 19, '97.2': 2};1;1;x + 42
652.1;223;{'3.1': 76, '3.2': 45, '4.1': 1, '5.1': 49, '5.2': 139, '11.1': 218, '23.1': 55, '23.2': 155, '31.1': 64, '31.2': 51, '37.1': 89, '37.2': 9, '47.1': 161, '47.2': 7, '49.1': 171, '53.1': 214, '53.2': 152, '59.1': 170, '59.2': 38, '67.1': 141, '67.2': 76, '71.1': 112, '71.2': 187, '89.1': 77, '89.2': 144, '97.1': 178, '97.2': 50};1;1;x + 222
652.1;353;{'3.1': 10, '3.2': 82, '4.1': 352, '5.1': 344, '5.2': 351, '11.1': 128, '23.1': 140, '23.2': 337, '31.1': 151, '31.2': 265, '37.1': 220, '37.2': 140, '47.1': 255, '47.2': 342, '49.1': 153, '53.1': 116, '53.2': 2, '59.1': 53, '59.2': 149, '67.1': 11, '67.2': 28, '71.1': 329, '71.2': 16, '89.1': 287, '89.2': 42, '97.1': 344, '97.2': 187};1;1;x + 352
653.1;127;{'3.1': 11, '3.2': 15, '4.1': 117, '5.1': 87, '5.2': 104, '11.1': 124, '23.1': 36, '23.2': 71, '31.1': 115, '31.2': 93, '37.1': 22, '37.2': 13, '47.1': 18, '47.2': 114, '49.1': 103, '53.1': 28, '53.2': 119, '59.1': 108, '59.2': 42, '67.1': 19, '67.2': 125, '71.1': 23, '71.2': 67, '89.1': 46, '89.2': 14, '97.1': 89, '97.2': 49};1;1;x + 126
653.1;7475861;{'3.1': 5719349, '3.2': 3865300, '4.1': 5832201, '5.1': 1591330, '5.2': 4956125, '11.1': 912624, '23.1': 5519790, '23.2': 1684308, '31.1': 4180098, '31.2': 3669458, '37.1': 299230, '37.2': 3317351, '47.1': 4993730, '47.2': 4264964, '49.1': 3944175, '53.1': 2392352, '53.2': 987090, '59.1': 2491541, '59.2': 3104057, '67.1': 2784344, '67.2': 3230638, '71.1': 1517614, '71.2': 4449524, '89.1': 916335, '89.2': 4232726, '97.1': 5484338, '97.2': 4767169};1;1;x + 7475860
661.1;3;{'3.1': X1^3 + 1, '3.2': X1^5 + X1^4 + 2*X1^2 + 2*X1 + 2, '4.1': X1^5 + X1^4 + 2*X1^3 + 2*X1^2 + X1, '5.1': X1^5 + 2*X1^3 + X1^2 + X1 + 2, '5.2': 2*X1^5 + 2*X1^3 + X1^2 + 2*X1 + 2, '11.1': 2*X1^5 + X1^4 + 2*X1^3 + 2*X1^2 + 2*X1, '23.1': 2*X1^5 + X1^2 + 2*X1 + 2, '23.2': 2*X1^5 + X1^4 + 2*X1^3 + X1^2 + 2*X1, '31.1': 2*X1^3 + 2*X1^2, '31.2': 2*X1^5 + 2*X1^3 + X1^2 + X1 + 2, '37.1': 2*X1^5 + X1^2 + 2*X1, '37.2': X1^5 + X1^4 + 2*X1^3 + 2*X1^2 + 2*X1 + 1, '47.1': X1^4 + 2*X1^3 + 2*X1^2 + 2*X1 + 2, '47.2': 2*X1^5 + X1^4 + 2*X1^3 + X1^2 + X1 + 1, '49.1': X1^4 + X1 + 1, '53.1': X1^5 + 2*X1^4 + X1^3 + 2*X1^2 + 2*X1 + 1, '53.2': 2*X1^4 + X1^3 + 2*X1^2 + 2*X1 + 2, '59.1': 2*X1^3 + 2*X1^2 + 2*X1, '59.2': X1^4 + X1^3 + 2*X1^2, '67.1': 2*X1^5 + 2*X1^4 + 2*X1^3, '67.2': 2*X1^5 + 2*X1^3 + X1^2 + 2, '71.1': X1^5 + X1^4 + X1^3 + X1^2 + X1 + 1, '71.2': X1^5 + 2*X1^4 + X1^3 + 2, '89.1': X1^4 + 2*X1^2 + 1, '89.2': 2*X1^5 + 2*X1^4 + 2*X1^2 + X1 + 1, '97.1': 2*X1^5 + X1^4 + X1, '97.2': X1^5 + 2*X1^2 + 2*X1 + 1};1;1;x^6 + 2*x^4 + x^2 + 2*x + 2
661.1;17;{'3.1': 8, '3.2': 8, '4.1': 16, '5.1': 3, '5.2': 16, '11.1': 11, '23.1': 2, '23.2': 5, '31.1': 15, '31.2': 12, '37.1': 15, '37.2': 4, '47.1': 10, '47.2': 11, '49.1': 16, '53.1': 8, '53.2': 2, '59.1': 8, '59.2': 13, '67.1': 4, '67.2': 16, '71.1': 8, '71.2': 2, '89.1': 14, '89.2': 8, '97.1': 4, '97.2': 8};1;1;x + 16
661.1;10264819;{'3.1': 1384947, '3.2': 2569719, '4.1': 9978795, '5.1': 6801999, '5.2': 8910931, '11.1': 3839954, '23.1': 8293790, '23.2': 4429405, '31.1': 7245168, '31.2': 7148421, '37.1': 2751809, '37.2': 2901129, '47.1': 5333415, '47.2': 5094496, '49.1': 7815614, '53.1': 1192079, '53.2': 5537341, '59.1': 3234091, '59.2': 9584260, '67.1': 3103823, '67.2': 7227363, '71.1': 2209325, '71.2': 8490853, '89.1': 4849632, '89.2': 1258018, '97.1': 9969782, '97.2': 7943809};1;1;x + 10264818
669.1;71;{'3.1': 70, '3.2': 26, '4.1': 58, '5.1': 36, '5.2': 45, '11.1': 43, '23.1': 32, '23.2': 2, '31.1': 50, '31.2': 65, '37.1': 61, '37.2': 65, '47.1': 10, '47.2': 39, '49.1': 27, '53.1': 59, '53.2': 7, '59.1': 61, '59.2': 41, '67.1': 15, '67.2': 61, '71.1': 59, '71.2': 14, '89.1': 65, '89.2': 45, '97.1': 62, '97.2': 31};1;1;x + 70
669.1;73;{'3.1': 1, '3.2': 21, '4.1': 7, '5.1': 32, '5.2': 59, '11.1': 43, '23.1': 31, '23.2': 50, '31.1': 32, '31.2': 66, '37.1': 55, '37.2': 43, '47.1': 31, '47.2': 24, '49.1': 66, '53.1': 46, '53.2': 10, '59.1': 56, '59.2': 4, '67.1': 49, '67.2': 4, '71.1': 48, '71.2': 1, '89.1': 35, '89.2': 56, '97.1': 2, '97.2': 9};1;1;x + 72
669.1;149;{'3.1': 148, '3.2': 134, '4.1': 90, '5.1': 104, '5.2': 63, '11.1': 13, '23.1': 17, '23.2': 40, '31.1': 9, '31.2': 131, '37.1': 74, '37.2': 5, '47.1': 109, '47.2': 43, '49.1': 1, '53.1': 31, '53.2': 112, '59.1': 37, '59.2': 146, '67.1': 42, '67.2': 106, '71.1': 63, '71.2': 117, '89.1': 142, '89.2': 120, '97.1': 74, '97.2': 64};1;1;x + 148
669.2;401;{'3.1': 400, '3.2': 189, '4.1': 388, '5.1': 348, '5.2': 300, '11.1': 139, '23.1': 196, '23.2': 93, '31.1': 45, '31.2': 64, '37.1': 244, '37.2': 117, '47.1': 299, '47.2': 329, '49.1': 243, '53.1': 284, '53.2': 163, '59.1': 229, '59.2': 67, '67.1': 328, '67.2': 373, '71.1': 368, '71.2': 114, '89.1': 209, '89.2': 217, '97.1': 148, '97.2': 17};1;1;x + 400
669.2;599;{'3.1': 1, '3.2': 425, '4.1': 226, '5.1': 124, '5.2': 168, '11.1': 337, '23.1': 536, '23.2': 475, '31.1': 201, '31.2': 102, '37.1': 584, '37.2': 182, '47.1': 111, '47.2': 134, '49.1': 308, '53.1': 263, '53.2': 255, '59.1': 248, '59.2': 282, '67.1': 459, '67.2': 327, '71.1': 93, '71.2': 524, '89.1': 92, '89.2': 211, '97.1': 91, '97.2': 312};1;1;x + 598
675.11;17;{'3.1': 7, '3.2': 0, '4.1': 6, '5.1': 16, '5.2': 1, '11.1': 4, '23.1': 12, '23.2': 7, '31.1': 4, '31.2': 1, '37.1': 1, '37.2': 11, '47.1': 8, '47.2': 7, '49.1': 2, '53.1': 6, '53.2': 12, '59.1': 3, '59.2': 4, '67.1': 8, '67.2': 13, '71.1': 0, '71.2': 1, '89.1': 4, '89.2': 16, '97.1': 15, '97.2': 0};1;1;x + 16
683.1;71;{'3.1': 20, '3.2': 67, '4.1': 48, '5.1': 36, '5.2': 53, '11.1': 49, '23.1': 22, '23.2': 51, '31.1': 36, '31.2': 14, '37.1': 38, '37.2': 19, '47.1': 27, '47.2': 6, '49.1': 45, '53.1': 43, '53.2': 56, '59.1': 58, '59.2': 37, '67.1': 1, '67.2': 36, '71.1': 42, '71.2': 3, '89.1': 67, '89.2': 21, '97.1': 15, '97.2': 7};1;1;x + 70
683.1;941;{'3.1': 819, '3.2': 126, '4.1': 512, '5.1': 135, '5.2': 486, '11.1': 43, '23.1': 139, '23.2': 560, '31.1': 625, '31.2': 25, '37.1': 539, '37.2': 482, '47.1': 771, '47.2': 654, '49.1': 151, '53.1': 174, '53.2': 710, '59.1': 8, '59.2': 19, '67.1': 768, '67.2': 768, '71.1': 641, '71.2': 505, '89.1': 378, '89.2': 589, '97.1': 235, '97.2': 240};1;1;x + 940
683.1;257921;{'3.1': 30633, '3.2': 117302, '4.1': 226896, '5.1': 143406, '5.2': 32725, '11.1': 35732, '23.1': 158773, '23.2': 140327, '31.1': 164775, '31.2': 45904, '37.1': 106482, '37.2': 163747, '47.1': 123698, '47.2': 197028, '49.1': 47375, '53.1': 70302, '53.2': 81607, '59.1': 9612, '59.2': 167067, '67.1': 43452, '67.2': 234161, '71.1': 235005, '71.2': 244826, '89.1': 116581, '89.2': 249669, '97.1': 152719, '97.2': 115789};1;1;x + 257920
685.2;13;{'3.1': 3, '3.2': 2, '4.1': 11, '5.1': 12, '5.2': 7, '11.1': 5, '23.1': 1, '23.2': 2, '31.1': 12, '31.2': 9, '37.1': 7, '37.2': 5, '47.1': 7, '47.2': 8, '49.1': 3, '53.1': 12, '53.2': 5, '59.1': 4, '59.2': 8, '67.1': 0, '67.2': 0, '71.1': 8, '71.2': 12, '89.1': 11, '89.2': 5, '97.1': 11, '97.2': 5};1;1;x + 12
685.2;113;{'3.1': 89, '3.2': 68, '4.1': 16, '5.1': 1, '5.2': 83, '11.1': 51, '23.1': 31, '23.2': 58, '31.1': 18, '31.2': 34, '37.1': 78, '37.2': 13, '47.1': 57, '47.2': 105, '49.1': 64, '53.1': 89, '53.2': 104, '59.1': 5, '59.2': 36, '67.1': 44, '67.2': 71, '71.1': 90, '71.2': 32, '89.1': 73, '89.2': 91, '97.1': 26, '97.2': 76};1;1;x + 112
685.2;1583;{'3.1': 914, '3.2': 199, '4.1': 1495, '5.1': 1582, '5.2': 1531, '11.1': 580, '23.1': 1453, '23.2': 1392, '31.1': 745, '31.2': 278, '37.1': 1122, '37.2': 719, '47.1': 358, '47.2': 612, '49.1': 400, '53.1': 133, '53.2': 1147, '59.1': 711, '59.2': 1078, '67.1': 514, '67.2': 731, '71.1': 1519, '71.2': 1402, '89.1': 982, '89.2': 168, '97.1': 1405, '97.2': 1451};1;1;x + 1582
685.1;2;{'3.1': X1, '3.2': X1 + 1, '4.1': 1, '5.1': 1, '5.2': 0, '11.1': 0, '23.1': 0, '23.2': 0, '31.1': 0, '31.2': X1, '37.1': 0, '37.2': X1 + 1, '47.1': 0, '47.2': 0, '49.1': 0, '53.1': X1, '53.2': X1, '59.1': 0, '59.2': X1 + 1, '67.1': X1 + 1, '67.2': X1 + 1, '71.1': 0, '71.2': X1, '89.1': 0, '89.2': X1 + 1, '97.1': X1, '97.2': X1 + 1};1;4;x^2 + x + 1
685.1;11;{'3.1': 5, '3.2': 4, '4.1': 9, '5.1': 1, '5.2': 0, '11.1': 7, '23.1': 6, '23.2': 8, '31.1': 1, '31.2': 8, '37.1': 10, '37.2': 7, '47.1': 10, '47.2': 9, '49.1': 8, '53.1': 1, '53.2': 2, '59.1': 10, '59.2': 0, '67.1': 10, '67.2': 10, '71.1': 10, '71.2': 10, '89.1': 5, '89.2': 9, '97.1': 9, '97.2': 9};1;1;x + 10
685.1;67;{'3.1': 41, '3.2': 53, '4.1': 34, '5.1': 66, '5.2': 31, '11.1': 48, '23.1': 34, '23.2': 31, '31.1': 48, '31.2': 3, '37.1': 63, '37.2': 7, '47.1': 21, '47.2': 37, '49.1': 24, '53.1': 32, '53.2': 33, '59.1': 53, '59.2': 33, '67.1': 60, '67.2': 46, '71.1': 36, '71.2': 9, '89.1': 47, '89.2': 11, '97.1': 46, '97.2': 63};1;1;x + 66
685.1;1033;{'3.1': 556, '3.2': 826, '4.1': 853, '5.1': 1032, '5.2': 150, '11.1': 365, '23.1': 414, '23.2': 631, '31.1': 907, '31.2': 823, '37.1': 237, '37.2': 414, '47.1': 963, '47.2': 142, '49.1': 226, '53.1': 647, '53.2': 335, '59.1': 615, '59.2': 759, '67.1': 919, '67.2': 928, '71.1': 617, '71.2': 536, '89.1': 829, '89.2': 408, '97.1': 532, '97.2': 667};1;1;x + 1032
687.2;2;{'3.1': 1, '3.2': X1^2 + X1 + 1, '4.1': 1, '5.1': X1 + 1, '5.2': 0, '11.1': X1^2 + 1, '23.1': 0, '23.2': X1^2 + X1 + 1, '31.1': 0, '31.2': 0, '37.1': X1^2 + 1, '37.2': X1 + 1, '47.1': X1 + 1, '47.2': 0, '49.1': X1^2 + 1, '53.1': 0, '53.2': X1^2 + 1, '59.1': 0, '59.2': X1 + 1, '67.1': X1^2 + X1 + 1, '67.2': X1^2 + X1 + 1, '71.1': 0, '71.2': 0, '89.1': 0, '89.2': 0, '97.1': X1^2 + X1 + 1, '97.2': X1^2 + X1 + 1};1;2;x^3 + x + 1
687.2;5;{'3.1': 4, '3.2': 2*X1 + 2, '4.1': 4*X1 + 1, '5.1': 3, '5.2': 4*X1 + 2, '11.1': 3*X1 + 4, '23.1': X1 + 2, '23.2': 2*X1, '31.1': X1 + 4, '31.2': 3*X1, '37.1': X1 + 3, '37.2': 4*X1 + 1, '47.1': 2*X1 + 4, '47.2': 2*X1 + 2, '49.1': X1, '53.1': 3*X1 + 4, '53.2': 3*X1 + 2, '59.1': X1 + 4, '59.2': 4*X1 + 2, '67.1': 3*X1 + 4, '67.2': 4, '71.1': X1 + 3, '71.2': 3*X1, '89.1': X1, '89.2': 3*X1, '97.1': 4*X1 + 3, '97.2': 0};1;1;x^2 + 4*x + 2
687.2;23;{'3.1': 22, '3.2': 21, '4.1': 9, '5.1': 14, '5.2': 16, '11.1': 16, '23.1': 14, '23.2': 19, '31.1': 15, '31.2': 4, '37.1': 4, '37.2': 18, '47.1': 20, '47.2': 0, '49.1': 18, '53.1': 10, '53.2': 2, '59.1': 12, '59.2': 8, '67.1': 16, '67.2': 3, '71.1': 13, '71.2': 17, '89.1': 16, '89.2': 12, '97.1': 6, '97.2': 20};1;1;x + 22
687.2;29;{'3.1': 1, '3.2': 6, '4.1': 23, '5.1': 28, '5.2': 23, '11.1': 28, '23.1': 23, '23.2': 12, '31.1': 5, '31.2': 27, '37.1': 22, '37.2': 0, '47.1': 0, '47.2': 19, '49.1': 28, '53.1': 8, '53.2': 23, '59.1': 4, '59.2': 6, '67.1': 6, '67.2': 28, '71.1': 19, '71.2': 6, '89.1': 25, '89.2': 11, '97.1': 7, '97.2': 4};1;1;x + 28
687.1;11;{'3.1': 1, '3.2': 9, '4.1': 2, '5.1': 3, '5.2': 3, '11.1': 8, '23.1': 2, '23.2': 0, '31.1': 3, '31.2': 7, '37.1': 7, '37.2': 2, '47.1': 10, '47.2': 6, '49.1': 1, '53.1': 0, '53.2': 6, '59.1': 2, '59.2': 5, '67.1': 1, '67.2': 8, '71.1': 7, '71.2': 5, '89.1': 0, '89.2': 1, '97.1': 8, '97.2': 5};1;1;x + 10
687.1;41;{'3.1': 1, '3.2': 36, '4.1': 6, '5.1': 24, '5.2': 16, '11.1': 4, '23.1': 32, '23.2': 2, '31.1': 20, '31.2': 15, '37.1': 10, '37.2': 35, '47.1': 21, '47.2': 25, '49.1': 5, '53.1': 0, '53.2': 10, '59.1': 23, '59.2': 17, '67.1': 9, '67.2': 32, '71.1': 34, '71.2': 3, '89.1': 22, '89.2': 4, '97.1': 9, '97.2': 25};1;1;x + 40
687.1;751;{'3.1': 750, '3.2': 625, '4.1': 616, '5.1': 331, '5.2': 234, '11.1': 697, '23.1': 51, '23.2': 48, '31.1': 30, '31.2': 740, '37.1': 733, '37.2': 630, '47.1': 671, '47.2': 480, '49.1': 206, '53.1': 454, '53.2': 316, '59.1': 713, '59.2': 729, '67.1': 300, '67.2': 701, '71.1': 627, '71.2': 427, '89.1': 553, '89.2': 69, '97.1': 331, '97.2': 724};1;1;x + 750
691.1;3;{'3.1': X1, '3.2': 0, '4.1': 2*X1, '5.1': X1, '5.2': 2*X1 + 1, '11.1': 1, '23.1': 2, '23.2': 2*X1 + 2, '31.1': X1, '31.2': 2*X1, '37.1': X1 + 2, '37.2': 1, '47.1': 2*X1 + 2, '47.2': 2*X1 + 1, '49.1': X1, '53.1': X1 + 1, '53.2': 2*X1 + 1, '59.1': 2*X1 + 1, '59.2': 2*X1 + 2, '67.1': X1 + 1, '67.2': X1, '71.1': 2*X1 + 2, '71.2': X1, '89.1': 2*X1 + 2, '89.2': 2*X1, '97.1': 2*X1 + 2, '97.2': X1 + 2};1;1;x^2 + 2*x + 2
691.1;29;{'3.1': 23, '3.2': 22, '4.1': 16, '5.1': 24, '5.2': 10, '11.1': 6, '23.1': 14, '23.2': 16, '31.1': 27, '31.2': 11, '37.1': 16, '37.2': 3, '47.1': 21, '47.2': 2, '49.1': 21, '53.1': 13, '53.2': 20, '59.1': 17, '59.2': 1, '67.1': 4, '67.2': 6, '71.1': 24, '71.2': 21, '89.1': 23, '89.2': 12, '97.1': 14, '97.2': 3};1;1;x + 28
691.1;41;{'3.1': 28, '3.2': 7, '4.1': 22, '5.1': 8, '5.2': 21, '11.1': 38, '23.1': 38, '23.2': 34, '31.1': 39, '31.2': 35, '37.1': 9, '37.2': 14, '47.1': 34, '47.2': 27, '49.1': 35, '53.1': 37, '53.2': 14, '59.1': 35, '59.2': 28, '67.1': 18, '67.2': 7, '71.1': 25, '71.2': 11, '89.1': 34, '89.2': 27, '97.1': 35, '97.2': 33};1;1;x + 40
691.1;1777;{'3.1': 977, '3.2': 146, '4.1': 22, '5.1': 195, '5.2': 828, '11.1': 1168, '23.1': 587, '23.2': 1593, '31.1': 1067, '31.2': 969, '37.1': 559, '37.2': 1448, '47.1': 138, '47.2': 569, '49.1': 509, '53.1': 1564, '53.2': 685, '59.1': 950, '59.2': 152, '67.1': 478, '67.2': 1396, '71.1': 400, '71.2': 1485, '89.1': 711, '89.2': 867, '97.1': 534, '97.2': 966};1;1;x + 1776
691.1;5011;{'3.1': 1753, '3.2': 2466, '4.1': 553, '5.1': 1392, '5.2': 1880, '11.1': 2322, '23.1': 2314, '23.2': 3645, '31.1': 1795, '31.2': 4604, '37.1': 3442, '37.2': 1403, '47.1': 2942, '47.2': 4536, '49.1': 1123, '53.1': 918, '53.2': 3784, '59.1': 918, '59.2': 1113, '67.1': 2705, '67.2': 1301, '71.1': 208, '71.2': 2615, '89.1': 1207, '89.2': 3730, '97.1': 1682, '97.2': 1877};1;1;x + 5010
705.3;3;{'3.1': 1, '3.2': 2*X1, '4.1': X1 + 2, '5.1': 2*X1, '5.2': 2, '11.1': 1, '23.1': 1, '23.2': 0, '31.1': 1, '31.2': 0, '37.1': 2, '37.2': X1 + 1, '47.1': 1, '47.2': 2*X1, '49.1': 0, '53.1': 2*X1, '53.2': X1, '59.1': 2*X1 + 2, '59.2': X1 + 2, '67.1': 2*X1, '67.2': 1, '71.1': X1 + 2, '71.2': X1 + 2, '89.1': 2, '89.2': 2*X1 + 2, '97.1': 2, '97.2': 2*X1 + 1};1;1;x^2 + 2*x + 2
705.3;13;{'3.1': 12, '3.2': 2, '4.1': 6, '5.1': 8, '5.2': 1, '11.1': 8, '23.1': 9, '23.2': 3, '31.1': 5, '31.2': 6, '37.1': 2, '37.2': 1, '47.1': 1, '47.2': 1, '49.1': 12, '53.1': 6, '53.2': 8, '59.1': 9, '59.2': 8, '67.1': 3, '67.2': 8, '71.1': 4, '71.2': 6, '89.1': 8, '89.2': 2, '97.1': 5, '97.2': 11};1;1;x + 12
705.3;17;{'3.1': 16, '3.2': 4, '4.1': 11, '5.1': 7, '5.2': 16, '11.1': 0, '23.1': 1, '23.2': 9, '31.1': 16, '31.2': 11, '37.1': 2, '37.2': 9, '47.1': 1, '47.2': 16, '49.1': 1, '53.1': 2, '53.2': 6, '59.1': 16, '59.2': 4, '67.1': 0, '67.2': 4, '71.1': 3, '71.2': 9, '89.1': 1, '89.2': 7, '97.1': 13, '97.2': 9};1;1;x + 16
705.2;19;{'3.1': 18, '3.2': 14, '4.1': 15, '5.1': 1, '5.2': 16, '11.1': 8, '23.1': 0, '23.2': 8, '31.1': 4, '31.2': 18, '37.1': 3, '37.2': 16, '47.1': 4, '47.2': 18, '49.1': 14, '53.1': 6, '53.2': 2, '59.1': 3, '59.2': 10, '67.1': 16, '67.2': 0, '71.1': 0, '71.2': 17, '89.1': 2, '89.2': 8, '97.1': 6, '97.2': 3};1;1;x + 18
705.2;43;{'3.1': 1, '3.2': 5, '4.1': 16, '5.1': 1, '5.2': 21, '11.1': 39, '23.1': 32, '23.2': 10, '31.1': 37, '31.2': 21, '37.1': 25, '37.2': 18, '47.1': 27, '47.2': 1, '49.1': 8, '53.1': 37, '53.2': 37, '59.1': 39, '59.2': 8, '67.1': 12, '67.2': 30, '71.1': 1, '71.2': 37, '89.1': 18, '89.2': 13, '97.1': 34, '97.2': 5};1;1;x + 42
705.4;137;{'3.1': 1, '3.2': 126, '4.1': 118, '5.1': 31, '5.2': 1, '11.1': 22, '23.1': 133, '23.2': 5, '31.1': 2, '31.2': 82, '37.1': 3, '37.2': 123, '47.1': 121, '47.2': 1, '49.1': 129, '53.1': 131, '53.2': 7, '59.1': 19, '59.2': 47, '67.1': 73, '67.2': 80, '71.1': 83, '71.2': 28, '89.1': 13, '89.2': 87, '97.1': 10, '97.2': 111};1;1;x + 136
708.1;11;{'3.1': 10, '3.2': 5, '4.1': 10, '5.1': 2, '5.2': 8, '11.1': 8, '23.1': 7, '23.2': 2, '31.1': 9, '31.2': 2, '37.1': 1, '37.2': 9, '47.1': 2, '47.2': 1, '49.1': 5, '53.1': 3, '53.2': 8, '59.1': 10, '59.2': 8, '67.1': 3, '67.2': 5, '71.1': 0, '71.2': 3, '89.1': 6, '89.2': 10, '97.1': 7, '97.2': 1};1;1;x + 10
708.1;191;{'3.1': 1, '3.2': 18, '4.1': 1, '5.1': 162, '5.2': 74, '11.1': 151, '23.1': 181, '23.2': 5, '31.1': 184, '31.2': 145, '37.1': 10, '37.2': 15, '47.1': 124, '47.2': 142, '49.1': 150, '53.1': 82, '53.2': 67, '59.1': 1, '59.2': 124, '67.1': 110, '67.2': 90, '71.1': 154, '71.2': 180, '89.1': 185, '89.2': 49, '97.1': 86, '97.2': 55};1;1;x + 190
709.1;7;{'3.1': 0, '3.2': 4, '4.1': 4, '5.1': 6, '5.2': 4, '11.1': 4, '23.1': 0, '23.2': 0, '31.1': 0, '31.2': 1, '37.1': 5, '37.2': 0, '47.1': 4, '47.2': 2, '49.1': 4, '53.1': 3, '53.2': 5, '59.1': 2, '59.2': 2, '67.1': 0, '67.2': 0, '71.1': 0, '71.2': 2, '89.1': 2, '89.2': 3, '97.1': 2, '97.2': 5};1;1;x + 6
709.1;37;{'3.1': 3, '3.2': 9, '4.1': 21, '5.1': 24, '5.2': 16, '11.1': 33, '23.1': 35, '23.2': 22, '31.1': 28, '31.2': 25, '37.1': 5, '37.2': 31, '47.1': 25, '47.2': 5, '49.1': 32, '53.1': 13, '53.2': 26, '59.1': 10, '59.2': 23, '67.1': 0, '67.2': 4, '71.1': 28, '71.2': 26, '89.1': 20, '89.2': 2, '97.1': 8, '97.2': 22};1;1;x + 36
709.1;113;{'3.1': 27, '3.2': 55, '4.1': 14, '5.1': 79, '5.2': 109, '11.1': 67, '23.1': 57, '23.2': 72, '31.1': 74, '31.2': 3, '37.1': 3, '37.2': 31, '47.1': 32, '47.2': 7, '49.1': 31, '53.1': 72, '53.2': 88, '59.1': 63, '59.2': 50, '67.1': 87, '67.2': 16, '71.1': 28, '71.2': 65, '89.1': 8, '89.2': 34, '97.1': 71, '97.2': 20};1;1;x + 112
709.1;15973;{'3.1': 2083, '3.2': 4824, '4.1': 440, '5.1': 15088, '5.2': 1103, '11.1': 2621, '23.1': 5234, '23.2': 13420, '31.1': 9993, '31.2': 14399, '37.1': 6454, '37.2': 2851, '47.1': 4787, '47.2': 15733, '49.1': 1722, '53.1': 8146, '53.2': 418, '59.1': 10028, '59.2': 5876, '67.1': 6445, '67.2': 9623, '71.1': 10073, '71.2': 4738, '89.1': 10669, '89.2': 4719, '97.1': 1208, '97.2': 5383};1;1;x + 15972
713.2;2;{'3.1': X1, '3.2': 0, '4.1': 1, '5.1': X1, '5.2': 0, '11.1': X1 + 1, '23.1': 1, '23.2': X1, '31.1': 0, '31.2': 1, '37.1': X1, '37.2': X1 + 1, '47.1': 0, '47.2': X1 + 1, '49.1': 0, '53.1': X1 + 1, '53.2': X1, '59.1': X1, '59.2': X1 + 1, '67.1': 0, '67.2': X1 + 1, '71.1': 0, '71.2': 0, '89.1': X1 + 1, '89.2': X1 + 1, '97.1': X1 + 1, '97.2': 0};1;2;x^2 + x + 1
713.2;17;{'3.1': 10, '3.2': 5, '4.1': 9, '5.1': 11, '5.2': 1, '11.1': 6, '23.1': 1, '23.2': 1, '31.1': 0, '31.2': 16, '37.1': 9, '37.2': 13, '47.1': 7, '47.2': 9, '49.1': 3, '53.1': 11, '53.2': 3, '59.1': 6, '59.2': 1, '67.1': 12, '67.2': 5, '71.1': 7, '71.2': 8, '89.1': 4, '89.2': 4, '97.1': 12, '97.2': 2};1;1;x + 16
713.2;53;{'3.1': 6, '3.2': 33, '4.1': 43, '5.1': 8, '5.2': 39, '11.1': 52, '23.1': 1, '23.2': 10, '31.1': 48, '31.2': 52, '37.1': 46, '37.2': 31, '47.1': 1, '47.2': 47, '49.1': 2, '53.1': 25, '53.2': 46, '59.1': 36, '59.2': 31, '67.1': 3, '67.2': 33, '71.1': 19, '71.2': 44, '89.1': 11, '89.2': 21, '97.1': 20, '97.2': 40};1;1;x + 52
713.2;631;{'3.1': 508, '3.2': 163, '4.1': 139, '5.1': 116, '5.2': 560, '11.1': 391, '23.1': 630, '23.2': 134, '31.1': 348, '31.2': 1, '37.1': 65, '37.2': 187, '47.1': 140, '47.2': 85, '49.1': 40, '53.1': 608, '53.2': 126, '59.1': 39, '59.2': 166, '67.1': 264, '67.2': 349, '71.1': 432, '71.2': 624, '89.1': 611, '89.2': 257, '97.1': 115, '97.2': 361};1;1;x + 630
713.1;5;{'3.1': 3*X1 + 3, '3.2': 2, '4.1': 2*X1 + 4, '5.1': 4*X1 + 2, '5.2': 3*X1 + 2, '11.1': 0, '23.1': 1, '23.2': 2*X1 + 4, '31.1': 1, '31.2': X1 + 4, '37.1': 2*X1 + 2, '37.2': 3*X1 + 3, '47.1': X1 + 4, '47.2': 4*X1 + 3, '49.1': 2, '53.1': X1 + 4, '53.2': X1 + 2, '59.1': X1 + 2, '59.2': 4*X1 + 1, '67.1': 2*X1, '67.2': 3*X1 + 1, '71.1': 3*X1, '71.2': 3*X1 + 2, '89.1': X1 + 3, '89.2': 3*X1 + 3, '97.1': 2*X1 + 3, '97.2': 0};1;1;x^2 + 4*x + 2
713.1;5;{'3.1': 2*X1 + 2, '3.2': 2, '4.1': 2, '5.1': 4*X1 + 4, '5.2': 4*X1 + 4, '11.1': X1 + 2, '23.1': 4, '23.2': 4*X1 + 3, '31.1': 4, '31.2': 4*X1 + 1, '37.1': 4, '37.2': 2*X1 + 3, '47.1': X1, '47.2': 3*X1 + 4, '49.1': X1 + 2, '53.1': 2*X1 + 3, '53.2': 4*X1 + 3, '59.1': X1 + 3, '59.2': 4*X1 + 3, '67.1': X1 + 3, '67.2': 3*X1 + 4, '71.1': X1 + 2, '71.2': 0, '89.1': 3*X1 + 3, '89.2': 0, '97.1': 3*X1 + 1, '97.2': 3};1;1;x^2 + 4*x + 2
713.1;23;{'3.1': 21, '3.2': 21, '4.1': 15, '5.1': 5, '5.2': 12, '11.1': 2, '23.1': 22, '23.2': 10, '31.1': 1, '31.2': 15, '37.1': 6, '37.2': 13, '47.1': 14, '47.2': 6, '49.1': 21, '53.1': 9, '53.2': 14, '59.1': 14, '59.2': 5, '67.1': 19, '67.2': 20, '71.1': 13, '71.2': 14, '89.1': 18, '89.2': 15, '97.1': 0, '97.2': 18};1;1;x + 22
713.1;61;{'3.1': 45, '3.2': 14, '4.1': 50, '5.1': 47, '5.2': 7, '11.1': 7, '23.1': 60, '23.2': 33, '31.1': 1, '31.2': 60, '37.1': 23, '37.2': 36, '47.1': 4, '47.2': 2, '49.1': 31, '53.1': 9, '53.2': 50, '59.1': 32, '59.2': 24, '67.1': 6, '67.2': 37, '71.1': 59, '71.2': 43, '89.1': 13, '89.2': 52, '97.1': 34, '97.2': 47};1;1;x + 60
713.1;89;{'3.1': 13, '3.2': 64, '4.1': 32, '5.1': 75, '5.2': 24, '11.1': 4, '23.1': 1, '23.2': 21, '31.1': 88, '31.2': 62, '37.1': 43, '37.2': 51, '47.1': 10, '47.2': 41, '49.1': 69, '53.1': 11, '53.2': 34, '59.1': 42, '59.2': 20, '67.1': 37, '67.2': 22, '71.1': 70, '71.2': 88, '89.1': 37, '89.2': 77, '97.1': 72, '97.2': 55};1;1;x + 88
716.1;3;{'3.1': 2*X1 + 2, '3.2': X1 + 2, '4.1': 1, '5.1': 2*X1, '5.2': 2, '11.1': X1 + 1, '23.1': 2*X1, '23.2': X1 + 1, '31.1': 1, '31.2': 2, '37.1': 2*X1, '37.2': X1, '47.1': X1 + 2, '47.2': 2*X1 + 2, '49.1': X1 + 1, '53.1': 0, '53.2': 1, '59.1': 2, '59.2': 2, '67.1': 0, '67.2': X1 + 1, '71.1': 2, '71.2': X1 + 2, '89.1': 2*X1 + 2, '89.2': 2*X1 + 1, '97.1': 0, '97.2': X1 + 1};1;1;x^2 + 2*x + 2
716.1;59;{'3.1': 33, '3.2': 24, '4.1': 1, '5.1': 6, '5.2': 32, '11.1': 16, '23.1': 4, '23.2': 45, '31.1': 27, '31.2': 55, '37.1': 4, '37.2': 49, '47.1': 21, '47.2': 58, '49.1': 49, '53.1': 1, '53.2': 42, '59.1': 58, '59.2': 53, '67.1': 44, '67.2': 37, '71.1': 46, '71.2': 57, '89.1': 29, '89.2': 8, '97.1': 42, '97.2': 31};1;1;x + 58
716.1;81553;{'3.1': 63814, '3.2': 1113, '4.1': 81552, '5.1': 68978, '5.2': 28408, '11.1': 24937, '23.1': 75031, '23.2': 22454, '31.1': 22074, '31.2': 1219, '37.1': 73851, '37.2': 6869, '47.1': 44559, '47.2': 62440, '49.1': 40756, '53.1': 44715, '53.2': 55299, '59.1': 69071, '59.2': 51477, '67.1': 61506, '67.2': 51305, '71.1': 22476, '71.2': 21339, '89.1': 22728, '89.2': 3319, '97.1': 58248, '97.2': 62881};1;1;x + 81552
719.1;4751;{'3.1': 3650, '3.2': 1979, '4.1': 1455, '5.1': 3765, '5.2': 1420, '11.1': 2994, '23.1': 2393, '23.2': 3961, '31.1': 1291, '31.2': 2189, '37.1': 3615, '37.2': 382, '47.1': 2792, '47.2': 493, '49.1': 492, '53.1': 4283, '53.2': 17, '59.1': 654, '59.2': 1464, '67.1': 1862, '67.2': 3390, '71.1': 1407, '71.2': 2298, '89.1': 1196, '89.2': 3932, '97.1': 4193, '97.2': 4275};1;1;x + 4750
719.1;38329;{'3.1': 22800, '3.2': 13245, '4.1': 24780, '5.1': 2780, '5.2': 35271, '11.1': 7529, '23.1': 7277, '23.2': 2377, '31.1': 14650, '31.2': 110, '37.1': 36639, '37.2': 21945, '47.1': 15281, '47.2': 20469, '49.1': 32150, '53.1': 31555, '53.2': 17076, '59.1': 18938, '59.2': 29719, '67.1': 37103, '67.2': 5978, '71.1': 9260, '71.2': 21889, '89.1': 33848, '89.2': 8726, '97.1': 25060, '97.2': 29163};1;1;x + 38328
724.1;2;{'3.1': X1^3 + X1^2 + 1, '3.2': X1^2 + X1 + 1, '4.1': 1, '5.1': X1^3 + X1 + 1, '5.2': 1, '11.1': X1^3 + X1 + 1, '23.1': 0, '23.2': X1^3 + X1^2 + X1, '31.1': 0, '31.2': X1^2 + X1 + 1, '37.1': 0, '37.2': 0, '47.1': 0, '47.2': X1^2 + X1, '49.1': 0, '53.1': 0, '53.2': X1^3 + 1, '59.1': 0, '59.2': 0, '67.1': 0, '67.2': 0, '71.1': 1, '71.2': 0, '89.1': X1^2 + X1, '89.2': 0, '97.1': 0, '97.2': X1^3 + X1^2 + X1};1;2;x^4 + x + 1
724.1;2;{'3.1': X1, '3.2': X1 + 1, '4.1': 1, '5.1': X1, '5.2': 0, '11.1': X1, '23.1': 0, '23.2': X1 + 1, '31.1': 0, '31.2': X1 + 1, '37.1': 0, '37.2': 0, '47.1': 0, '47.2': X1, '49.1': 0, '53.1': 0, '53.2': X1 + 1, '59.1': 0, '59.2': 0, '67.1': 0, '67.2': 0, '71.1': 0, '71.2': 0, '89.1': X1, '89.2': 0, '97.1': 0, '97.2': X1 + 1};1;2;x^2 + x + 1
724.1;17;{'3.1': 12*X1 + 2, '3.2': 6*X1 + 2, '4.1': 1, '5.1': 9*X1 + 16, '5.2': X1 + 2, '11.1': 15, '23.1': 3*X1 + 4, '23.2': 8*X1 + 6, '31.1': 8*X1 + 2, '31.2': 12, '37.1': 3*X1 + 15, '37.2': 8*X1 + 11, '47.1': 4*X1 + 3, '47.2': 16*X1 + 9, '49.1': 5*X1 + 13, '53.1': X1 + 4, '53.2': 6*X1 + 3, '59.1': 12*X1 + 9, '59.2': 2*X1 + 2, '67.1': 4*X1 + 1, '67.2': 5*X1 + 2, '71.1': X1 + 4, '71.2': 11*X1 + 6, '89.1': 7*X1 + 1, '89.2': 13*X1 + 13, '97.1': 6*X1 + 2, '97.2': 6};1;1;x^2 + 16*x + 3
724.1;1621;{'3.1': 530, '3.2': 18, '4.1': 1620, '5.1': 970, '5.2': 747, '11.1': 786, '23.1': 471, '23.2': 750, '31.1': 66, '31.2': 1497, '37.1': 1296, '37.2': 1171, '47.1': 1464, '47.2': 446, '49.1': 273, '53.1': 713, '53.2': 1106, '59.1': 195, '59.2': 993, '67.1': 151, '67.2': 749, '71.1': 76, '71.2': 396, '89.1': 163, '89.2': 1600, '97.1': 702, '97.2': 18};1;1;x + 1620
727.1;2;{'3.1': 0, '3.2': 0, '4.1': 1, '5.1': X1, '5.2': 0, '11.1': X1 + 1, '23.1': X1, '23.2': 0, '31.1': X1, '31.2': X1 + 1, '37.1': X1 + 1, '37.2': 0, '47.1': X1 + 1, '47.2': 0, '49.1': 0, '53.1': X1, '53.2': X1 + 1, '59.1': 0, '59.2': 0, '67.1': 0, '67.2': X1, '71.1': X1 + 1, '71.2': 0, '89.1': X1, '89.2': 0, '97.1': X1, '97.2': X1 + 1};1;1;x^2 + x + 1
727.1;5;{'3.1': 3, '3.2': 1, '4.1': 0, '5.1': 1, '5.2': 4, '11.1': 3, '23.1': 4, '23.2': 1, '31.1': 2, '31.2': 4, '37.1': 1, '37.2': 4, '47.1': 1, '47.2': 4, '49.1': 2, '53.1': 3, '53.2': 3, '59.1': 2, '59.2': 1, '67.1': 1, '67.2': 4, '71.1': 2, '71.2': 0, '89.1': 4, '89.2': 1, '97.1': 2, '97.2': 2};1;1;x + 4
727.1;31627;{'3.1': 10382, '3.2': 3822, '4.1': 10153, '5.1': 5584, '5.2': 8624, '11.1': 24667, '23.1': 15290, '23.2': 25752, '31.1': 17467, '31.2': 12692, '37.1': 7085, '37.2': 25824, '47.1': 502, '47.2': 2477, '49.1': 907, '53.1': 29503, '53.2': 832, '59.1': 5216, '59.2': 15297, '67.1': 2879, '67.2': 2835, '71.1': 25746, '71.2': 1176, '89.1': 6000, '89.2': 18179, '97.1': 15129, '97.2': 7147};1;1;x + 31626
727.1;215927;{'3.1': 85302, '3.2': 78401, '4.1': 138868, '5.1': 196877, '5.2': 135030, '11.1': 94966, '23.1': 6849, '23.2': 106417, '31.1': 133542, '31.2': 47175, '37.1': 93910, '37.2': 96434, '47.1': 87866, '47.2': 6769, '49.1': 2583, '53.1': 180130, '53.2': 88921, '59.1': 55732, '59.2': 170704, '67.1': 74754, '67.2': 49082, '71.1': 141893, '71.2': 24310, '89.1': 1409, '89.2': 117650, '97.1': 73704, '97.2': 210355};1;1;x + 215926
729.1;17;{'3.1': 0, '3.2': 13, '4.1': 6, '5.1': 16, '5.2': 14, '11.1': 8, '23.1': 9, '23.2': 11, '31.1': 7, '31.2': 3, '37.1': 11, '37.2': 5, '47.1': 3, '47.2': 10, '49.1': 4, '53.1': 10, '53.2': 13, '59.1': 8, '59.2': 2, '67.1': 10, '67.2': 4, '71.1': 7, '71.2': 11, '89.1': 12, '89.2': 4, '97.1': 4, '97.2': 2};1;1;x + 16
729.1;19;{'3.1': 0, '3.2': 3, '4.1': 6, '5.1': 1, '5.2': 5, '11.1': 12, '23.1': 1, '23.2': 3, '31.1': 16, '31.2': 8, '37.1': 14, '37.2': 2, '47.1': 7, '47.2': 0, '49.1': 15, '53.1': 14, '53.2': 7, '59.1': 10, '59.2': 2, '67.1': 14, '67.2': 14, '71.1': 2, '71.2': 1, '89.1': 3, '89.2': 15, '97.1': 5, '97.2': 7};1;1;x + 18
729.2;17;{'3.1': 0, '3.2': 1, '4.1': 10, '5.1': 15, '5.2': 16, '11.1': 0, '23.1': 11, '23.2': 14, '31.1': 16, '31.2': 15, '37.1': 13, '37.2': 7, '47.1': 1, '47.2': 3, '49.1': 7, '53.1': 9, '53.2': 16, '59.1': 13, '59.2': 14, '67.1': 10, '67.2': 10, '71.1': 1, '71.2': 0, '89.1': 6, '89.2': 14, '97.1': 11, '97.2': 13};1;1;x + 16
735.2;73;{'3.1': 1, '3.2': 67, '4.1': 49, '5.1': 68, '5.2': 72, '11.1': 46, '23.1': 10, '23.2': 6, '31.1': 4, '31.2': 71, '37.1': 18, '37.2': 48, '47.1': 5, '47.2': 64, '49.1': 72, '53.1': 59, '53.2': 25, '59.1': 7, '59.2': 47, '67.1': 23, '67.2': 37, '71.1': 55, '71.2': 39, '89.1': 11, '89.2': 13, '97.1': 67, '97.2': 7};1;1;x + 72
735.1;23;{'3.1': 1, '3.2': 5, '4.1': 10, '5.1': 22, '5.2': 22, '11.1': 20, '23.1': 14, '23.2': 20, '31.1': 21, '31.2': 3, '37.1': 17, '37.2': 16, '47.1': 7, '47.2': 15, '49.1': 22, '53.1': 11, '53.2': 7, '59.1': 1, '59.2': 8, '67.1': 9, '67.2': 4, '71.1': 17, '71.2': 14, '89.1': 3, '89.2': 15, '97.1': 2, '97.2': 5};1;1;x + 22
735.1;23;{'3.1': 22, '3.2': 13, '4.1': 15, '5.1': 22, '5.2': 6, '11.1': 18, '23.1': 14, '23.2': 12, '31.1': 16, '31.2': 7, '37.1': 4, '37.2': 9, '47.1': 8, '47.2': 3, '49.1': 22, '53.1': 1, '53.2': 8, '59.1': 5, '59.2': 7, '67.1': 19, '67.2': 7, '71.1': 9, '71.2': 10, '89.1': 8, '89.2': 20, '97.1': 16, '97.2': 13};1;1;x + 22
737.1;23;{'3.1': 15, '3.2': 18, '4.1': 10, '5.1': 15, '5.2': 16, '11.1': 22, '23.1': 17, '23.2': 5, '31.1': 2, '31.2': 2, '37.1': 19, '37.2': 0, '47.1': 5, '47.2': 21, '49.1': 1, '53.1': 7, '53.2': 11, '59.1': 5, '59.2': 5, '67.1': 22, '67.2': 8, '71.1': 11, '71.2': 16, '89.1': 22, '89.2': 5, '97.1': 19, '97.2': 11};1;1;x + 22
737.1;83;{'3.1': 48, '3.2': 15, '4.1': 57, '5.1': 75, '5.2': 3, '11.1': 82, '23.1': 51, '23.2': 64, '31.1': 51, '31.2': 76, '37.1': 45, '37.2': 35, '47.1': 62, '47.2': 29, '49.1': 37, '53.1': 34, '53.2': 63, '59.1': 26, '59.2': 11, '67.1': 1, '67.2': 53, '71.1': 29, '71.2': 80, '89.1': 18, '89.2': 20, '97.1': 0, '97.2': 19};1;1;x + 82
737.1;15679;{'3.1': 10260, '3.2': 8596, '4.1': 11244, '5.1': 8826, '5.2': 14832, '11.1': 1, '23.1': 1926, '23.2': 14385, '31.1': 2809, '31.2': 12715, '37.1': 11326, '37.2': 12410, '47.1': 13152, '47.2': 2035, '49.1': 5970, '53.1': 12204, '53.2': 13970, '59.1': 8793, '59.2': 2570, '67.1': 15678, '67.2': 1463, '71.1': 63, '71.2': 295, '89.1': 7151, '89.2': 6884, '97.1': 2518, '97.2': 1411};1;1;x + 15678
740.2;11;{'3.1': 9, '3.2': 4, '4.1': 10, '5.1': 1, '5.2': 4, '11.1': 1, '23.1': 7, '23.2': 0, '31.1': 9, '31.2': 2, '37.1': 3, '37.2': 1, '47.1': 7, '47.2': 2, '49.1': 3, '53.1': 0, '53.2': 4, '59.1': 8, '59.2': 7, '67.1': 4, '67.2': 3, '71.1': 7, '71.2': 6, '89.1': 2, '89.2': 9, '97.1': 1, '97.2': 2};1;1;x + 10
740.2;13;{'3.1': 2, '3.2': 9, '4.1': 12, '5.1': 1, '5.2': 6, '11.1': 6, '23.1': 2, '23.2': 6, '31.1': 7, '31.2': 11, '37.1': 11, '37.2': 12, '47.1': 10, '47.2': 3, '49.1': 6, '53.1': 12, '53.2': 4, '59.1': 3, '59.2': 5, '67.1': 11, '67.2': 1, '71.1': 5, '71.2': 5, '89.1': 10, '89.2': 1, '97.1': 2, '97.2': 1};1;1;x + 12
740.2;29;{'3.1': 17, '3.2': 15, '4.1': 28, '5.1': 28, '5.2': 21, '11.1': 14, '23.1': 17, '23.2': 26, '31.1': 17, '31.2': 0, '37.1': 28, '37.2': 1, '47.1': 1, '47.2': 8, '49.1': 18, '53.1': 24, '53.2': 13, '59.1': 26, '59.2': 15, '67.1': 9, '67.2': 22, '71.1': 11, '71.2': 27, '89.1': 15, '89.2': 15, '97.1': 15, '97.2': 10};1;1;x + 28
740.2;37;{'3.1': 21, '3.2': 33, '4.1': 1, '5.1': 36, '5.2': 21, '11.1': 35, '23.1': 32, '23.2': 28, '31.1': 2, '31.2': 4, '37.1': 5, '37.2': 36, '47.1': 21, '47.2': 34, '49.1': 35, '53.1': 2, '53.2': 2, '59.1': 1, '59.2': 6, '67.1': 3, '67.2': 0, '71.1': 21, '71.2': 7, '89.1': 21, '89.2': 5, '97.1': 12, '97.2': 19};1;1;x + 36
740.2;61;{'3.1': 43, '3.2': 26, '4.1': 1, '5.1': 1, '5.2': 57, '11.1': 16, '23.1': 3, '23.2': 26, '31.1': 0, '31.2': 12, '37.1': 18, '37.2': 1, '47.1': 44, '47.2': 13, '49.1': 33, '53.1': 34, '53.2': 19, '59.1': 19, '59.2': 31, '67.1': 19, '67.2': 2, '71.1': 53, '71.2': 46, '89.1': 2, '89.2': 59, '97.1': 3, '97.2': 35};1;1;x + 60
751.1;3;{'3.1': 2*X1 + 2, '3.2': X1, '4.1': 2, '5.1': 0, '5.2': X1 + 2, '11.1': 2*X1, '23.1': 2*X1, '23.2': 2, '31.1': 2*X1, '31.2': 2*X1 + 1, '37.1': X1, '37.2': 2, '47.1': X1, '47.2': X1, '49.1': X1, '53.1': X1 + 1, '53.2': 1, '59.1': X1 + 1, '59.2': X1, '67.1': X1 + 2, '67.2': 2*X1, '71.1': 2*X1 + 2, '71.2': X1 + 2, '89.1': 0, '89.2': 2*X1 + 1, '97.1': X1 + 1, '97.2': X1 + 1};1;1;x^2 + 2*x + 2
751.1;3271;{'3.1': 612, '3.2': 1518, '4.1': 1513, '5.1': 846, '5.2': 339, '11.1': 3136, '23.1': 3105, '23.2': 3206, '31.1': 1202, '31.2': 2523, '37.1': 1743, '37.2': 339, '47.1': 2599, '47.2': 314, '49.1': 2594, '53.1': 2912, '53.2': 1495, '59.1': 383, '59.2': 1382, '67.1': 765, '67.2': 85, '71.1': 821, '71.2': 895, '89.1': 209, '89.2': 483, '97.1': 756, '97.2': 324};1;1;x + 3270
751.1;80809;{'3.1': 76728, '3.2': 63777, '4.1': 77444, '5.1': 29291, '5.2': 34774, '11.1': 2956, '23.1': 79828, '23.2': 29404, '31.1': 554, '31.2': 65909, '37.1': 60014, '37.2': 37306, '47.1': 9541, '47.2': 67260, '49.1': 8447, '53.1': 31371, '53.2': 33871, '59.1': 69564, '59.2': 27474, '67.1': 58480, '67.2': 6807, '71.1': 18942, '71.2': 10854, '89.1': 59998, '89.2': 74334, '97.1': 22218, '97.2': 39383};1;1;x + 80808
752.1;17;{'3.1': 7, '3.2': 2, '4.1': 0, '5.1': 3, '5.2': 4, '11.1': 10, '23.1': 0, '23.2': 12, '31.1': 2, '31.2': 1, '37.1': 13, '37.2': 11, '47.1': 1, '47.2': 10, '49.1': 16, '53.1': 4, '53.2': 16, '59.1': 16, '59.2': 0, '67.1': 10, '67.2': 0, '71.1': 5, '71.2': 1, '89.1': 10, '89.2': 12, '97.1': 10, '97.2': 1};1;1;x + 16
752.1;149;{'3.1': 107, '3.2': 83, '4.1': 0, '5.1': 96, '5.2': 65, '11.1': 22, '23.1': 114, '23.2': 102, '31.1': 72, '31.2': 61, '37.1': 115, '37.2': 39, '47.1': 148, '47.2': 143, '49.1': 88, '53.1': 72, '53.2': 97, '59.1': 28, '59.2': 55, '67.1': 95, '67.2': 49, '71.1': 73, '71.2': 18, '89.1': 53, '89.2': 138, '97.1': 61, '97.2': 12};1;1;x + 148
753.1;19;{'3.1': 18, '3.2': 6, '4.1': 0, '5.1': 10, '5.2': 16, '11.1': 5, '23.1': 17, '23.2': 7, '31.1': 17, '31.2': 11, '37.1': 0, '37.2': 13, '47.1': 11, '47.2': 1, '49.1': 2, '53.1': 17, '53.2': 18, '59.1': 8, '59.2': 17, '67.1': 17, '67.2': 5, '71.1': 1, '71.2': 9, '89.1': 6, '89.2': 0, '97.1': 7, '97.2': 11};1;1;x + 18
753.1;83;{'3.1': 1, '3.2': 61, '4.1': 79, '5.1': 4, '5.2': 11, '11.1': 16, '23.1': 32, '23.2': 59, '31.1': 30, '31.2': 70, '37.1': 0, '37.2': 17, '47.1': 22, '47.2': 40, '49.1': 55, '53.1': 24, '53.2': 27, '59.1': 54, '59.2': 8, '67.1': 59, '67.2': 65, '71.1': 41, '71.2': 28, '89.1': 74, '89.2': 4, '97.1': 21, '97.2': 6};1;1;x + 82
753.1;4513;{'3.1': 4512, '3.2': 3535, '4.1': 502, '5.1': 1385, '5.2': 3246, '11.1': 1035, '23.1': 3423, '23.2': 1735, '31.1': 4049, '31.2': 2078, '37.1': 2261, '37.2': 2461, '47.1': 2598, '47.2': 1467, '49.1': 3093, '53.1': 3252, '53.2': 525, '59.1': 2504, '59.2': 4448, '67.1': 393, '67.2': 2853, '71.1': 4121, '71.2': 1225, '89.1': 298, '89.2': 445, '97.1': 768, '97.2': 3679};1;1;x + 4512
753.2;53;{'3.1': 52, '3.2': 10, '4.1': 51, '5.1': 21, '5.2': 47, '11.1': 43, '23.1': 45, '23.2': 44, '31.1': 46, '31.2': 38, '37.1': 44, '37.2': 22, '47.1': 30, '47.2': 35, '49.1': 40, '53.1': 38, '53.2': 32, '59.1': 25, '59.2': 52, '67.1': 14, '67.2': 21, '71.1': 21, '71.2': 45, '89.1': 47, '89.2': 26, '97.1': 18, '97.2': 22};1;1;x + 52
753.2;79;{'3.1': 1, '3.2': 78, '4.1': 5, '5.1': 15, '5.2': 14, '11.1': 66, '23.1': 44, '23.2': 13, '31.1': 44, '31.2': 46, '37.1': 59, '37.2': 3, '47.1': 31, '47.2': 66, '49.1': 23, '53.1': 51, '53.2': 33, '59.1': 12, '59.2': 6, '67.1': 60, '67.2': 42, '71.1': 55, '71.2': 61, '89.1': 16, '89.2': 49, '97.1': 48, '97.2': 33};1;1;x + 78
753.2;137;{'3.1': 136, '3.2': 24, '4.1': 65, '5.1': 49, '5.2': 116, '11.1': 90, '23.1': 89, '23.2': 38, '31.1': 18, '31.2': 75, '37.1': 3, '37.2': 120, '47.1': 23, '47.2': 116, '49.1': 135, '53.1': 67, '53.2': 117, '59.1': 23, '59.2': 90, '67.1': 122, '67.2': 120, '71.1': 113, '71.2': 80, '89.1': 104, '89.2': 30, '97.1': 116, '97.2': 50};1;1;x + 136
757.1;2;{'3.1': X1, '3.2': X1 + 1, '4.1': 1, '5.1': 0, '5.2': X1, '11.1': 0, '23.1': X1 + 1, '23.2': 0, '31.1': 0, '31.2': 0, '37.1': X1, '37.2': 0, '47.1': 0, '47.2': X1 + 1, '49.1': X1 + 1, '53.1': 0, '53.2': X1, '59.1': 0, '59.2': 0, '67.1': 0, '67.2': X1 + 1, '71.1': 0, '71.2': X1 + 1, '89.1': 0, '89.2': 0, '97.1': 0, '97.2': X1};1;2;x^2 + x + 1
757.1;29;{'3.1': 12, '3.2': 23, '4.1': 6, '5.1': 9, '5.2': 6, '11.1': 20, '23.1': 10, '23.2': 19, '31.1': 12, '31.2': 24, '37.1': 23, '37.2': 16, '47.1': 4, '47.2': 2, '49.1': 18, '53.1': 1, '53.2': 20, '59.1': 23, '59.2': 23, '67.1': 7, '67.2': 23, '71.1': 1, '71.2': 16, '89.1': 2, '89.2': 13, '97.1': 11, '97.2': 0};1;1;x + 28
757.1;383;{'3.1': 74, '3.2': 77, '4.1': 265, '5.1': 288, '5.2': 102, '11.1': 272, '23.1': 227, '23.2': 309, '31.1': 96, '31.2': 265, '37.1': 71, '37.2': 124, '47.1': 235, '47.2': 64, '49.1': 318, '53.1': 92, '53.2': 301, '59.1': 27, '59.2': 367, '67.1': 312, '67.2': 97, '71.1': 6, '71.2': 166, '89.1': 228, '89.2': 314, '97.1': 39, '97.2': 270};1;1;x + 382
757.1;17053;{'3.1': 1356, '3.2': 10271, '4.1': 9008, '5.1': 17025, '5.2': 2791, '11.1': 7510, '23.1': 13503, '23.2': 10324, '31.1': 14523, '31.2': 6315, '37.1': 4485, '37.2': 12074, '47.1': 7460, '47.2': 15890, '49.1': 870, '53.1': 2146, '53.2': 11718, '59.1': 5569, '59.2': 6426, '67.1': 13368, '67.2': 8586, '71.1': 16187, '71.2': 1715, '89.1': 12543, '89.2': 8703, '97.1': 6860, '97.2': 13346};1;1;x + 17052
757.1;32687;{'3.1': 16475, '3.2': 6358, '4.1': 26548, '5.1': 26267, '5.2': 18386, '11.1': 5917, '23.1': 19657, '23.2': 20694, '31.1': 17606, '31.2': 2685, '37.1': 8098, '37.2': 12989, '47.1': 6047, '47.2': 25420, '49.1': 3954, '53.1': 9329, '53.2': 26038, '59.1': 16245, '59.2': 21553, '67.1': 18329, '67.2': 6263, '71.1': 18585, '71.2': 21069, '89.1': 9865, '89.2': 11637, '97.1': 24015, '97.2': 22569};1;1;x + 32686
759.1;83;{'3.1': 1, '3.2': 70, '4.1': 66, '5.1': 42, '5.2': 14, '11.1': 1, '23.1': 1, '23.2': 0, '31.1': 40, '31.2': 32, '37.1': 14, '37.2': 60, '47.1': 40, '47.2': 19, '49.1': 18, '53.1': 35, '53.2': 40, '59.1': 82, '59.2': 62, '67.1': 34, '67.2': 42, '71.1': 14, '71.2': 80, '89.1': 22, '89.2': 51, '97.1': 62, '97.2': 48};1;1;x + 82
759.1;149;{'3.1': 148, '3.2': 5, '4.1': 143, '5.1': 6, '5.2': 125, '11.1': 1, '23.1': 148, '23.2': 102, '31.1': 1, '31.2': 130, '37.1': 45, '37.2': 8, '47.1': 98, '47.2': 65, '49.1': 118, '53.1': 12, '53.2': 134, '59.1': 59, '59.2': 71, '67.1': 23, '67.2': 11, '71.1': 68, '71.2': 47, '89.1': 82, '89.2': 67, '97.1': 9, '97.2': 126};1;1;x + 148
759.2;23;{'3.1': 1, '3.2': 5, '4.1': 4, '5.1': 17, '5.2': 20, '11.1': 22, '23.1': 19, '23.2': 1, '31.1': 18, '31.2': 15, '37.1': 21, '37.2': 10, '47.1': 6, '47.2': 15, '49.1': 21, '53.1': 0, '53.2': 2, '59.1': 22, '59.2': 14, '67.1': 16, '67.2': 2, '71.1': 19, '71.2': 18, '89.1': 13, '89.2': 5, '97.1': 18, '97.2': 15};1;1;x + 22
764.1;2;{'3.1': 0, '3.2': X1^2 + X1 + 1, '4.1': 1, '5.1': X1^2 + X1 + 1, '5.2': X1 + 1, '11.1': 0, '23.1': 0, '23.2': X1^2 + 1, '31.1': X1^2 + 1, '31.2': X1^2 + 1, '37.1': 0, '37.2': X1 + 1, '47.1': X1^2 + X1 + 1, '47.2': X1 + 1, '49.1': X1 + 1, '53.1': 0, '53.2': X1^2 + X1 + 1, '59.1': X1^2 + 1, '59.2': 0, '67.1': 0, '67.2': 0, '71.1': 0, '71.2': 0, '89.1': X1^2 + 1, '89.2': 0, '97.1': 0, '97.2': 0};1;1;x^3 + x + 1
764.1;433;{'3.1': 70, '3.2': 106, '4.1': 432, '5.1': 314, '5.2': 316, '11.1': 255, '23.1': 68, '23.2': 425, '31.1': 375, '31.2': 344, '37.1': 0, '37.2': 249, '47.1': 15, '47.2': 126, '49.1': 222, '53.1': 77, '53.2': 181, '59.1': 162, '59.2': 77, '67.1': 120, '67.2': 369, '71.1': 120, '71.2': 344, '89.1': 374, '89.2': 354, '97.1': 375, '97.2': 400};1;1;x + 432
771.2;757;{'3.1': 1, '3.2': 600, '4.1': 681, '5.1': 620, '5.2': 68, '11.1': 191, '23.1': 140, '23.2': 687, '31.1': 510, '31.2': 9, '37.1': 273, '37.2': 172, '47.1': 210, '47.2': 242, '49.1': 552, '53.1': 97, '53.2': 271, '59.1': 174, '59.2': 445, '67.1': 748, '67.2': 333, '71.1': 711, '71.2': 710, '89.1': 53, '89.2': 218, '97.1': 11, '97.2': 77};1;1;x + 756
771.2;1217;{'3.1': 1216, '3.2': 24, '4.1': 621, '5.1': 552, '5.2': 27, '11.1': 116, '23.1': 1156, '23.2': 962, '31.1': 224, '31.2': 732, '37.1': 1179, '37.2': 162, '47.1': 365, '47.2': 126, '49.1': 715, '53.1': 705, '53.2': 940, '59.1': 300, '59.2': 457, '67.1': 1149, '67.2': 878, '71.1': 376, '71.2': 704, '89.1': 62, '89.2': 1139, '97.1': 370, '97.2': 1206};1;1;x + 1216
771.1;149;{'3.1': 148, '3.2': 10, '4.1': 5, '5.1': 65, '5.2': 133, '11.1': 47, '23.1': 98, '23.2': 39, '31.1': 40, '31.2': 59, '37.1': 32, '37.2': 83, '47.1': 126, '47.2': 113, '49.1': 122, '53.1': 58, '53.2': 139, '59.1': 37, '59.2': 89, '67.1': 147, '67.2': 75, '71.1': 50, '71.2': 114, '89.1': 68, '89.2': 1, '97.1': 138, '97.2': 36};1;1;x + 148
771.1;11071;{'3.1': 1, '3.2': 1149, '4.1': 5948, '5.1': 8669, '5.2': 2453, '11.1': 1410, '23.1': 4661, '23.2': 2306, '31.1': 9882, '31.2': 1095, '37.1': 915, '37.2': 8956, '47.1': 1614, '47.2': 2485, '49.1': 1412, '53.1': 3738, '53.2': 3691, '59.1': 1763, '59.2': 3831, '67.1': 1186, '67.2': 5549, '71.1': 8047, '71.2': 9235, '89.1': 2380, '89.2': 4917, '97.1': 11032, '97.2': 10931};1;1;x + 11070
773.1;701;{'3.1': 291, '3.2': 359, '4.1': 456, '5.1': 149, '5.2': 403, '11.1': 403, '23.1': 282, '23.2': 335, '31.1': 59, '31.2': 439, '37.1': 444, '37.2': 147, '47.1': 218, '47.2': 119, '49.1': 442, '53.1': 679, '53.2': 388, '59.1': 192, '59.2': 524, '67.1': 569, '67.2': 322, '71.1': 95, '71.2': 354, '89.1': 639, '89.2': 209, '97.1': 321, '97.2': 447};1;1;x + 700
773.1;11681;{'3.1': 5659, '3.2': 3428, '4.1': 5973, '5.1': 8084, '5.2': 9431, '11.1': 1391, '23.1': 4022, '23.2': 7586, '31.1': 3598, '31.2': 9151, '37.1': 7466, '37.2': 4863, '47.1': 10798, '47.2': 4494, '49.1': 622, '53.1': 6599, '53.2': 4773, '59.1': 11060, '59.2': 5668, '67.1': 4178, '67.2': 10676, '71.1': 585, '71.2': 3907, '89.1': 844, '89.2': 5832, '97.1': 429, '97.2': 2423};1;1;x + 11680
775.2;23;{'3.1': 19, '3.2': 5, '4.1': 9, '5.1': 0, '5.2': 10, '11.1': 9, '23.1': 15, '23.2': 18, '31.1': 10, '31.2': 22, '37.1': 16, '37.2': 22, '47.1': 10, '47.2': 11, '49.1': 8, '53.1': 13, '53.2': 11, '59.1': 15, '59.2': 18, '67.1': 14, '67.2': 4, '71.1': 5, '71.2': 1, '89.1': 1, '89.2': 0, '97.1': 9, '97.2': 2};1;1;x + 22
775.2;23;{'3.1': 19, '3.2': 18, '4.1': 14, '5.1': 0, '5.2': 13, '11.1': 14, '23.1': 8, '23.2': 18, '31.1': 13, '31.2': 1, '37.1': 16, '37.2': 1, '47.1': 10, '47.2': 12, '49.1': 15, '53.1': 13, '53.2': 12, '59.1': 15, '59.2': 18, '67.1': 9, '67.2': 4, '71.1': 5, '71.2': 1, '89.1': 22, '89.2': 0, '97.1': 14, '97.2': 2};1;1;x + 22
775.2;29;{'3.1': 20, '3.2': 15, '4.1': 9, '5.1': 0, '5.2': 15, '11.1': 16, '23.1': 22, '23.2': 28, '31.1': 22, '31.2': 1, '37.1': 21, '37.2': 11, '47.1': 16, '47.2': 8, '49.1': 15, '53.1': 22, '53.2': 27, '59.1': 5, '59.2': 27, '67.1': 25, '67.2': 27, '71.1': 25, '71.2': 28, '89.1': 27, '89.2': 3, '97.1': 27, '97.2': 16};1;1;x + 28
775.3;23;{'3.1': 14, '3.2': 12, '4.1': 18, '5.1': 1, '5.2': 1, '11.1': 14, '23.1': 20, '23.2': 20, '31.1': 1, '31.2': 12, '37.1': 11, '37.2': 21, '47.1': 0, '47.2': 21, '49.1': 16, '53.1': 17, '53.2': 7, '59.1': 20, '59.2': 21, '67.1': 7, '67.2': 14, '71.1': 22, '71.2': 6, '89.1': 10, '89.2': 9, '97.1': 14, '97.2': 17};1;1;x + 22
775.3;59;{'3.1': 32, '3.2': 27, '4.1': 19, '5.1': 58, '5.2': 1, '11.1': 29, '23.1': 35, '23.2': 32, '31.1': 58, '31.2': 33, '37.1': 52, '37.2': 37, '47.1': 46, '47.2': 50, '49.1': 19, '53.1': 20, '53.2': 22, '59.1': 7, '59.2': 19, '67.1': 17, '67.2': 26, '71.1': 7, '71.2': 24, '89.1': 44, '89.2': 0, '97.1': 48, '97.2': 19};1;1;x + 58
781.1;19;{'3.1': 0, '3.2': 11, '4.1': 17, '5.1': 15, '5.2': 7, '11.1': 1, '23.1': 1, '23.2': 17, '31.1': 2, '31.2': 11, '37.1': 18, '37.2': 9, '47.1': 15, '47.2': 18, '49.1': 13, '53.1': 0, '53.2': 11, '59.1': 7, '59.2': 6, '67.1': 2, '67.2': 10, '71.1': 1, '71.2': 12, '89.1': 7, '89.2': 16, '97.1': 2, '97.2': 11};1;1;x + 18
781.1;19;{'3.1': 9, '3.2': 10, '4.1': 7, '5.1': 12, '5.2': 11, '11.1': 18, '23.1': 15, '23.2': 14, '31.1': 9, '31.2': 8, '37.1': 5, '37.2': 11, '47.1': 16, '47.2': 10, '49.1': 18, '53.1': 4, '53.2': 5, '59.1': 15, '59.2': 7, '67.1': 4, '67.2': 8, '71.1': 18, '71.2': 3, '89.1': 18, '89.2': 12, '97.1': 12, '97.2': 8};1;1;x + 18
781.1;97;{'3.1': 76, '3.2': 48, '4.1': 37, '5.1': 34, '5.2': 5, '11.1': 96, '23.1': 12, '23.2': 31, '31.1': 51, '31.2': 96, '37.1': 17, '37.2': 47, '47.1': 68, '47.2': 45, '49.1': 42, '53.1': 89, '53.2': 61, '59.1': 43, '59.2': 61, '67.1': 3, '67.2': 31, '71.1': 1, '71.2': 14, '89.1': 10, '89.2': 78, '97.1': 80, '97.2': 72};1;1;x + 96
785.1;5;{'3.1': 1, '3.2': 4, '4.1': 1, '5.1': 4, '5.2': 2, '11.1': 2, '23.1': 1, '23.2': 3, '31.1': 3, '31.2': 4, '37.1': 2, '37.2': 1, '47.1': 3, '47.2': 3, '49.1': 0, '53.1': 0, '53.2': 0, '59.1': 2, '59.2': 1, '67.1': 0, '67.2': 1, '71.1': 1, '71.2': 3, '89.1': 4, '89.2': 0, '97.1': 2, '97.2': 0};1;1;x + 4
785.1;7;{'3.1': 2, '3.2': 1, '4.1': 4, '5.1': 1, '5.2': 2, '11.1': 5, '23.1': 6, '23.2': 4, '31.1': 3, '31.2': 4, '37.1': 0, '37.2': 3, '47.1': 3, '47.2': 0, '49.1': 4, '53.1': 3, '53.2': 4, '59.1': 3, '59.2': 2, '67.1': 4, '67.2': 4, '71.1': 2, '71.2': 6, '89.1': 2, '89.2': 6, '97.1': 4, '97.2': 5};1;1;x + 6
785.1;59;{'3.1': 30, '3.2': 15, '4.1': 53, '5.1': 58, '5.2': 10, '11.1': 54, '23.1': 10, '23.2': 41, '31.1': 2, '31.2': 18, '37.1': 5, '37.2': 37, '47.1': 4, '47.2': 44, '49.1': 14, '53.1': 9, '53.2': 48, '59.1': 22, '59.2': 51, '67.1': 13, '67.2': 45, '71.1': 22, '71.2': 24, '89.1': 50, '89.2': 27, '97.1': 55, '97.2': 49};1;1;x + 58
785.1;239;{'3.1': 192, '3.2': 124, '4.1': 183, '5.1': 1, '5.2': 106, '11.1': 155, '23.1': 172, '23.2': 30, '31.1': 203, '31.2': 179, '37.1': 93, '37.2': 145, '47.1': 139, '47.2': 191, '49.1': 203, '53.1': 115, '53.2': 177, '59.1': 22, '59.2': 216, '67.1': 188, '67.2': 163, '71.1': 87, '71.2': 86, '89.1': 11, '89.2': 147, '97.1': 69, '97.2': 230};1;1;x + 238
785.2;2;{'3.1': 1, '3.2': 0, '4.1': X1, '5.1': 1, '5.2': 0, '11.1': 1, '23.1': 0, '23.2': 1, '31.1': 0, '31.2': 0, '37.1': 0, '37.2': 1, '47.1': 0, '47.2': 1, '49.1': 0, '53.1': 0, '53.2': 0, '59.1': 1, '59.2': 0, '67.1': 1, '67.2': 0, '71.1': 0, '71.2': 0, '89.1': 0, '89.2': 0, '97.1': 1, '97.2': 1};1;2;x^2 + x + 1
785.2;19;{'3.1': 11, '3.2': 15, '4.1': 4, '5.1': 18, '5.2': 15, '11.1': 8, '23.1': 11, '23.2': 7, '31.1': 11, '31.2': 9, '37.1': 5, '37.2': 13, '47.1': 15, '47.2': 1, '49.1': 5, '53.1': 1, '53.2': 10, '59.1': 1, '59.2': 17, '67.1': 18, '67.2': 0, '71.1': 8, '71.2': 0, '89.1': 13, '89.2': 10, '97.1': 12, '97.2': 17};1;1;x + 18
785.2;41;{'3.1': 27, '3.2': 8, '4.1': 12, '5.1': 40, '5.2': 1, '11.1': 14, '23.1': 31, '23.2': 25, '31.1': 26, '31.2': 36, '37.1': 22, '37.2': 7, '47.1': 36, '47.2': 35, '49.1': 4, '53.1': 38, '53.2': 15, '59.1': 11, '59.2': 14, '67.1': 0, '67.2': 10, '71.1': 8, '71.2': 31, '89.1': 5, '89.2': 1, '97.1': 29, '97.2': 24};1;1;x + 40
785.2;947;{'3.1': 320, '3.2': 162, '4.1': 496, '5.1': 1, '5.2': 544, '11.1': 810, '23.1': 621, '23.2': 110, '31.1': 709, '31.2': 808, '37.1': 609, '37.2': 104, '47.1': 657, '47.2': 729, '49.1': 773, '53.1': 629, '53.2': 13, '59.1': 36, '59.2': 91, '67.1': 9, '67.2': 309, '71.1': 594, '71.2': 112, '89.1': 884, '89.2': 60, '97.1': 302, '97.2': 431};1;1;x + 946
795.2;13;{'3.1': 12, '3.2': 5, '4.1': 3, '5.1': 12, '5.2': 7, '11.1': 1, '23.1': 1, '23.2': 11, '31.1': 4, '31.2': 6, '37.1': 6, '37.2': 11, '47.1': 6, '47.2': 2, '49.1': 8, '53.1': 8, '53.2': 1, '59.1': 9, '59.2': 6, '67.1': 0, '67.2': 12, '71.1': 2, '71.2': 8, '89.1': 7, '89.2': 7, '97.1': 1, '97.2': 5};1;1;x + 12
795.3;11;{'3.1': 10, '3.2': 9, '4.1': 4, '5.1': 9, '5.2': 10, '11.1': 0, '23.1': 0, '23.2': 10, '31.1': 1, '31.2': 5, '37.1': 3, '37.2': 5, '47.1': 0, '47.2': 1, '49.1': 7, '53.1': 1, '53.2': 10, '59.1': 5, '59.2': 0, '67.1': 0, '67.2': 3, '71.1': 3, '71.2': 10, '89.1': 5, '89.2': 5, '97.1': 2, '97.2': 8};1;1;x + 10
795.3;43;{'3.1': 42, '3.2': 22, '4.1': 33, '5.1': 18, '5.2': 42, '11.1': 6, '23.1': 22, '23.2': 19, '31.1': 0, '31.2': 26, '37.1': 10, '37.2': 16, '47.1': 6, '47.2': 37, '49.1': 4, '53.1': 1, '53.2': 6, '59.1': 40, '59.2': 10, '67.1': 12, '67.2': 30, '71.1': 38, '71.2': 31, '89.1': 34, '89.2': 20, '97.1': 26, '97.2': 18};1;1;x + 42
795.4;3;{'3.1': 1, '3.2': X1^3 + X1 + 1, '4.1': 2*X1^3 + 2*X1^2 + 2*X1 + 1, '5.1': X1^3 + 2*X1^2 + X1 + 1, '5.2': 1, '11.1': X1^3 + X1 + 1, '23.1': X1^3 + X1^2 + 2*X1 + 1, '23.2': X1^3 + 2*X1, '31.1': 2*X1^3 + X1^2, '31.2': X1^3 + 2*X1^2, '37.1': 2*X1^3 + 2*X1^2 + X1, '37.2': X1^3 + X1^2 + X1, '47.1': 2*X1^3 + X1^2 + 2*X1, '47.2': 2*X1^2 + 2*X1 + 2, '49.1': X1^3 + 2*X1, '53.1': 2*X1^3 + X1 + 2, '53.2': 1, '59.1': 2*X1^3 + 2*X1^2 + X1 + 2, '59.2': 2*X1^3 + X1^2, '67.1': X1^2 + 2*X1, '67.2': X1^3, '71.1': 2*X1^3 + X1^2 + X1 + 2, '71.2': 2*X1^2 + 2, '89.1': 2*X1^2 + 1, '89.2': X1^3 + X1^2 + 2, '97.1': 2*X1^2 + 2, '97.2': X1^2 + X1};1;1;x^4 + 2*x^3 + 2
795.4;59;{'3.1': 58, '3.2': 12, '4.1': 7, '5.1': 17, '5.2': 1, '11.1': 50, '23.1': 11, '23.2': 3, '31.1': 46, '31.2': 42, '37.1': 31, '37.2': 22, '47.1': 38, '47.2': 35, '49.1': 20, '53.1': 49, '53.2': 58, '59.1': 34, '59.2': 22, '67.1': 31, '67.2': 52, '71.1': 21, '71.2': 6, '89.1': 19, '89.2': 21, '97.1': 55, '97.2': 30};1;1;x + 58
795.4;107;{'3.1': 1, '3.2': 37, '4.1': 15, '5.1': 60, '5.2': 106, '11.1': 62, '23.1': 42, '23.2': 69, '31.1': 63, '31.2': 29, '37.1': 52, '37.2': 51, '47.1': 33, '47.2': 75, '49.1': 44, '53.1': 24, '53.2': 106, '59.1': 51, '59.2': 82, '67.1': 92, '67.2': 50, '71.1': 61, '71.2': 70, '89.1': 85, '89.2': 92, '97.1': 100, '97.2': 16};1;1;x + 106
795.1;19;{'3.1': 1, '3.2': 3, '4.1': 10, '5.1': 1, '5.2': 6, '11.1': 4, '23.1': 18, '23.2': 3, '31.1': 6, '31.2': 16, '37.1': 18, '37.2': 17, '47.1': 15, '47.2': 18, '49.1': 11, '53.1': 18, '53.2': 12, '59.1': 0, '59.2': 17, '67.1': 8, '67.2': 4, '71.1': 9, '71.2': 2, '89.1': 13, '89.2': 4, '97.1': 11, '97.2': 6};1;1;x + 18
795.1;29;{'3.1': 28, '3.2': 15, '4.1': 13, '5.1': 1, '5.2': 22, '11.1': 25, '23.1': 9, '23.2': 22, '31.1': 6, '31.2': 11, '37.1': 1, '37.2': 3, '47.1': 11, '47.2': 13, '49.1': 14, '53.1': 28, '53.2': 22, '59.1': 5, '59.2': 9, '67.1': 28, '67.2': 2, '71.1': 28, '71.2': 2, '89.1': 6, '89.2': 16, '97.1': 7, '97.2': 24};1;1;x + 28
796.1;11;{'3.1': 6, '3.2': 8, '4.1': 10, '5.1': 2, '5.2': 1, '11.1': 4, '23.1': 5, '23.2': 7, '31.1': 0, '31.2': 7, '37.1': 9, '37.2': 9, '47.1': 7, '47.2': 0, '49.1': 6, '53.1': 3, '53.2': 0, '59.1': 3, '59.2': 6, '67.1': 7, '67.2': 2, '71.1': 2, '71.2': 9, '89.1': 10, '89.2': 4, '97.1': 5, '97.2': 6};1;1;x + 10
796.1;13;{'3.1': 5*X1 + 10, '3.2': 8*X1 + 9, '4.1': 12, '5.1': 7*X1 + 4, '5.2': 7*X1, '11.1': 9*X1 + 10, '23.1': 2*X1 + 5, '23.2': 2*X1 + 2, '31.1': 7*X1 + 3, '31.2': 4*X1 + 5, '37.1': 10*X1 + 1, '37.2': X1 + 3, '47.1': 2*X1 + 1, '47.2': 7*X1 + 2, '49.1': 8*X1, '53.1': 10*X1 + 2, '53.2': 12*X1 + 3, '59.1': 11*X1 + 11, '59.2': 8*X1 + 10, '67.1': 6, '67.2': 5*X1, '71.1': 6, '71.2': 9*X1 + 10, '89.1': 9*X1 + 3, '89.2': X1 + 10, '97.1': 4*X1, '97.2': 4*X1 + 10};1;1;x^2 + 12*x + 2
796.1;23;{'3.1': 15, '3.2': 18, '4.1': 22, '5.1': 13, '5.2': 4, '11.1': 12, '23.1': 14, '23.2': 16, '31.1': 19, '31.2': 22, '37.1': 2, '37.2': 14, '47.1': 9, '47.2': 10, '49.1': 15, '53.1': 1, '53.2': 19, '59.1': 12, '59.2': 1, '67.1': 14, '67.2': 15, '71.1': 17, '71.2': 22, '89.1': 1, '89.2': 13, '97.1': 22, '97.2': 6};1;1;x + 22
796.1;59;{'3.1': 11, '3.2': 3, '4.1': 1, '5.1': 30, '5.2': 5, '11.1': 25, '23.1': 58, '23.2': 40, '31.1': 20, '31.2': 35, '37.1': 25, '37.2': 40, '47.1': 33, '47.2': 27, '49.1': 36, '53.1': 8, '53.2': 45, '59.1': 46, '59.2': 2, '67.1': 29, '67.2': 34, '71.1': 53, '71.2': 7, '89.1': 29, '89.2': 25, '97.1': 6, '97.2': 25};1;1;x + 58
796.1;6619;{'3.1': 2291, '3.2': 2898, '4.1': 1, '5.1': 2469, '5.2': 2665, '11.1': 76, '23.1': 4465, '23.2': 1794, '31.1': 3169, '31.2': 4969, '37.1': 3672, '37.2': 4227, '47.1': 5020, '47.2': 245, '49.1': 1673, '53.1': 3546, '53.2': 2798, '59.1': 2334, '59.2': 1387, '67.1': 6132, '67.2': 3652, '71.1': 1074, '71.2': 3344, '89.1': 2855, '89.2': 3641, '97.1': 1682, '97.2': 5005};1;1;x + 6618
797.1;456737;{'3.1': 254671, '3.2': 66947, '4.1': 67755, '5.1': 281479, '5.2': 323871, '11.1': 326651, '23.1': 17562, '23.2': 195302, '31.1': 431837, '31.2': 149088, '37.1': 303957, '37.2': 145735, '47.1': 60876, '47.2': 245906, '49.1': 193858, '53.1': 211174, '53.2': 99577, '59.1': 119699, '59.2': 453783, '67.1': 108207, '67.2': 36537, '71.1': 38200, '71.2': 270146, '89.1': 431703, '89.2': 243946, '97.1': 69726, '97.2': 90722};1;1;x + 456736
801.2;139;{'3.1': 0, '3.2': 131, '4.1': 59, '5.1': 5, '5.2': 49, '11.1': 45, '23.1': 54, '23.2': 128, '31.1': 116, '31.2': 35, '37.1': 7, '37.2': 2, '47.1': 84, '47.2': 5, '49.1': 125, '53.1': 85, '53.2': 77, '59.1': 80, '59.2': 14, '67.1': 111, '67.2': 86, '71.1': 39, '71.2': 55, '89.1': 46, '89.2': 138, '97.1': 88, '97.2': 75};1;1;x + 138
801.3;19;{'3.1': 18, '3.2': 1, '4.1': 14, '5.1': 10, '5.2': 9, '11.1': 11, '23.1': 9, '23.2': 0, '31.1': 11, '31.2': 15, '37.1': 16, '37.2': 0, '47.1': 16, '47.2': 2, '49.1': 14, '53.1': 2, '53.2': 0, '59.1': 17, '59.2': 6, '67.1': 13, '67.2': 7, '71.1': 16, '71.2': 16, '89.1': 18, '89.2': 13, '97.1': 6, '97.2': 6};1;1;x + 18
801.3;19;{'3.1': 18, '3.2': 18, '4.1': 7, '5.1': 13, '5.2': 18, '11.1': 7, '23.1': 5, '23.2': 8, '31.1': 0, '31.2': 13, '37.1': 11, '37.2': 0, '47.1': 1, '47.2': 1, '49.1': 15, '53.1': 11, '53.2': 17, '59.1': 9, '59.2': 17, '67.1': 12, '67.2': 4, '71.1': 17, '71.2': 0, '89.1': 1, '89.2': 9, '97.1': 15, '97.2': 3};1;1;x + 18
801.3;241;{'3.1': 1, '3.2': 1, '4.1': 200, '5.1': 27, '5.2': 135, '11.1': 152, '23.1': 66, '23.2': 65, '31.1': 187, '31.2': 52, '37.1': 52, '37.2': 145, '47.1': 195, '47.2': 127, '49.1': 96, '53.1': 126, '53.2': 24, '59.1': 98, '59.2': 101, '67.1': 18, '67.2': 118, '71.1': 118, '71.2': 52, '89.1': 1, '89.2': 173, '97.1': 57, '97.2': 69};1;1;x + 240
801.3;271;{'3.1': 1, '3.2': 270, '4.1': 117, '5.1': 84, '5.2': 132, '11.1': 252, '23.1': 142, '23.2': 13, '31.1': 90, '31.2': 203, '37.1': 163, '37.2': 138, '47.1': 236, '47.2': 45, '49.1': 65, '53.1': 180, '53.2': 90, '59.1': 221, '59.2': 158, '67.1': 24, '67.2': 208, '71.1': 220, '71.2': 144, '89.1': 270, '89.2': 3, '97.1': 66, '97.2': 86};1;1;x + 270
801.1;17;{'3.1': 0, '3.2': 11, '4.1': 12, '5.1': 11, '5.2': 0, '11.1': 14, '23.1': 16, '23.2': 1, '31.1': 16, '31.2': 15, '37.1': 16, '37.2': 2, '47.1': 15, '47.2': 15, '49.1': 8, '53.1': 10, '53.2': 2, '59.1': 4, '59.2': 3, '67.1': 12, '67.2': 16, '71.1': 7, '71.2': 10, '89.1': 1, '89.2': 5, '97.1': 14, '97.2': 14};1;1;x + 16
801.1;59;{'3.1': 0, '3.2': 18, '4.1': 4, '5.1': 37, '5.2': 36, '11.1': 12, '23.1': 1, '23.2': 27, '31.1': 40, '31.2': 13, '37.1': 31, '37.2': 46, '47.1': 36, '47.2': 13, '49.1': 47, '53.1': 7, '53.2': 40, '59.1': 51, '59.2': 51, '67.1': 34, '67.2': 52, '71.1': 29, '71.2': 50, '89.1': 1, '89.2': 41, '97.1': 47, '97.2': 32};1;1;x + 58
804.2;11;{'3.1': 1, '3.2': 7, '4.1': 10, '5.1': 4, '5.2': 1, '11.1': 5, '23.1': 9, '23.2': 3, '31.1': 7, '31.2': 10, '37.1': 2, '37.2': 8, '47.1': 6, '47.2': 4, '49.1': 8, '53.1': 3, '53.2': 0, '59.1': 1, '59.2': 2, '67.1': 5, '67.2': 1, '71.1': 4, '71.2': 5, '89.1': 3, '89.2': 2, '97.1': 10, '97.2': 5};1;1;x + 10
804.2;11;{'3.1': 10, '3.2': 9, '4.1': 10, '5.1': 1, '5.2': 3, '11.1': 10, '23.1': 7, '23.2': 10, '31.1': 6, '31.2': 4, '37.1': 10, '37.2': 1, '47.1': 9, '47.2': 2, '49.1': 10, '53.1': 10, '53.2': 6, '59.1': 10, '59.2': 6, '67.1': 4, '67.2': 10, '71.1': 7, '71.2': 3, '89.1': 8, '89.2': 8, '97.1': 4, '97.2': 7};1;1;x + 10
804.2;29;{'3.1': 1, '3.2': 9, '4.1': 28, '5.1': 15, '5.2': 19, '11.1': 8, '23.1': 2, '23.2': 3, '31.1': 16, '31.2': 23, '37.1': 17, '37.2': 6, '47.1': 25, '47.2': 21, '49.1': 18, '53.1': 25, '53.2': 23, '59.1': 3, '59.2': 0, '67.1': 23, '67.2': 28, '71.1': 9, '71.2': 14, '89.1': 7, '89.2': 7, '97.1': 12, '97.2': 22};1;1;x + 28
804.1;23;{'3.1': 22, '3.2': 4, '4.1': 22, '5.1': 9, '5.2': 6, '11.1': 15, '23.1': 15, '23.2': 19, '31.1': 10, '31.2': 3, '37.1': 19, '37.2': 6, '47.1': 13, '47.2': 3, '49.1': 12, '53.1': 7, '53.2': 4, '59.1': 18, '59.2': 11, '67.1': 1, '67.2': 17, '71.1': 11, '71.2': 13, '89.1': 1, '89.2': 13, '97.1': 8, '97.2': 10};1;1;x + 22
804.1;53;{'3.1': 1, '3.2': 29, '4.1': 52, '5.1': 25, '5.2': 28, '11.1': 46, '23.1': 6, '23.2': 47, '31.1': 17, '31.2': 15, '37.1': 46, '37.2': 35, '47.1': 35, '47.2': 8, '49.1': 13, '53.1': 34, '53.2': 40, '59.1': 32, '59.2': 39, '67.1': 52, '67.2': 13, '71.1': 2, '71.2': 1, '89.1': 20, '89.2': 41, '97.1': 50, '97.2': 41};1;1;x + 52
807.1;11;{'3.1': 10, '3.2': 6, '4.1': 6, '5.1': 9, '5.2': 7, '11.1': 7, '23.1': 7, '23.2': 7, '31.1': 5, '31.2': 10, '37.1': 6, '37.2': 10, '47.1': 10, '47.2': 5, '49.1': 2, '53.1': 10, '53.2': 6, '59.1': 8, '59.2': 2, '67.1': 0, '67.2': 1, '71.1': 5, '71.2': 2, '89.1': 1, '89.2': 3, '97.1': 10, '97.2': 6};1;1;x + 10
807.1;5209;{'3.1': 1, '3.2': 3663, '4.1': 1058, '5.1': 1875, '5.2': 1352, '11.1': 1298, '23.1': 2250, '23.2': 2179, '31.1': 5044, '31.2': 777, '37.1': 4286, '37.2': 146, '47.1': 4660, '47.2': 3627, '49.1': 588, '53.1': 2887, '53.2': 4600, '59.1': 1690, '59.2': 3498, '67.1': 3846, '67.2': 1305, '71.1': 5032, '71.2': 3716, '89.1': 586, '89.2': 3755, '97.1': 3430, '97.2': 590};1;1;x + 5208
807.2;3;{'3.1': 2, '3.2': 2*X1 + 2, '4.1': 2, '5.1': 1, '5.2': 2, '11.1': 2*X1 + 1, '23.1': 2*X1 + 1, '23.2': X1 + 1, '31.1': 2*X1, '31.2': X1 + 1, '37.1': 2*X1 + 1, '37.2': 2*X1 + 1, '47.1': 2, '47.2': 0, '49.1': X1 + 2, '53.1': 1, '53.2': 2*X1, '59.1': X1, '59.2': 2*X1 + 1, '67.1': X1 + 1, '67.2': X1 + 1, '71.1': 2*X1, '71.2': 2*X1 + 2, '89.1': 2, '89.2': X1 + 1, '97.1': 2*X1, '97.2': X1 + 1};1;1;x^2 + 2*x + 2
807.2;23;{'3.1': 22, '3.2': 3, '4.1': 11, '5.1': 12, '5.2': 21, '11.1': 8, '23.1': 22, '23.2': 4, '31.1': 21, '31.2': 16, '37.1': 4, '37.2': 16, '47.1': 12, '47.2': 17, '49.1': 10, '53.1': 17, '53.2': 22, '59.1': 3, '59.2': 20, '67.1': 13, '67.2': 0, '71.1': 6, '71.2': 17, '89.1': 17, '89.2': 13, '97.1': 3, '97.2': 22};1;1;x + 22
807.2;757;{'3.1': 1, '3.2': 47, '4.1': 752, '5.1': 509, '5.2': 11, '11.1': 101, '23.1': 437, '23.2': 242, '31.1': 756, '31.2': 63, '37.1': 301, '37.2': 253, '47.1': 346, '47.2': 42, '49.1': 701, '53.1': 476, '53.2': 329, '59.1': 229, '59.2': 177, '67.1': 660, '67.2': 25, '71.1': 494, '71.2': 325, '89.1': 575, '89.2': 502, '97.1': 586, '97.2': 30};1;1;x + 756
815.1;23;{'3.1': 12, '3.2': 13, '4.1': 12, '5.1': 1, '5.2': 19, '11.1': 8, '23.1': 17, '23.2': 7, '31.1': 20, '31.2': 12, '37.1': 15, '37.2': 15, '47.1': 21, '47.2': 14, '49.1': 19, '53.1': 9, '53.2': 5, '59.1': 16, '59.2': 16, '67.1': 13, '67.2': 2, '71.1': 17, '71.2': 3, '89.1': 4, '89.2': 11, '97.1': 3, '97.2': 12};1;1;x + 22
815.1;139;{'3.1': 26, '3.2': 111, '4.1': 71, '5.1': 138, '5.2': 126, '11.1': 118, '23.1': 62, '23.2': 55, '31.1': 38, '31.2': 36, '37.1': 108, '37.2': 18, '47.1': 59, '47.2': 106, '49.1': 115, '53.1': 73, '53.2': 122, '59.1': 93, '59.2': 44, '67.1': 25, '67.2': 75, '71.1': 52, '71.2': 18, '89.1': 102, '89.2': 22, '97.1': 40, '97.2': 18};1;1;x + 138
815.1;331;{'3.1': 2, '3.2': 29, '4.1': 154, '5.1': 1, '5.2': 12, '11.1': 170, '23.1': 24, '23.2': 219, '31.1': 328, '31.2': 28, '37.1': 260, '37.2': 127, '47.1': 34, '47.2': 18, '49.1': 308, '53.1': 124, '53.2': 118, '59.1': 232, '59.2': 205, '67.1': 75, '67.2': 286, '71.1': 106, '71.2': 177, '89.1': 139, '89.2': 27, '97.1': 135, '97.2': 191};1;1;x + 330
815.2;251;{'3.1': 180, '3.2': 190, '4.1': 164, '5.1': 1, '5.2': 131, '11.1': 185, '23.1': 233, '23.2': 40, '31.1': 20, '31.2': 3, '37.1': 148, '37.2': 88, '47.1': 93, '47.2': 245, '49.1': 110, '53.1': 84, '53.2': 146, '59.1': 95, '59.2': 151, '67.1': 119, '67.2': 29, '71.1': 219, '71.2': 10, '89.1': 37, '89.2': 103, '97.1': 14, '97.2': 160};1;1;x + 250
815.2;3557;{'3.1': 87, '3.2': 475, '4.1': 674, '5.1': 3556, '5.2': 1684, '11.1': 3364, '23.1': 2432, '23.2': 641, '31.1': 3143, '31.2': 87, '37.1': 1849, '37.2': 387, '47.1': 112, '47.2': 2979, '49.1': 1159, '53.1': 1478, '53.2': 1912, '59.1': 2889, '59.2': 226, '67.1': 3269, '67.2': 2254, '71.1': 1064, '71.2': 3516, '89.1': 1989, '89.2': 2594, '97.1': 3106, '97.2': 881};1;1;x + 3556
823.1;2;{'3.1': X1^7 + X1^6 + X1^5 + X1^4 + X1^3 + X1, '3.2': X1^8 + X1^5 + X1^3, '4.1': 1, '5.1': X1^4 + X1^2 + 1, '5.2': 0, '11.1': X1^8 + X1^7 + X1^6 + X1^2 + 1, '23.1': X1^6 + X1^5 + X1^3 + X1^2, '23.2': X1^7 + X1^5 + X1^2 + X1, '31.1': 0, '31.2': X1^8 + X1^7 + X1^6 + X1^4 + X1^3 + X1^2 + X1 + 1, '37.1': 0, '37.2': 0, '47.1': 0, '47.2': 0, '49.1': X1^2 + X1 + 1, '53.1': 0, '53.2': 0, '59.1': 0, '59.2': X1^2 + X1 + 1, '67.1': X1^8 + X1^4 + 1, '67.2': X1^2 + X1 + 1, '71.1': 0, '71.2': X1^8 + X1^4 + 1, '89.1': 0, '89.2': 0, '97.1': X1^6 + X1^5 + X1^3 + X1^2, '97.2': X1^8 + X1^7 + X1^6 + X1^2 + 1};1;1;x^9 + x^4 + 1
823.1;5;{'3.1': 4*X1 + 4, '3.2': 4*X1 + 1, '4.1': 2*X1 + 1, '5.1': X1 + 4, '5.2': 3, '11.1': 4*X1 + 1, '23.1': 4*X1 + 3, '23.2': 3*X1 + 3, '31.1': X1 + 3, '31.2': 4*X1, '37.1': X1 + 1, '37.2': 2*X1 + 3, '47.1': 2*X1, '47.2': 0, '49.1': 2*X1 + 3, '53.1': 4*X1 + 2, '53.2': 4, '59.1': 2*X1 + 4, '59.2': X1, '67.1': 4*X1 + 4, '67.2': 2*X1 + 1, '71.1': 3*X1, '71.2': 3*X1 + 1, '89.1': 2*X1 + 2, '89.2': 2*X1 + 2, '97.1': 2*X1, '97.2': 2*X1 + 4};1;1;x^2 + 4*x + 2
823.1;5;{'3.1': 4, '3.2': 2, '4.1': 2, '5.1': 0, '5.2': 1, '11.1': 3, '23.1': 2, '23.2': 4, '31.1': 2, '31.2': 4, '37.1': 2, '37.2': 3, '47.1': 3, '47.2': 3, '49.1': 3, '53.1': 1, '53.2': 4, '59.1': 4, '59.2': 1, '67.1': 4, '67.2': 2, '71.1': 0, '71.2': 1, '89.1': 4, '89.2': 1, '97.1': 1, '97.2': 2};1;1;x + 4
823.1;31;{'3.1': 3, '3.2': 21, '4.1': 12, '5.1': 14, '5.2': 7, '11.1': 4, '23.1': 14, '23.2': 20, '31.1': 22, '31.2': 30, '37.1': 4, '37.2': 21, '47.1': 25, '47.2': 9, '49.1': 18, '53.1': 21, '53.2': 7, '59.1': 29, '59.2': 26, '67.1': 11, '67.2': 7, '71.1': 27, '71.2': 3, '89.1': 9, '89.2': 26, '97.1': 10, '97.2': 6};1;1;x + 30
823.1;248179;{'3.1': 18579, '3.2': 119006, '4.1': 237932, '5.1': 166762, '5.2': 39326, '11.1': 219001, '23.1': 36222, '23.2': 132985, '31.1': 14410, '31.2': 167781, '37.1': 175994, '37.2': 75423, '47.1': 124855, '47.2': 39295, '49.1': 28293, '53.1': 25633, '53.2': 21026, '59.1': 126197, '59.2': 164234, '67.1': 76003, '67.2': 243846, '71.1': 166227, '71.2': 153981, '89.1': 82324, '89.2': 232447, '97.1': 204296, '97.2': 125144};1;1;x + 248178
828.3;13;{'3.1': 12, '3.2': 1, '4.1': 12, '5.1': 7, '5.2': 7, '11.1': 7, '23.1': 12, '23.2': 0, '31.1': 1, '31.2': 9, '37.1': 0, '37.2': 0, '47.1': 5, '47.2': 2, '49.1': 1, '53.1': 10, '53.2': 12, '59.1': 2, '59.2': 9, '67.1': 11, '67.2': 8, '71.1': 9, '71.2': 3, '89.1': 2, '89.2': 4, '97.1': 7, '97.2': 6};1;1;x + 12
829.1;5;{'3.1': X1 + 2, '3.2': X1 + 1, '4.1': 2*X1 + 4, '5.1': 2*X1 + 2, '5.2': X1 + 4, '11.1': X1 + 4, '23.1': 4, '23.2': X1 + 1, '31.1': 2*X1 + 2, '31.2': X1 + 1, '37.1': 4*X1 + 4, '37.2': 4*X1 + 3, '47.1': X1 + 3, '47.2': 3*X1 + 1, '49.1': 2*X1 + 3, '53.1': 2*X1 + 2, '53.2': 2*X1 + 4, '59.1': X1 + 4, '59.2': 2*X1 + 4, '67.1': 3*X1 + 3, '67.2': 2*X1 + 3, '71.1': 4*X1 + 4, '71.2': 2, '89.1': X1 + 1, '89.2': 2, '97.1': X1 + 1, '97.2': 4*X1 + 1};1;1;x^2 + 4*x + 2
829.1;7;{'3.1': 5, '3.2': 1, '4.1': 3, '5.1': 4, '5.2': 0, '11.1': 5, '23.1': 3, '23.2': 3, '31.1': 1, '31.2': 0, '37.1': 2, '37.2': 3, '47.1': 3, '47.2': 6, '49.1': 4, '53.1': 5, '53.2': 3, '59.1': 0, '59.2': 4, '67.1': 2, '67.2': 0, '71.1': 1, '71.2': 2, '89.1': 6, '89.2': 3, '97.1': 6, '97.2': 6};1;1;x + 6
829.1;17;{'3.1': 2, '3.2': 9, '4.1': 12, '5.1': 3, '5.2': 14, '11.1': 4, '23.1': 13, '23.2': 3, '31.1': 11, '31.2': 11, '37.1': 2, '37.2': 14, '47.1': 1, '47.2': 13, '49.1': 13, '53.1': 2, '53.2': 14, '59.1': 13, '59.2': 12, '67.1': 1, '67.2': 12, '71.1': 13, '71.2': 3, '89.1': 1, '89.2': 5, '97.1': 14, '97.2': 13};1;1;x + 16
829.1;101;{'3.1': 26, '3.2': 69, '4.1': 40, '5.1': 70, '5.2': 75, '11.1': 29, '23.1': 100, '23.2': 57, '31.1': 85, '31.2': 37, '37.1': 72, '37.2': 42, '47.1': 81, '47.2': 36, '49.1': 57, '53.1': 67, '53.2': 67, '59.1': 21, '59.2': 20, '67.1': 69, '67.2': 34, '71.1': 56, '71.2': 72, '89.1': 5, '89.2': 29, '97.1': 50, '97.2': 23};1;1;x + 100
829.1;10169;{'3.1': 2743, '3.2': 6177, '4.1': 1345, '5.1': 6228, '5.2': 3408, '11.1': 5814, '23.1': 10126, '23.2': 8267, '31.1': 1088, '31.2': 1533, '37.1': 6562, '37.2': 6165, '47.1': 873, '47.2': 1107, '49.1': 4816, '53.1': 3080, '53.2': 50, '59.1': 318, '59.2': 3446, '67.1': 7224, '67.2': 7377, '71.1': 7116, '71.2': 2239, '89.1': 240, '89.2': 1832, '97.1': 7811, '97.2': 178};1;1;x + 10168
837.2;79;{'3.1': 0, '3.2': 21, '4.1': 12, '5.1': 76, '5.2': 60, '11.1': 42, '23.1': 58, '23.2': 27, '31.1': 72, '31.2': 1, '37.1': 37, '37.2': 19, '47.1': 20, '47.2': 22, '49.1': 72, '53.1': 27, '53.2': 7, '59.1': 53, '59.2': 16, '67.1': 45, '67.2': 18, '71.1': 31, '71.2': 23, '89.1': 1, '89.2': 4, '97.1': 2, '97.2': 38};1;1;x + 78
837.2;151;{'3.1': 0, '3.2': 76, '4.1': 110, '5.1': 13, '5.2': 108, '11.1': 13, '23.1': 97, '23.2': 27, '31.1': 76, '31.2': 150, '37.1': 81, '37.2': 35, '47.1': 14, '47.2': 20, '49.1': 4, '53.1': 125, '53.2': 133, '59.1': 2, '59.2': 103, '67.1': 142, '67.2': 96, '71.1': 96, '71.2': 33, '89.1': 29, '89.2': 106, '97.1': 124, '97.2': 140};1;1;x + 150
837.1;43;{'3.1': 0, '3.2': 0, '4.1': 20, '5.1': 6, '5.2': 17, '11.1': 19, '23.1': 16, '23.2': 10, '31.1': 42, '31.2': 34, '37.1': 14, '37.2': 27, '47.1': 9, '47.2': 41, '49.1': 16, '53.1': 3, '53.2': 30, '59.1': 20, '59.2': 11, '67.1': 7, '67.2': 4, '71.1': 4, '71.2': 20, '89.1': 3, '89.2': 35, '97.1': 12, '97.2': 12};1;1;x + 42
837.1;47;{'3.1': 0, '3.2': 31, '4.1': 16, '5.1': 32, '5.2': 41, '11.1': 17, '23.1': 34, '23.2': 17, '31.1': 1, '31.2': 0, '37.1': 14, '37.2': 40, '47.1': 22, '47.2': 33, '49.1': 1, '53.1': 5, '53.2': 20, '59.1': 10, '59.2': 11, '67.1': 18, '67.2': 31, '71.1': 41, '71.2': 12, '89.1': 4, '89.2': 3, '97.1': 22, '97.2': 41};1;1;x + 46
839.1;2;{'3.1': X1^3 + X1^2, '3.2': X1^3 + X1^2 + X1 + 1, '4.1': 0, '5.1': X1^3 + X1^2 + X1, '5.2': X1^2 + X1 + 1, '11.1': X1, '23.1': X1^3 + X1^2 + 1, '23.2': 0, '31.1': X1^3 + X1^2 + X1, '31.2': X1^3 + X1 + 1, '37.1': X1^3 + 1, '37.2': X1^3 + X1^2 + X1, '47.1': X1^3 + X1^2 + 1, '47.2': X1^3 + 1, '49.1': X1^3 + X1^2, '53.1': X1^3, '53.2': X1^2 + X1, '59.1': X1^3 + X1^2 + 1, '59.2': X1^3 + X1^2, '67.1': X1^2, '67.2': X1^3 + X1^2, '71.1': X1^3 + X1, '71.2': X1^2 + X1, '89.1': X1^3, '89.2': X1^3 + X1, '97.1': X1^2, '97.2': X1^3 + 1};1;1;x^4 + x + 1
839.1;11;{'3.1': 4, '3.2': 6, '4.1': 5, '5.1': 8, '5.2': 6, '11.1': 9, '23.1': 10, '23.2': 5, '31.1': 3, '31.2': 7, '37.1': 8, '37.2': 4, '47.1': 9, '47.2': 8, '49.1': 4, '53.1': 1, '53.2': 1, '59.1': 4, '59.2': 5, '67.1': 0, '67.2': 10, '71.1': 6, '71.2': 0, '89.1': 6, '89.2': 3, '97.1': 7, '97.2': 7};1;1;x + 10
839.1;11;{'3.1': 8*X1 + 6, '3.2': 10*X1 + 8, '4.1': 3*X1 + 7, '5.1': 3*X1, '5.2': X1 + 10, '11.1': 3*X1 + 7, '23.1': 8*X1 + 9, '23.2': 7*X1 + 10, '31.1': 10*X1 + 4, '31.2': 6*X1 + 2, '37.1': 7*X1 + 7, '37.2': X1 + 2, '47.1': 4*X1 + 3, '47.2': 5*X1 + 9, '49.1': X1, '53.1': 3*X1 + 4, '53.2': 9*X1 + 3, '59.1': 10, '59.2': 2*X1 + 1, '67.1': 3*X1 + 3, '67.2': 6*X1 + 3, '71.1': X1 + 6, '71.2': 3*X1 + 10, '89.1': X1 + 1, '89.2': 7*X1 + 6, '97.1': 5*X1 + 6, '97.2': 4*X1 + 10};1;1;x^2 + 7*x + 2
839.1;19;{'3.1': 17, '3.2': 18, '4.1': 18, '5.1': 7, '5.2': 0, '11.1': 13, '23.1': 6, '23.2': 9, '31.1': 9, '31.2': 11, '37.1': 1, '37.2': 14, '47.1': 9, '47.2': 2, '49.1': 17, '53.1': 17, '53.2': 3, '59.1': 1, '59.2': 16, '67.1': 12, '67.2': 1, '71.1': 2, '71.2': 14, '89.1': 15, '89.2': 0, '97.1': 16, '97.2': 1};1;1;x + 18
839.1;23;{'3.1': 9, '3.2': 12, '4.1': 10, '5.1': 16, '5.2': 6, '11.1': 3, '23.1': 1, '23.2': 22, '31.1': 20, '31.2': 7, '37.1': 6, '37.2': 2, '47.1': 16, '47.2': 20, '49.1': 11, '53.1': 7, '53.2': 20, '59.1': 4, '59.2': 6, '67.1': 2, '67.2': 3, '71.1': 5, '71.2': 14, '89.1': 4, '89.2': 10, '97.1': 9, '97.2': 7};1;1;x + 22
839.1;89;{'3.1': 25, '3.2': 16, '4.1': 88, '5.1': 31, '5.2': 88, '11.1': 59, '23.1': 15, '23.2': 56, '31.1': 56, '31.2': 49, '37.1': 44, '37.2': 80, '47.1': 83, '47.2': 37, '49.1': 21, '53.1': 20, '53.2': 69, '59.1': 13, '59.2': 13, '67.1': 53, '67.2': 2, '71.1': 18, '71.2': 57, '89.1': 4, '89.2': 0, '97.1': 85, '97.2': 51};1;1;x + 88
839.1;123091;{'3.1': 50205, '3.2': 26661, '4.1': 20046, '5.1': 66835, '5.2': 13075, '11.1': 89246, '23.1': 35820, '23.2': 25242, '31.1': 17688, '31.2': 101608, '37.1': 79899, '37.2': 17248, '47.1': 22243, '47.2': 121976, '49.1': 64401, '53.1': 89955, '53.2': 46909, '59.1': 20252, '59.2': 55221, '67.1': 18988, '67.2': 60078, '71.1': 96424, '71.2': 38206, '89.1': 77892, '89.2': 103173, '97.1': 52396, '97.2': 108788};1;1;x + 123090
841.1;2;{'3.1': X1, '3.2': X1, '4.1': X1^2, '5.1': X1, '5.2': X1, '11.1': 0, '23.1': 0, '23.2': 0, '31.1': X1^2 + 1, '31.2': X1^2 + 1, '37.1': X1 + 1, '37.2': X1 + 1, '47.1': X1 + 1, '47.2': X1 + 1, '49.1': 1, '53.1': X1^2 + X1, '53.2': X1^2 + X1, '59.1': X1, '59.2': X1, '67.1': X1^2 + 1, '67.2': X1^2 + 1, '71.1': X1^2 + X1, '71.2': X1^2 + X1, '89.1': X1^2 + X1, '89.2': X1^2 + X1, '97.1': X1, '97.2': X1};1;4;x^3 + x + 1
841.1;2;{'3.1': 0, '3.2': 0, '4.1': X1^3 + X1^2, '5.1': X1^2 + X1 + 1, '5.2': X1^2 + X1 + 1, '11.1': 0, '23.1': X1^2 + X1, '23.2': X1^2 + X1, '31.1': 0, '31.2': 0, '37.1': 0, '37.2': 0, '47.1': 0, '47.2': 0, '49.1': 0, '53.1': X1^2 + X1, '53.2': X1^2 + X1, '59.1': X1^2 + X1, '59.2': X1^2 + X1, '67.1': X1^2 + X1 + 1, '67.2': X1^2 + X1 + 1, '71.1': X1^2 + X1 + 1, '71.2': X1^2 + X1 + 1, '89.1': 0, '89.2': 0, '97.1': 0, '97.2': 0};1;1;x^4 + x + 1
845.1;2;{'3.1': X1, '3.2': 0, '4.1': 0, '5.1': 1, '5.2': X1 + 1, '11.1': X1 + 1, '23.1': 0, '23.2': X1, '31.1': 0, '31.2': X1, '37.1': 0, '37.2': 0, '47.1': 0, '47.2': X1 + 1, '49.1': 0, '53.1': X1 + 1, '53.2': 0, '59.1': 0, '59.2': 0, '67.1': X1 + 1, '67.2': 0, '71.1': 0, '71.2': 0, '89.1': X1, '89.2': X1, '97.1': X1, '97.2': 0};1;2;x^2 + x + 1
845.1;11;{'3.1': 8, '3.2': 7, '4.1': 5, '5.1': 10, '5.2': 10, '11.1': 4, '23.1': 9, '23.2': 6, '31.1': 1, '31.2': 2, '37.1': 2, '37.2': 1, '47.1': 6, '47.2': 1, '49.1': 7, '53.1': 9, '53.2': 5, '59.1': 4, '59.2': 1, '67.1': 0, '67.2': 5, '71.1': 3, '71.2': 10, '89.1': 8, '89.2': 10, '97.1': 6, '97.2': 2};1;1;x + 10
845.1;13;{'3.1': 0, '3.2': 6, '4.1': 2, '5.1': 12, '5.2': 0, '11.1': 4, '23.1': 9, '23.2': 7, '31.1': 6, '31.2': 1, '37.1': 2, '37.2': 10, '47.1': 5, '47.2': 3, '49.1': 9, '53.1': 0, '53.2': 5, '59.1': 2, '59.2': 1, '67.1': 10, '67.2': 4, '71.1': 6, '71.2': 12, '89.1': 3, '89.2': 11, '97.1': 11, '97.2': 10};1;1;x + 12
845.1;13;{'3.1': 1, '3.2': 9, '4.1': 7, '5.1': 12, '5.2': 0, '11.1': 1, '23.1': 11, '23.2': 11, '31.1': 6, '31.2': 9, '37.1': 4, '37.2': 1, '47.1': 9, '47.2': 0, '49.1': 6, '53.1': 10, '53.2': 6, '59.1': 4, '59.2': 8, '67.1': 10, '67.2': 3, '71.1': 7, '71.2': 1, '89.1': 2, '89.2': 10, '97.1': 9, '97.2': 8};1;1;x + 12
845.1;229;{'3.1': 108, '3.2': 211, '4.1': 13, '5.1': 1, '5.2': 207, '11.1': 106, '23.1': 184, '23.2': 62, '31.1': 115, '31.2': 110, '37.1': 217, '37.2': 203, '47.1': 44, '47.2': 71, '49.1': 170, '53.1': 222, '53.2': 171, '59.1': 19, '59.2': 105, '67.1': 156, '67.2': 171, '71.1': 79, '71.2': 156, '89.1': 170, '89.2': 19, '97.1': 128, '97.2': 179};1;1;x + 228
845.1;269;{'3.1': 187, '3.2': 15, '4.1': 86, '5.1': 1, '5.2': 168, '11.1': 141, '23.1': 261, '23.2': 76, '31.1': 120, '31.2': 214, '37.1': 121, '37.2': 149, '47.1': 262, '47.2': 21, '49.1': 225, '53.1': 153, '53.2': 47, '59.1': 126, '59.2': 153, '67.1': 77, '67.2': 99, '71.1': 195, '71.2': 227, '89.1': 38, '89.2': 26, '97.1': 128, '97.2': 216};1;1;x + 268
848.1;11;{'3.1': 7, '3.2': 6, '4.1': 0, '5.1': 5, '5.2': 5, '11.1': 4, '23.1': 6, '23.2': 7, '31.1': 7, '31.2': 6, '37.1': 8, '37.2': 1, '47.1': 9, '47.2': 8, '49.1': 1, '53.1': 10, '53.2': 1, '59.1': 8, '59.2': 7, '67.1': 5, '67.2': 10, '71.1': 6, '71.2': 6, '89.1': 3, '89.2': 7, '97.1': 1, '97.2': 4};1;1;x + 10
848.1;19;{'3.1': 13, '3.2': 13, '4.1': 0, '5.1': 10, '5.2': 14, '11.1': 5, '23.1': 5, '23.2': 0, '31.1': 1, '31.2': 4, '37.1': 3, '37.2': 10, '47.1': 14, '47.2': 13, '49.1': 2, '53.1': 1, '53.2': 15, '59.1': 6, '59.2': 9, '67.1': 6, '67.2': 2, '71.1': 2, '71.2': 1, '89.1': 9, '89.2': 1, '97.1': 12, '97.2': 1};1;1;x + 18
848.1;173;{'3.1': 4, '3.2': 66, '4.1': 0, '5.1': 10, '5.2': 96, '11.1': 11, '23.1': 168, '23.2': 48, '31.1': 112, '31.2': 73, '37.1': 93, '37.2': 154, '47.1': 169, '47.2': 15, '49.1': 68, '53.1': 1, '53.2': 59, '59.1': 57, '59.2': 154, '67.1': 129, '67.2': 1, '71.1': 104, '71.2': 106, '89.1': 158, '89.2': 21, '97.1': 142, '97.2': 13};1;1;x + 172
851.2;11;{'3.1': 10, '3.2': 6, '4.1': 2, '5.1': 10, '5.2': 9, '11.1': 6, '23.1': 1, '23.2': 6, '31.1': 10, '31.2': 10, '37.1': 3, '37.2': 10, '47.1': 2, '47.2': 3, '49.1': 1, '53.1': 1, '53.2': 5, '59.1': 1, '59.2': 9, '67.1': 1, '67.2': 6, '71.1': 0, '71.2': 2, '89.1': 4, '89.2': 9, '97.1': 2, '97.2': 1};1;1;x + 10
851.2;13;{'3.1': 6, '3.2': 5, '4.1': 12, '5.1': 12, '5.2': 12, '11.1': 3, '23.1': 12, '23.2': 3, '31.1': 11, '31.2': 3, '37.1': 5, '37.2': 1, '47.1': 12, '47.2': 8, '49.1': 12, '53.1': 9, '53.2': 8, '59.1': 1, '59.2': 5, '67.1': 1, '67.2': 9, '71.1': 8, '71.2': 5, '89.1': 10, '89.2': 6, '97.1': 12, '97.2': 9};1;1;x + 12
851.2;23;{'3.1': 4, '3.2': 20, '4.1': 18, '5.1': 7, '5.2': 4, '11.1': 9, '23.1': 1, '23.2': 15, '31.1': 1, '31.2': 1, '37.1': 5, '37.2': 22, '47.1': 17, '47.2': 10, '49.1': 15, '53.1': 21, '53.2': 10, '59.1': 12, '59.2': 1, '67.1': 4, '67.2': 18, '71.1': 9, '71.2': 16, '89.1': 9, '89.2': 2, '97.1': 19, '97.2': 6};1;1;x + 22
851.2;23;{'3.1': 4, '3.2': 17, '4.1': 11, '5.1': 9, '5.2': 16, '11.1': 3, '23.1': 1, '23.2': 14, '31.1': 16, '31.2': 6, '37.1': 18, '37.2': 22, '47.1': 7, '47.2': 10, '49.1': 5, '53.1': 6, '53.2': 15, '59.1': 12, '59.2': 6, '67.1': 2, '67.2': 21, '71.1': 11, '71.2': 15, '89.1': 7, '89.2': 4, '97.1': 19, '97.2': 8};1;1;x + 22
851.2;37;{'3.1': 29, '3.2': 9, '4.1': 19, '5.1': 3, '5.2': 3, '11.1': 16, '23.1': 36, '23.2': 31, '31.1': 32, '31.2': 35, '37.1': 2, '37.2': 36, '47.1': 36, '47.2': 13, '49.1': 33, '53.1': 4, '53.2': 34, '59.1': 17, '59.2': 21, '67.1': 22, '67.2': 19, '71.1': 11, '71.2': 17, '89.1': 13, '89.2': 25, '97.1': 27, '97.2': 21};1;1;x + 36
851.2;47;{'3.1': 46, '3.2': 44, '4.1': 32, '5.1': 11, '5.2': 35, '11.1': 4, '23.1': 1, '23.2': 29, '31.1': 13, '31.2': 41, '37.1': 2, '37.2': 46, '47.1': 30, '47.2': 35, '49.1': 14, '53.1': 28, '53.2': 43, '59.1': 22, '59.2': 6, '67.1': 17, '67.2': 2, '71.1': 19, '71.2': 43, '89.1': 12, '89.2': 44, '97.1': 10, '97.2': 16};1;1;x + 46
851.2;293;{'3.1': 90, '3.2': 145, '4.1': 14, '5.1': 177, '5.2': 156, '11.1': 208, '23.1': 292, '23.2': 190, '31.1': 239, '31.2': 0, '37.1': 130, '37.2': 1, '47.1': 63, '47.2': 140, '49.1': 68, '53.1': 201, '53.2': 290, '59.1': 241, '59.2': 235, '67.1': 109, '67.2': 50, '71.1': 38, '71.2': 130, '89.1': 128, '89.2': 161, '97.1': 93, '97.2': 25};1;1;x + 292
851.1;11;{'3.1': 9*X1 + 5, '3.2': 10*X1 + 5, '4.1': 8*X1, '5.1': 9*X1 + 4, '5.2': 9*X1 + 10, '11.1': 3*X1 + 8, '23.1': 10, '23.2': 9*X1 + 7, '31.1': 0, '31.2': 10*X1 + 1, '37.1': 10, '37.2': 3*X1 + 7, '47.1': 4*X1 + 6, '47.2': 4*X1 + 7, '49.1': 9*X1, '53.1': 10*X1 + 1, '53.2': 9*X1 + 8, '59.1': 7*X1 + 1, '59.2': 3*X1 + 5, '67.1': 10*X1 + 5, '67.2': 4*X1 + 2, '71.1': 8*X1 + 4, '71.2': 5*X1, '89.1': 6*X1 + 6, '89.2': 6*X1 + 3, '97.1': 8*X1 + 2, '97.2': 6*X1 + 8};1;1;x^2 + 7*x + 2
851.1;19;{'3.1': 0, '3.2': 18, '4.1': 15, '5.1': 1, '5.2': 12, '11.1': 1, '23.1': 1, '23.2': 13, '31.1': 10, '31.2': 7, '37.1': 18, '37.2': 18, '47.1': 17, '47.2': 13, '49.1': 0, '53.1': 12, '53.2': 13, '59.1': 13, '59.2': 6, '67.1': 2, '67.2': 9, '71.1': 6, '71.2': 6, '89.1': 1, '89.2': 2, '97.1': 11, '97.2': 17};1;1;x + 18
851.1;12107;{'3.1': 1092, '3.2': 10569, '4.1': 6257, '5.1': 4075, '5.2': 8775, '11.1': 6944, '23.1': 1, '23.2': 3416, '31.1': 10060, '31.2': 5190, '37.1': 1, '37.2': 9532, '47.1': 8568, '47.2': 1733, '49.1': 1531, '53.1': 1272, '53.2': 7599, '59.1': 8372, '59.2': 8625, '67.1': 4381, '67.2': 10556, '71.1': 11913, '71.2': 11285, '89.1': 6020, '89.2': 2234, '97.1': 2343, '97.2': 7282};1;1;x + 12106
852.1;17;{'3.1': 1, '3.2': 11, '4.1': 1, '5.1': 1, '5.2': 4, '11.1': 3, '23.1': 7, '23.2': 11, '31.1': 13, '31.2': 3, '37.1': 2, '37.2': 14, '47.1': 14, '47.2': 1, '49.1': 1, '53.1': 3, '53.2': 13, '59.1': 16, '59.2': 4, '67.1': 3, '67.2': 10, '71.1': 1, '71.2': 2, '89.1': 12, '89.2': 0, '97.1': 8, '97.2': 16};1;1;x + 16
852.1;73;{'3.1': 72, '3.2': 50, '4.1': 72, '5.1': 0, '5.2': 45, '11.1': 56, '23.1': 53, '23.2': 59, '31.1': 70, '31.2': 42, '37.1': 67, '37.2': 57, '47.1': 4, '47.2': 1, '49.1': 46, '53.1': 34, '53.2': 59, '59.1': 31, '59.2': 69, '67.1': 34, '67.2': 60, '71.1': 1, '71.2': 29, '89.1': 47, '89.2': 48, '97.1': 69, '97.2': 21};1;1;x + 72
852.1;79;{'3.1': 78, '3.2': 7, '4.1': 1, '5.1': 7, '5.2': 4, '11.1': 2, '23.1': 49, '23.2': 18, '31.1': 73, '31.2': 50, '37.1': 31, '37.2': 0, '47.1': 69, '47.2': 32, '49.1': 11, '53.1': 12, '53.2': 62, '59.1': 68, '59.2': 19, '67.1': 60, '67.2': 69, '71.1': 78, '71.2': 50, '89.1': 41, '89.2': 69, '97.1': 56, '97.2': 49};1;1;x + 78
852.2;31;{'3.1': 30, '3.2': 21, '4.1': 30, '5.1': 15, '5.2': 25, '11.1': 30, '23.1': 25, '23.2': 11, '31.1': 26, '31.2': 22, '37.1': 20, '37.2': 22, '47.1': 23, '47.2': 10, '49.1': 1, '53.1': 7, '53.2': 30, '59.1': 2, '59.2': 1, '67.1': 5, '67.2': 18, '71.1': 22, '71.2': 1, '89.1': 30, '89.2': 2, '97.1': 29, '97.2': 24};1;1;x + 30
852.2;67;{'3.1': 1, '3.2': 24, '4.1': 66, '5.1': 34, '5.2': 2, '11.1': 29, '23.1': 4, '23.2': 24, '31.1': 41, '31.2': 61, '37.1': 56, '37.2': 35, '47.1': 30, '47.2': 0, '49.1': 61, '53.1': 52, '53.2': 41, '59.1': 48, '59.2': 29, '67.1': 15, '67.2': 9, '71.1': 42, '71.2': 66, '89.1': 49, '89.2': 31, '97.1': 21, '97.2': 45};1;1;x + 66
852.2;83;{'3.1': 82, '3.2': 68, '4.1': 1, '5.1': 59, '5.2': 13, '11.1': 0, '23.1': 62, '23.2': 81, '31.1': 4, '31.2': 22, '37.1': 39, '37.2': 23, '47.1': 80, '47.2': 81, '49.1': 22, '53.1': 18, '53.2': 39, '59.1': 33, '59.2': 52, '67.1': 23, '67.2': 55, '71.1': 12, '71.2': 82, '89.1': 62, '89.2': 9, '97.1': 58, '97.2': 48};1;1;x + 82
859.1;163;{'3.1': 49, '3.2': 4, '4.1': 52, '5.1': 133, '5.2': 138, '11.1': 10, '23.1': 23, '23.2': 145, '31.1': 83, '31.2': 24, '37.1': 11, '37.2': 47, '47.1': 92, '47.2': 125, '49.1': 60, '53.1': 128, '53.2': 16, '59.1': 85, '59.2': 156, '67.1': 159, '67.2': 125, '71.1': 33, '71.2': 144, '89.1': 147, '89.2': 35, '97.1': 153, '97.2': 28};1;1;x + 162
859.1;643;{'3.1': 508, '3.2': 642, '4.1': 138, '5.1': 446, '5.2': 189, '11.1': 425, '23.1': 566, '23.2': 530, '31.1': 474, '31.2': 103, '37.1': 503, '37.2': 457, '47.1': 114, '47.2': 71, '49.1': 300, '53.1': 98, '53.2': 58, '59.1': 103, '59.2': 253, '67.1': 8, '67.2': 50, '71.1': 421, '71.2': 237, '89.1': 291, '89.2': 260, '97.1': 525, '97.2': 362};1;1;x + 642
859.1;1951;{'3.1': 99, '3.2': 1851, '4.1': 54, '5.1': 135, '5.2': 1815, '11.1': 1513, '23.1': 112, '23.2': 744, '31.1': 1493, '31.2': 575, '37.1': 1037, '37.2': 659, '47.1': 1870, '47.2': 1822, '49.1': 223, '53.1': 758, '53.2': 1229, '59.1': 1495, '59.2': 213, '67.1': 1883, '67.2': 1590, '71.1': 905, '71.2': 1606, '89.1': 1694, '89.2': 981, '97.1': 4, '97.2': 71};1;1;x + 1950
859.1;67493;{'3.1': 53955, '3.2': 39187, '4.1': 46423, '5.1': 22418, '5.2': 54981, '11.1': 13151, '23.1': 18651, '23.2': 54757, '31.1': 36858, '31.2': 62622, '37.1': 4074, '37.2': 23357, '47.1': 20226, '47.2': 3888, '49.1': 38407, '53.1': 5639, '53.2': 31545, '59.1': 57762, '59.2': 8004, '67.1': 17101, '67.2': 26262, '71.1': 45358, '71.2': 54438, '89.1': 43932, '89.2': 60497, '97.1': 61086, '97.2': 4733};1;1;x + 67492
863.1;11;{'3.1': 7, '3.2': 8, '4.1': 5, '5.1': 8, '5.2': 5, '11.1': 8, '23.1': 3, '23.2': 8, '31.1': 0, '31.2': 4, '37.1': 3, '37.2': 10, '47.1': 5, '47.2': 8, '49.1': 9, '53.1': 1, '53.2': 5, '59.1': 8, '59.2': 8, '67.1': 9, '67.2': 0, '71.1': 10, '71.2': 5, '89.1': 5, '89.2': 7, '97.1': 3, '97.2': 10};1;1;x + 10
863.1;23;{'3.1': 13, '3.2': 2, '4.1': 11, '5.1': 22, '5.2': 16, '11.1': 17, '23.1': 5, '23.2': 20, '31.1': 19, '31.2': 12, '37.1': 6, '37.2': 17, '47.1': 3, '47.2': 7, '49.1': 13, '53.1': 7, '53.2': 12, '59.1': 3, '59.2': 6, '67.1': 10, '67.2': 18, '71.1': 11, '71.2': 8, '89.1': 7, '89.2': 21, '97.1': 16, '97.2': 3};1;1;x + 22
863.1;1249;{'3.1': 691, '3.2': 200, '4.1': 400, '5.1': 51, '5.2': 672, '11.1': 459, '23.1': 667, '23.2': 884, '31.1': 1004, '31.2': 900, '37.1': 1247, '37.2': 401, '47.1': 454, '47.2': 302, '49.1': 1176, '53.1': 1221, '53.2': 724, '59.1': 1165, '59.2': 605, '67.1': 610, '67.2': 152, '71.1': 1005, '71.2': 1113, '89.1': 808, '89.2': 1044, '97.1': 621, '97.2': 1059};1;1;x + 1248
863.1;436687;{'3.1': 105503, '3.2': 397385, '4.1': 95665, '5.1': 83292, '5.2': 368090, '11.1': 82214, '23.1': 344631, '23.2': 145412, '31.1': 46570, '31.2': 128386, '37.1': 250404, '37.2': 19151, '47.1': 73891, '47.2': 391066, '49.1': 4633, '53.1': 179636, '53.2': 26088, '59.1': 408346, '59.2': 319548, '67.1': 418818, '67.2': 82677, '71.1': 353905, '71.2': 62594, '89.1': 358913, '89.2': 282256, '97.1': 32104, '97.2': 203296};1;1;x + 436686
867.1;3;{'3.1': 2, '3.2': X1, '4.1': 2*X1, '5.1': 2, '5.2': 2*X1 + 2, '11.1': 2*X1, '23.1': 1, '23.2': 2, '31.1': 0, '31.2': X1, '37.1': 2*X1 + 2, '37.2': 2, '47.1': 1, '47.2': X1 + 2, '49.1': 2*X1 + 1, '53.1': X1 + 1, '53.2': 2*X1 + 1, '59.1': X1 + 1, '59.2': 2, '67.1': 2, '67.2': X1, '71.1': 1, '71.2': X1 + 2, '89.1': 2, '89.2': X1, '97.1': 2*X1, '97.2': X1 + 1};1;1;x^2 + 2*x + 2
867.1;43;{'3.1': 42, '3.2': 14, '4.1': 36, '5.1': 10, '5.2': 29, '11.1': 18, '23.1': 32, '23.2': 3, '31.1': 41, '31.2': 16, '37.1': 25, '37.2': 28, '47.1': 24, '47.2': 34, '49.1': 22, '53.1': 12, '53.2': 26, '59.1': 11, '59.2': 23, '67.1': 12, '67.2': 16, '71.1': 12, '71.2': 8, '89.1': 13, '89.2': 5, '97.1': 9, '97.2': 23};1;1;x + 42
867.1;239;{'3.1': 1, '3.2': 4, '4.1': 105, '5.1': 179, '5.2': 58, '11.1': 27, '23.1': 47, '23.2': 163, '31.1': 153, '31.2': 115, '37.1': 86, '37.2': 122, '47.1': 152, '47.2': 37, '49.1': 238, '53.1': 203, '53.2': 82, '59.1': 1, '59.2': 176, '67.1': 216, '67.2': 223, '71.1': 194, '71.2': 130, '89.1': 53, '89.2': 190, '97.1': 76, '97.2': 219};1;1;x + 238
873.1;17;{'3.1': 0, '3.2': 13, '4.1': 6, '5.1': 16, '5.2': 11, '11.1': 4, '23.1': 2, '23.2': 16, '31.1': 2, '31.2': 13, '37.1': 8, '37.2': 8, '47.1': 1, '47.2': 6, '49.1': 16, '53.1': 14, '53.2': 5, '59.1': 2, '59.2': 0, '67.1': 3, '67.2': 7, '71.1': 9, '71.2': 10, '89.1': 4, '89.2': 9, '97.1': 1, '97.2': 7};1;1;x + 16
873.1;19;{'3.1': 0, '3.2': 14, '4.1': 0, '5.1': 18, '5.2': 9, '11.1': 5, '23.1': 6, '23.2': 5, '31.1': 17, '31.2': 16, '37.1': 15, '37.2': 17, '47.1': 14, '47.2': 4, '49.1': 1, '53.1': 9, '53.2': 10, '59.1': 16, '59.2': 0, '67.1': 1, '67.2': 4, '71.1': 3, '71.2': 8, '89.1': 1, '89.2': 0, '97.1': 18, '97.2': 11};1;1;x + 18
873.2;13;{'3.1': 0, '3.2': 5, '4.1': 9, '5.1': 9, '5.2': 4, '11.1': 11, '23.1': 11, '23.2': 8, '31.1': 2, '31.2': 2, '37.1': 1, '37.2': 7, '47.1': 11, '47.2': 5, '49.1': 0, '53.1': 0, '53.2': 1, '59.1': 4, '59.2': 10, '67.1': 7, '67.2': 4, '71.1': 8, '71.2': 7, '89.1': 3, '89.2': 2, '97.1': 0, '97.2': 12};1;1;x + 12
873.2;47;{'3.1': 0, '3.2': 15, '4.1': 26, '5.1': 2, '5.2': 10, '11.1': 29, '23.1': 42, '23.2': 36, '31.1': 43, '31.2': 3, '37.1': 42, '37.2': 39, '47.1': 42, '47.2': 27, '49.1': 15, '53.1': 5, '53.2': 29, '59.1': 15, '59.2': 25, '67.1': 3, '67.2': 7, '71.1': 33, '71.2': 2, '89.1': 32, '89.2': 44, '97.1': 18, '97.2': 46};1;1;x + 46
873.3;7;{'3.1': 1, '3.2': 6, '4.1': 4*X1 + 4, '5.1': 5*X1 + 1, '5.2': 5*X1, '11.1': 6*X1 + 5, '23.1': 3*X1 + 4, '23.2': 2*X1 + 3, '31.1': 5*X1, '31.2': 1, '37.1': 6, '37.2': 5*X1 + 5, '47.1': 4*X1 + 2, '47.2': 5*X1 + 2, '49.1': 2, '53.1': 6*X1 + 3, '53.2': 5*X1 + 5, '59.1': 5, '59.2': 2*X1 + 4, '67.1': 4*X1 + 5, '67.2': 6*X1 + 4, '71.1': 5*X1 + 5, '71.2': 6*X1 + 6, '89.1': 5*X1 + 6, '89.2': 4*X1 + 1, '97.1': 6, '97.2': 5*X1 + 2};1;1;x^2 + 6*x + 3
873.3;11;{'3.1': 10, '3.2': 1, '4.1': 8, '5.1': 10, '5.2': 6, '11.1': 7, '23.1': 1, '23.2': 9, '31.1': 3, '31.2': 0, '37.1': 5, '37.2': 6, '47.1': 7, '47.2': 10, '49.1': 0, '53.1': 5, '53.2': 9, '59.1': 8, '59.2': 6, '67.1': 9, '67.2': 9, '71.1': 9, '71.2': 1, '89.1': 4, '89.2': 10, '97.1': 10, '97.2': 3};1;1;x + 10
873.3;17;{'3.1': 16, '3.2': 1, '4.1': 10, '5.1': 3, '5.2': 5, '11.1': 10, '23.1': 15, '23.2': 15, '31.1': 4, '31.2': 2, '37.1': 7, '37.2': 1, '47.1': 4, '47.2': 9, '49.1': 4, '53.1': 10, '53.2': 3, '59.1': 5, '59.2': 3, '67.1': 15, '67.2': 1, '71.1': 15, '71.2': 7, '89.1': 12, '89.2': 2, '97.1': 1, '97.2': 0};1;1;x + 16
880.1;3;{'3.1': X1, '3.2': 2*X1, '4.1': 0, '5.1': 2, '5.2': 2*X1 + 2, '11.1': 2, '23.1': 1, '23.2': X1 + 2, '31.1': X1, '31.2': X1 + 1, '37.1': X1 + 2, '37.2': X1 + 2, '47.1': 2*X1, '47.2': X1, '49.1': X1 + 2, '53.1': 2, '53.2': X1 + 1, '59.1': X1 + 1, '59.2': 0, '67.1': 2, '67.2': 2*X1 + 2, '71.1': X1 + 2, '71.2': 2*X1 + 1, '89.1': X1, '89.2': 1, '97.1': X1 + 1, '97.2': 1};1;1;x^2 + 2*x + 2
880.1;181;{'3.1': 7, '3.2': 156, '4.1': 0, '5.1': 1, '5.2': 115, '11.1': 1, '23.1': 76, '23.2': 38, '31.1': 154, '31.2': 20, '37.1': 97, '37.2': 63, '47.1': 160, '47.2': 83, '49.1': 80, '53.1': 5, '53.2': 171, '59.1': 37, '59.2': 44, '67.1': 37, '67.2': 163, '71.1': 153, '71.2': 143, '89.1': 86, '89.2': 55, '97.1': 87, '97.2': 71};1;1;x + 180
881.1;2;{'3.1': 0, '3.2': 1, '4.1': X1, '5.1': 0, '5.2': 1, '11.1': 0, '23.1': 1, '23.2': 0, '31.1': 0, '31.2': 0, '37.1': 0, '37.2': 0, '47.1': 0, '47.2': 1, '49.1': 0, '53.1': 1, '53.2': 0, '59.1': 0, '59.2': 1, '67.1': 0, '67.2': 0, '71.1': 0, '71.2': 0, '89.1': 0, '89.2': 0, '97.1': 0, '97.2': 1};1;1;x^2 + x + 1
881.1;17;{'3.1': 16, '3.2': 5, '4.1': 4, '5.1': 10, '5.2': 3, '11.1': 10, '23.1': 11, '23.2': 12, '31.1': 8, '31.2': 10, '37.1': 8, '37.2': 9, '47.1': 9, '47.2': 16, '49.1': 15, '53.1': 15, '53.2': 15, '59.1': 1, '59.2': 4, '67.1': 4, '67.2': 12, '71.1': 4, '71.2': 7, '89.1': 11, '89.2': 2, '97.1': 8, '97.2': 5};1;1;x + 16
881.1;1601;{'3.1': 80, '3.2': 962, '4.1': 1298, '5.1': 761, '5.2': 1414, '11.1': 1372, '23.1': 1017, '23.2': 594, '31.1': 510, '31.2': 703, '37.1': 547, '37.2': 701, '47.1': 1143, '47.2': 566, '49.1': 457, '53.1': 437, '53.2': 1300, '59.1': 1534, '59.2': 709, '67.1': 863, '67.2': 240, '71.1': 294, '71.2': 1552, '89.1': 1385, '89.2': 1452, '97.1': 1506, '97.2': 825};1;1;x + 1600
881.1;1693;{'3.1': 922, '3.2': 875, '4.1': 518, '5.1': 1313, '5.2': 705, '11.1': 574, '23.1': 1269, '23.2': 1378, '31.1': 910, '31.2': 109, '37.1': 1470, '37.2': 141, '47.1': 697, '47.2': 514, '49.1': 1307, '53.1': 716, '53.2': 813, '59.1': 33, '59.2': 1083, '67.1': 683, '67.2': 1285, '71.1': 1038, '71.2': 81, '89.1': 1219, '89.2': 811, '97.1': 1585, '97.2': 349};1;1;x + 1692
883.1;7;{'3.1': 4, '3.2': 3, '4.1': 6, '5.1': 4, '5.2': 1, '11.1': 2, '23.1': 1, '23.2': 3, '31.1': 3, '31.2': 5, '37.1': 0, '37.2': 3, '47.1': 2, '47.2': 6, '49.1': 5, '53.1': 4, '53.2': 4, '59.1': 5, '59.2': 4, '67.1': 0, '67.2': 2, '71.1': 3, '71.2': 2, '89.1': 3, '89.2': 3, '97.1': 5, '97.2': 4};1;1;x + 6
883.1;13;{'3.1': 12*X1 + 11, '3.2': 3*X1 + 1, '4.1': 3*X1 + 4, '5.1': 7*X1 + 2, '5.2': 10*X1 + 8, '11.1': 7*X1 + 8, '23.1': 2*X1 + 11, '23.2': 12*X1 + 12, '31.1': 4*X1 + 10, '31.2': 2*X1 + 3, '37.1': 12*X1 + 2, '37.2': 10*X1 + 10, '47.1': 9*X1 + 2, '47.2': 8*X1 + 9, '49.1': 5*X1 + 3, '53.1': 12*X1 + 11, '53.2': 4*X1 + 10, '59.1': 3, '59.2': 10*X1 + 12, '67.1': 7*X1 + 9, '67.2': 9*X1 + 12, '71.1': 6, '71.2': 11*X1, '89.1': 10*X1 + 3, '89.2': 9*X1, '97.1': 5*X1 + 7, '97.2': 5*X1 + 4};1;1;x^2 + 12*x + 2
883.1;199;{'3.1': 183, '3.2': 51, '4.1': 148, '5.1': 180, '5.2': 78, '11.1': 69, '23.1': 14, '23.2': 20, '31.1': 51, '31.2': 148, '37.1': 24, '37.2': 185, '47.1': 82, '47.2': 10, '49.1': 164, '53.1': 45, '53.2': 96, '59.1': 97, '59.2': 47, '67.1': 116, '67.2': 17, '71.1': 138, '71.2': 27, '89.1': 183, '89.2': 66, '97.1': 197, '97.2': 45};1;1;x + 198
883.1;50109721;{'3.1': 27686690, '3.2': 39975199, '4.1': 9225512, '5.1': 17323003, '5.2': 31577596, '11.1': 11497073, '23.1': 27606477, '23.2': 47819978, '31.1': 30654200, '31.2': 387148, '37.1': 24106880, '37.2': 18221123, '47.1': 22947811, '47.2': 527476, '49.1': 15532492, '53.1': 27987052, '53.2': 28937670, '59.1': 6539667, '59.2': 49814821, '67.1': 32244803, '67.2': 36321691, '71.1': 47600961, '71.2': 17029065, '89.1': 8663261, '89.2': 37337037, '97.1': 49247184, '97.2': 32623010};1;1;x + 50109720
885.1;11;{'3.1': 1, '3.2': 7, '4.1': 7, '5.1': 1, '5.2': 6, '11.1': 7, '23.1': 7, '23.2': 5, '31.1': 6, '31.2': 10, '37.1': 10, '37.2': 3, '47.1': 2, '47.2': 7, '49.1': 1, '53.1': 7, '53.2': 7, '59.1': 1, '59.2': 2, '67.1': 10, '67.2': 7, '71.1': 2, '71.2': 5, '89.1': 8, '89.2': 10, '97.1': 1, '97.2': 7};1;1;x + 10
885.1;17;{'3.1': 1, '3.2': 1, '4.1': 11, '5.1': 1, '5.2': 11, '11.1': 3, '23.1': 14, '23.2': 7, '31.1': 13, '31.2': 2, '37.1': 7, '37.2': 2, '47.1': 14, '47.2': 4, '49.1': 15, '53.1': 7, '53.2': 10, '59.1': 16, '59.2': 4, '67.1': 0, '67.2': 6, '71.1': 7, '71.2': 0, '89.1': 4, '89.2': 0, '97.1': 3, '97.2': 16};1;1;x + 16
885.4;3;{'3.1': 2, '3.2': 2*X1^2 + X1 + 1, '4.1': 2*X1^2 + 1, '5.1': 2*X1 + 2, '5.2': 2, '11.1': 2*X1^2 + 2*X1 + 1, '23.1': X1^2 + 2, '23.2': 1, '31.1': X1^2 + X1 + 2, '31.2': X1^2 + 1, '37.1': X1^2 + X1, '37.2': X1^2 + X1 + 1, '47.1': X1^2 + 2*X1 + 1, '47.2': X1^2 + 2*X1 + 1, '49.1': X1^2 + 2*X1 + 1, '53.1': X1^2 + 1, '53.2': X1, '59.1': X1, '59.2': 1, '67.1': 2*X1 + 2, '67.2': X1^2 + 2*X1 + 1, '71.1': 2*X1^2 + 2*X1 + 2, '71.2': 1, '89.1': X1^2 + X1, '89.2': X1, '97.1': 0, '97.2': X1^2};1;1;x^3 + 2*x + 1
885.4;61;{'3.1': 1, '3.2': 36, '4.1': 11, '5.1': 11, '5.2': 1, '11.1': 40, '23.1': 25, '23.2': 25, '31.1': 57, '31.2': 35, '37.1': 23, '37.2': 31, '47.1': 54, '47.2': 3, '49.1': 44, '53.1': 38, '53.2': 58, '59.1': 5, '59.2': 1, '67.1': 42, '67.2': 18, '71.1': 46, '71.2': 3, '89.1': 40, '89.2': 20, '97.1': 24, '97.2': 58};1;1;x + 60
885.2;71;{'3.1': 70, '3.2': 55, '4.1': 27, '5.1': 1, '5.2': 58, '11.1': 59, '23.1': 64, '23.2': 52, '31.1': 42, '31.2': 45, '37.1': 57, '37.2': 11, '47.1': 54, '47.2': 67, '49.1': 10, '53.1': 36, '53.2': 4, '59.1': 38, '59.2': 70, '67.1': 36, '67.2': 63, '71.1': 66, '71.2': 62, '89.1': 9, '89.2': 23, '97.1': 38, '97.2': 38};1;1;x + 70
885.2;229;{'3.1': 228, '3.2': 67, '4.1': 102, '5.1': 228, '5.2': 216, '11.1': 37, '23.1': 34, '23.2': 44, '31.1': 175, '31.2': 129, '37.1': 157, '37.2': 23, '47.1': 169, '47.2': 197, '49.1': 135, '53.1': 109, '53.2': 224, '59.1': 112, '59.2': 1, '67.1': 209, '67.2': 43, '71.1': 141, '71.2': 207, '89.1': 73, '89.2': 126, '97.1': 79, '97.2': 21};1;1;x + 228
885.3;3;{'3.1': 2, '3.2': 2*X1, '4.1': X1, '5.1': 1, '5.2': 2, '11.1': X1 + 1, '23.1': 1, '23.2': X1 + 1, '31.1': X1 + 2, '31.2': X1 + 1, '37.1': 2*X1 + 2, '37.2': 1, '47.1': 2, '47.2': 2*X1 + 2, '49.1': 0, '53.1': 2*X1 + 2, '53.2': 2*X1, '59.1': 2, '59.2': X1 + 1, '67.1': X1 + 1, '67.2': X1, '71.1': 1, '71.2': X1, '89.1': 2*X1 + 2, '89.2': 2*X1 + 1, '97.1': X1 + 2, '97.2': 1};1;1;x^2 + 2*x + 2
885.3;53;{'3.1': 1, '3.2': 9, '4.1': 38, '5.1': 12, '5.2': 52, '11.1': 28, '23.1': 11, '23.2': 5, '31.1': 40, '31.2': 30, '37.1': 38, '37.2': 45, '47.1': 0, '47.2': 0, '49.1': 8, '53.1': 10, '53.2': 43, '59.1': 1, '59.2': 23, '67.1': 50, '67.2': 7, '71.1': 7, '71.2': 15, '89.1': 27, '89.2': 3, '97.1': 15, '97.2': 10};1;1;x + 52
885.3;113;{'3.1': 112, '3.2': 60, '4.1': 77, '5.1': 100, '5.2': 1, '11.1': 22, '23.1': 95, '23.2': 49, '31.1': 0, '31.2': 95, '37.1': 71, '37.2': 19, '47.1': 94, '47.2': 37, '49.1': 52, '53.1': 61, '53.2': 39, '59.1': 112, '59.2': 7, '67.1': 110, '67.2': 71, '71.1': 44, '71.2': 86, '89.1': 102, '89.2': 20, '97.1': 42, '97.2': 14};1;1;x + 112
892.1;17;{'3.1': 0, '3.2': 6, '4.1': 16, '5.1': 11, '5.2': 2, '11.1': 11, '23.1': 3, '23.2': 10, '31.1': 9, '31.2': 7, '37.1': 10, '37.2': 13, '47.1': 5, '47.2': 8, '49.1': 7, '53.1': 5, '53.2': 16, '59.1': 11, '59.2': 7, '67.1': 15, '67.2': 11, '71.1': 4, '71.2': 13, '89.1': 16, '89.2': 0, '97.1': 10, '97.2': 15};1;1;x + 16
892.1;1499;{'3.1': 400, '3.2': 1244, '4.1': 1498, '5.1': 1453, '5.2': 73, '11.1': 805, '23.1': 1215, '23.2': 1484, '31.1': 1144, '31.2': 643, '37.1': 799, '37.2': 1354, '47.1': 137, '47.2': 924, '49.1': 1349, '53.1': 710, '53.2': 1255, '59.1': 742, '59.2': 398, '67.1': 1046, '67.2': 192, '71.1': 1102, '71.2': 425, '89.1': 1000, '89.2': 1173, '97.1': 1155, '97.2': 250};1;1;x + 1498
892.1;63103;{'3.1': 18445, '3.2': 44021, '4.1': 1, '5.1': 57296, '5.2': 21770, '11.1': 59911, '23.1': 40151, '23.2': 58541, '31.1': 16231, '31.2': 20105, '37.1': 26009, '37.2': 49879, '47.1': 8204, '47.2': 50267, '49.1': 9217, '53.1': 4819, '53.2': 45541, '59.1': 8158, '59.2': 33794, '67.1': 48658, '67.2': 37928, '71.1': 47627, '71.2': 57387, '89.1': 36180, '89.2': 26131, '97.1': 13013, '97.2': 12695};1;1;x + 63102
895.2;29;{'3.1': 7, '3.2': 19, '4.1': 7, '5.1': 1, '5.2': 6, '11.1': 23, '23.1': 12, '23.2': 28, '31.1': 0, '31.2': 9, '37.1': 0, '37.2': 18, '47.1': 20, '47.2': 19, '49.1': 12, '53.1': 28, '53.2': 13, '59.1': 3, '59.2': 2, '67.1': 7, '67.2': 14, '71.1': 8, '71.2': 15, '89.1': 26, '89.2': 23, '97.1': 20, '97.2': 0};1;1;x + 28
895.2;22871;{'3.1': 15899, '3.2': 14582, '4.1': 13753, '5.1': 22870, '5.2': 18309, '11.1': 15812, '23.1': 14798, '23.2': 19253, '31.1': 10398, '31.2': 3830, '37.1': 11593, '37.2': 22396, '47.1': 2345, '47.2': 10905, '49.1': 11958, '53.1': 12537, '53.2': 15675, '59.1': 9548, '59.2': 9268, '67.1': 17503, '67.2': 495, '71.1': 21869, '71.2': 10936, '89.1': 16201, '89.2': 11202, '97.1': 8232, '97.2': 3556};1;1;x + 22870
895.2;167663;{'3.1': 74648, '3.2': 156566, '4.1': 165082, '5.1': 1, '5.2': 146560, '11.1': 140123, '23.1': 130683, '23.2': 63197, '31.1': 71043, '31.2': 25038, '37.1': 84837, '37.2': 158618, '47.1': 162782, '47.2': 127289, '49.1': 32805, '53.1': 157644, '53.2': 2774, '59.1': 10098, '59.2': 105161, '67.1': 40142, '67.2': 119471, '71.1': 29014, '71.2': 127828, '89.1': 97594, '89.2': 39154, '97.1': 134843, '97.2': 117223};1;1;x + 167662
895.1;2;{'3.1': X1, '3.2': X1, '4.1': 1, '5.1': 1, '5.2': X1 + 1, '11.1': 0, '23.1': 0, '23.2': 0, '31.1': X1, '31.2': 0, '37.1': X1, '37.2': X1 + 1, '47.1': 0, '47.2': 0, '49.1': 0, '53.1': 0, '53.2': 0, '59.1': X1 + 1, '59.2': 0, '67.1': X1, '67.2': 0, '71.1': X1 + 1, '71.2': X1, '89.1': X1 + 1, '89.2': X1, '97.1': 0, '97.2': 0};1;2;x^2 + x + 1
895.1;29;{'3.1': 13, '3.2': 0, '4.1': 27, '5.1': 28, '5.2': 13, '11.1': 16, '23.1': 21, '23.2': 15, '31.1': 0, '31.2': 28, '37.1': 6, '37.2': 26, '47.1': 25, '47.2': 20, '49.1': 23, '53.1': 3, '53.2': 2, '59.1': 21, '59.2': 20, '67.1': 8, '67.2': 24, '71.1': 17, '71.2': 14, '89.1': 15, '89.2': 16, '97.1': 26, '97.2': 7};1;1;x + 28
895.1;59;{'3.1': 23, '3.2': 39, '4.1': 10, '5.1': 1, '5.2': 8, '11.1': 39, '23.1': 37, '23.2': 43, '31.1': 14, '31.2': 22, '37.1': 14, '37.2': 48, '47.1': 39, '47.2': 0, '49.1': 9, '53.1': 32, '53.2': 19, '59.1': 13, '59.2': 4, '67.1': 16, '67.2': 13, '71.1': 27, '71.2': 37, '89.1': 57, '89.2': 22, '97.1': 49, '97.2': 54};1;1;x + 58
895.1;179;{'3.1': 96, '3.2': 161, '4.1': 95, '5.1': 1, '5.2': 158, '11.1': 53, '23.1': 170, '23.2': 101, '31.1': 14, '31.2': 156, '37.1': 42, '37.2': 108, '47.1': 107, '47.2': 79, '49.1': 135, '53.1': 83, '53.2': 35, '59.1': 159, '59.2': 10, '67.1': 91, '67.2': 10, '71.1': 60, '71.2': 42, '89.1': 51, '89.2': 97, '97.1': 95, '97.2': 92};1;1;x + 178
895.1;367;{'3.1': 352, '3.2': 109, '4.1': 283, '5.1': 366, '5.2': 187, '11.1': 317, '23.1': 275, '23.2': 14, '31.1': 80, '31.2': 156, '37.1': 307, '37.2': 130, '47.1': 27, '47.2': 87, '49.1': 241, '53.1': 121, '53.2': 70, '59.1': 283, '59.2': 320, '67.1': 202, '67.2': 122, '71.1': 99, '71.2': 113, '89.1': 323, '89.2': 117, '97.1': 176, '97.2': 8};1;1;x + 366
905.2;5;{'3.1': 0, '3.2': 3*X1 + 3, '4.1': 2*X1, '5.1': 4, '5.2': X1 + 3, '11.1': X1 + 1, '23.1': 3*X1 + 2, '23.2': X1, '31.1': 1, '31.2': 4*X1 + 2, '37.1': 3, '37.2': 4*X1 + 1, '47.1': 3*X1 + 2, '47.2': X1 + 2, '49.1': 2, '53.1': 0, '53.2': 2*X1 + 3, '59.1': 2*X1 + 3, '59.2': 2*X1 + 2, '67.1': 4, '67.2': X1 + 2, '71.1': 2*X1, '71.2': 0, '89.1': 2, '89.2': 4*X1, '97.1': 4*X1 + 2, '97.2': 2*X1};1;1;x^2 + 4*x + 2
905.2;13;{'3.1': 11, '3.2': 11, '4.1': 9, '5.1': 1, '5.2': 10, '11.1': 12, '23.1': 2, '23.2': 2, '31.1': 0, '31.2': 1, '37.1': 4, '37.2': 9, '47.1': 2, '47.2': 5, '49.1': 7, '53.1': 6, '53.2': 0, '59.1': 4, '59.2': 0, '67.1': 1, '67.2': 4, '71.1': 0, '71.2': 6, '89.1': 7, '89.2': 4, '97.1': 3, '97.2': 10};1;1;x + 12
905.2;151;{'3.1': 36, '3.2': 28, '4.1': 100, '5.1': 1, '5.2': 138, '11.1': 24, '23.1': 49, '23.2': 101, '31.1': 94, '31.2': 67, '37.1': 46, '37.2': 105, '47.1': 65, '47.2': 100, '49.1': 93, '53.1': 112, '53.2': 119, '59.1': 24, '59.2': 44, '67.1': 13, '67.2': 115, '71.1': 131, '71.2': 7, '89.1': 66, '89.2': 87, '97.1': 59, '97.2': 61};1;1;x + 150
905.1;7;{'3.1': 0, '3.2': 6, '4.1': 0, '5.1': 6, '5.2': 1, '11.1': 5, '23.1': 3, '23.2': 2, '31.1': 4, '31.2': 2, '37.1': 4, '37.2': 4, '47.1': 4, '47.2': 4, '49.1': 6, '53.1': 0, '53.2': 0, '59.1': 6, '59.2': 1, '67.1': 4, '67.2': 3, '71.1': 4, '71.2': 6, '89.1': 5, '89.2': 1, '97.1': 0, '97.2': 6};1;1;x + 6
905.1;101;{'3.1': 43, '3.2': 93, '4.1': 85, '5.1': 100, '5.2': 23, '11.1': 20, '23.1': 96, '23.2': 88, '31.1': 23, '31.2': 5, '37.1': 8, '37.2': 55, '47.1': 86, '47.2': 52, '49.1': 1, '53.1': 60, '53.2': 17, '59.1': 96, '59.2': 7, '67.1': 42, '67.2': 97, '71.1': 32, '71.2': 5, '89.1': 90, '89.2': 62, '97.1': 60, '97.2': 99};1;1;x + 100
905.1;2767;{'3.1': 1216, '3.2': 758, '4.1': 1890, '5.1': 2766, '5.2': 1501, '11.1': 1987, '23.1': 413, '23.2': 1220, '31.1': 29, '31.2': 1059, '37.1': 1627, '37.2': 1213, '47.1': 2478, '47.2': 669, '49.1': 1954, '53.1': 709, '53.2': 1888, '59.1': 447, '59.2': 1376, '67.1': 1128, '67.2': 1484, '71.1': 1955, '71.2': 1212, '89.1': 799, '89.2': 2573, '97.1': 265, '97.2': 2008};1;1;x + 2766
905.1;694609;{'3.1': 237288, '3.2': 632988, '4.1': 30838, '5.1': 1, '5.2': 637432, '11.1': 74420, '23.1': 372756, '23.2': 445000, '31.1': 29055, '31.2': 187703, '37.1': 139387, '37.2': 194351, '47.1': 301115, '47.2': 92207, '49.1': 600179, '53.1': 644375, '53.2': 641966, '59.1': 125906, '59.2': 316832, '67.1': 309967, '67.2': 569, '71.1': 399086, '71.2': 222809, '89.1': 568289, '89.2': 118293, '97.1': 549454, '97.2': 165498};1;1;x + 694608
907.1;19;{'3.1': 5, '3.2': 12, '4.1': 18, '5.1': 6, '5.2': 10, '11.1': 8, '23.1': 13, '23.2': 18, '31.1': 11, '31.2': 2, '37.1': 5, '37.2': 12, '47.1': 10, '47.2': 9, '49.1': 0, '53.1': 5, '53.2': 12, '59.1': 17, '59.2': 1, '67.1': 8, '67.2': 2, '71.1': 2, '71.2': 18, '89.1': 13, '89.2': 17, '97.1': 9, '97.2': 12};1;1;x + 18
907.1;37;{'3.1': 6, '3.2': 33, '4.1': 28, '5.1': 9, '5.2': 17, '11.1': 4, '23.1': 15, '23.2': 0, '31.1': 1, '31.2': 6, '37.1': 11, '37.2': 23, '47.1': 5, '47.2': 7, '49.1': 6, '53.1': 25, '53.2': 7, '59.1': 16, '59.2': 9, '67.1': 24, '67.2': 6, '71.1': 33, '71.2': 35, '89.1': 25, '89.2': 22, '97.1': 29, '97.2': 13};1;1;x + 36
907.1;4753627391;{'3.1': 709996027, '3.2': 482411807, '4.1': 2286957299, '5.1': 2799271211, '5.2': 1951496397, '11.1': 4246311695, '23.1': 250178380, '23.2': 2008402874, '31.1': 1689638661, '31.2': 1366900692, '37.1': 4286118334, '37.2': 2978728100, '47.1': 3047680433, '47.2': 2575334905, '49.1': 4622073462, '53.1': 940195272, '53.2': 4651245677, '59.1': 750060725, '59.2': 1295032838, '67.1': 129222926, '67.2': 548309731, '71.1': 1866951600, '71.2': 3898800427, '89.1': 533106286, '89.2': 3434208684, '97.1': 2607127844, '97.2': 1292146274};1;1;x + 4753627390
911.1;853;{'3.1': 485, '3.2': 703, '4.1': 277, '5.1': 549, '5.2': 831, '11.1': 18, '23.1': 217, '23.2': 714, '31.1': 42, '31.2': 451, '37.1': 464, '37.2': 314, '47.1': 652, '47.2': 111, '49.1': 400, '53.1': 622, '53.2': 735, '59.1': 751, '59.2': 709, '67.1': 757, '67.2': 175, '71.1': 618, '71.2': 26, '89.1': 602, '89.2': 481, '97.1': 327, '97.2': 339};1;1;x + 852
911.1;8053;{'3.1': 3901, '3.2': 5265, '4.1': 6382, '5.1': 7279, '5.2': 3895, '11.1': 1504, '23.1': 8030, '23.2': 1211, '31.1': 1478, '31.2': 4184, '37.1': 7435, '37.2': 3424, '47.1': 7267, '47.2': 6174, '49.1': 5862, '53.1': 6904, '53.2': 7713, '59.1': 6350, '59.2': 8036, '67.1': 6461, '67.2': 2288, '71.1': 5970, '71.2': 4899, '89.1': 3056, '89.2': 5033, '97.1': 7286, '97.2': 3674};1;1;x + 8052
911.1;2673247021;{'3.1': 2578208112, '3.2': 644853227, '4.1': 720929695, '5.1': 1777132597, '5.2': 93157960, '11.1': 214174639, '23.1': 1737735373, '23.2': 390265453, '31.1': 474675632, '31.2': 435562599, '37.1': 1032606719, '37.2': 2143531850, '47.1': 2345696096, '47.2': 1063810844, '49.1': 1529036203, '53.1': 455083155, '53.2': 109867495, '59.1': 1936699954, '59.2': 2115333334, '67.1': 1674589816, '67.2': 1311883103, '71.1': 714472657, '71.2': 1073586844, '89.1': 194464213, '89.2': 2244159556, '97.1': 2604260468, '97.2': 1271308447};1;1;x + 2673247020
916.1;23;{'3.1': 12, '3.2': 2, '4.1': 1, '5.1': 7, '5.2': 9, '11.1': 20, '23.1': 15, '23.2': 1, '31.1': 7, '31.2': 14, '37.1': 4, '37.2': 1, '47.1': 20, '47.2': 8, '49.1': 15, '53.1': 20, '53.2': 16, '59.1': 17, '59.2': 3, '67.1': 15, '67.2': 11, '71.1': 14, '71.2': 17, '89.1': 6, '89.2': 11, '97.1': 9, '97.2': 12};1;1;x + 22
916.1;131;{'3.1': 109, '3.2': 59, '4.1': 130, '5.1': 5, '5.2': 115, '11.1': 96, '23.1': 46, '23.2': 47, '31.1': 81, '31.2': 129, '37.1': 14, '37.2': 81, '47.1': 40, '47.2': 37, '49.1': 98, '53.1': 31, '53.2': 107, '59.1': 68, '59.2': 43, '67.1': 0, '67.2': 21, '71.1': 114, '71.2': 67, '89.1': 28, '89.2': 65, '97.1': 105, '97.2': 4};1;1;x + 130
916.1;479;{'3.1': 342, '3.2': 470, '4.1': 1, '5.1': 302, '5.2': 465, '11.1': 335, '23.1': 457, '23.2': 284, '31.1': 386, '31.2': 192, '37.1': 372, '37.2': 106, '47.1': 302, '47.2': 393, '49.1': 203, '53.1': 465, '53.2': 397, '59.1': 253, '59.2': 137, '67.1': 324, '67.2': 154, '71.1': 297, '71.2': 99, '89.1': 393, '89.2': 104, '97.1': 36, '97.2': 67};1;1;x + 478
916.1;1279;{'3.1': 1011, '3.2': 661, '4.1': 1278, '5.1': 1016, '5.2': 822, '11.1': 223, '23.1': 767, '23.2': 468, '31.1': 88, '31.2': 501, '37.1': 395, '37.2': 908, '47.1': 759, '47.2': 790, '49.1': 349, '53.1': 304, '53.2': 940, '59.1': 204, '59.2': 87, '67.1': 620, '67.2': 148, '71.1': 404, '71.2': 489, '89.1': 992, '89.2': 900, '97.1': 850, '97.2': 804};1;1;x + 1278
925.3;3;{'3.1': 2*X1 + 1, '3.2': X1 + 2, '4.1': 2*X1 + 1, '5.1': 2, '5.2': 2, '11.1': 1, '23.1': 2*X1 + 1, '23.2': 2*X1 + 1, '31.1': 2, '31.2': 2*X1 + 1, '37.1': 1, '37.2': 1, '47.1': 2*X1, '47.2': 2*X1 + 1, '49.1': 2*X1, '53.1': 0, '53.2': 2, '59.1': X1 + 1, '59.2': 2*X1, '67.1': 2*X1, '67.2': 1, '71.1': 2*X1, '71.2': X1 + 1, '89.1': X1 + 1, '89.2': 2*X1, '97.1': X1, '97.2': X1 + 1};1;1;x^2 + 2*x + 2
925.2;17;{'3.1': 10, '3.2': 11, '4.1': 0, '5.1': 0, '5.2': 3, '11.1': 3, '23.1': 7, '23.2': 13, '31.1': 15, '31.2': 13, '37.1': 0, '37.2': 1, '47.1': 4, '47.2': 9, '49.1': 16, '53.1': 6, '53.2': 14, '59.1': 8, '59.2': 1, '67.1': 15, '67.2': 13, '71.1': 8, '71.2': 5, '89.1': 9, '89.2': 1, '97.1': 6, '97.2': 2};1;1;x + 16
925.2;17;{'3.1': 10, '3.2': 6, '4.1': 0, '5.1': 0, '5.2': 14, '11.1': 14, '23.1': 10, '23.2': 13, '31.1': 2, '31.2': 4, '37.1': 0, '37.2': 16, '47.1': 4, '47.2': 8, '49.1': 1, '53.1': 6, '53.2': 3, '59.1': 8, '59.2': 1, '67.1': 2, '67.2': 13, '71.1': 8, '71.2': 5, '89.1': 8, '89.2': 16, '97.1': 11, '97.2': 2};1;1;x + 16
925.2;19;{'3.1': 4, '3.2': 15, '4.1': 14, '5.1': 0, '5.2': 13, '11.1': 7, '23.1': 14, '23.2': 5, '31.1': 6, '31.2': 6, '37.1': 0, '37.2': 1, '47.1': 10, '47.2': 9, '49.1': 7, '53.1': 16, '53.2': 3, '59.1': 3, '59.2': 3, '67.1': 8, '67.2': 11, '71.1': 15, '71.2': 15, '89.1': 5, '89.2': 5, '97.1': 16, '97.2': 3};1;1;x + 18
927.1;5;{'3.1': 0, '3.2': 3*X1 + 3, '4.1': 4*X1, '5.1': 3*X1 + 3, '5.2': 2*X1 + 4, '11.1': 4*X1 + 1, '23.1': 4*X1 + 4, '23.2': 3, '31.1': X1, '31.2': 4*X1 + 1, '37.1': 4*X1 + 1, '37.2': 4*X1 + 4, '47.1': 3*X1 + 4, '47.2': 4*X1 + 4, '49.1': 4, '53.1': 4*X1 + 4, '53.2': X1 + 3, '59.1': 1, '59.2': 4*X1, '67.1': 2*X1 + 3, '67.2': 3, '71.1': X1 + 3, '71.2': 3*X1 + 4, '89.1': X1, '89.2': 4*X1 + 1, '97.1': 3*X1 + 1, '97.2': 2*X1 + 4};1;1;x^2 + 4*x + 2
927.1;7;{'3.1': 0, '3.2': 5, '4.1': 3, '5.1': 3, '5.2': 2, '11.1': 4, '23.1': 3, '23.2': 4, '31.1': 3, '31.2': 3, '37.1': 1, '37.2': 4, '47.1': 2, '47.2': 1, '49.1': 5, '53.1': 2, '53.2': 1, '59.1': 0, '59.2': 6, '67.1': 6, '67.2': 5, '71.1': 0, '71.2': 1, '89.1': 3, '89.2': 6, '97.1': 5, '97.2': 6};1;1;x + 6
927.1;71;{'3.1': 0, '3.2': 7, '4.1': 40, '5.1': 24, '5.2': 30, '11.1': 8, '23.1': 67, '23.2': 37, '31.1': 8, '31.2': 57, '37.1': 16, '37.2': 57, '47.1': 26, '47.2': 59, '49.1': 51, '53.1': 36, '53.2': 22, '59.1': 39, '59.2': 17, '67.1': 61, '67.2': 68, '71.1': 20, '71.2': 3, '89.1': 43, '89.2': 17, '97.1': 7, '97.2': 54};1;1;x + 70
927.1;179;{'3.1': 0, '3.2': 159, '4.1': 74, '5.1': 84, '5.2': 150, '11.1': 162, '23.1': 16, '23.2': 96, '31.1': 57, '31.2': 152, '37.1': 58, '37.2': 71, '47.1': 81, '47.2': 139, '49.1': 21, '53.1': 93, '53.2': 77, '59.1': 107, '59.2': 117, '67.1': 53, '67.2': 9, '71.1': 124, '71.2': 89, '89.1': 124, '89.2': 71, '97.1': 155, '97.2': 58};1;1;x + 178
927.2;61;{'3.1': 0, '3.2': 16, '4.1': 56, '5.1': 36, '5.2': 27, '11.1': 38, '23.1': 32, '23.2': 53, '31.1': 31, '31.2': 20, '37.1': 28, '37.2': 3, '47.1': 59, '47.2': 15, '49.1': 16, '53.1': 19, '53.2': 58, '59.1': 10, '59.2': 35, '67.1': 1, '67.2': 45, '71.1': 55, '71.2': 1, '89.1': 45, '89.2': 30, '97.1': 30, '97.2': 0};1;1;x + 60
927.2;71;{'3.1': 0, '3.2': 10, '4.1': 40, '5.1': 41, '5.2': 47, '11.1': 63, '23.1': 34, '23.2': 4, '31.1': 57, '31.2': 8, '37.1': 57, '37.2': 16, '47.1': 12, '47.2': 45, '49.1': 51, '53.1': 49, '53.2': 35, '59.1': 54, '59.2': 32, '67.1': 68, '67.2': 61, '71.1': 68, '71.2': 51, '89.1': 54, '89.2': 28, '97.1': 54, '97.2': 7};1;1;x + 70
927.2;113;{'3.1': 0, '3.2': 35, '4.1': 93, '5.1': 29, '5.2': 7, '11.1': 100, '23.1': 0, '23.2': 108, '31.1': 45, '31.2': 68, '37.1': 32, '37.2': 50, '47.1': 30, '47.2': 8, '49.1': 46, '53.1': 102, '53.2': 84, '59.1': 2, '59.2': 105, '67.1': 84, '67.2': 38, '71.1': 74, '71.2': 12, '89.1': 98, '89.2': 66, '97.1': 90, '97.2': 33};1;1;x + 112
929.1;89;{'3.1': 56, '3.2': 26, '4.1': 71, '5.1': 17, '5.2': 83, '11.1': 74, '23.1': 66, '23.2': 85, '31.1': 80, '31.2': 27, '37.1': 45, '37.2': 72, '47.1': 7, '47.2': 24, '49.1': 45, '53.1': 38, '53.2': 36, '59.1': 53, '59.2': 30, '67.1': 28, '67.2': 39, '71.1': 13, '71.2': 6, '89.1': 33, '89.2': 14, '97.1': 31, '97.2': 23};1;1;x + 88
929.1;461;{'3.1': 26, '3.2': 52, '4.1': 269, '5.1': 457, '5.2': 176, '11.1': 132, '23.1': 428, '23.2': 35, '31.1': 365, '31.2': 101, '37.1': 298, '37.2': 414, '47.1': 401, '47.2': 7, '49.1': 281, '53.1': 129, '53.2': 33, '59.1': 2, '59.2': 361, '67.1': 143, '67.2': 32, '71.1': 262, '71.2': 140, '89.1': 350, '89.2': 376, '97.1': 198, '97.2': 329};1;1;x + 460
929.1;133982963;{'3.1': 5133765, '3.2': 128867982, '4.1': 10197108, '5.1': 17088938, '5.2': 76019752, '11.1': 111894171, '23.1': 30580631, '23.2': 112161851, '31.1': 47326113, '31.2': 131137743, '37.1': 76918936, '37.2': 42624756, '47.1': 125510299, '47.2': 116588799, '49.1': 64594004, '53.1': 109006118, '53.2': 39613336, '59.1': 122648121, '59.2': 7422229, '67.1': 25464299, '67.2': 96141833, '71.1': 117927471, '71.2': 83810191, '89.1': 33173515, '89.2': 24061667, '97.1': 101990378, '97.2': 28380675};1;1;x + 133982962
933.2;2;{'3.1': 1, '3.2': X1, '4.1': 0, '5.1': X1, '5.2': 1, '11.1': 1, '23.1': 1, '23.2': 0, '31.1': 0, '31.2': X1 + 1, '37.1': 0, '37.2': X1 + 1, '47.1': X1 + 1, '47.2': 1, '49.1': X1, '53.1': 1, '53.2': 1, '59.1': 0, '59.2': X1 + 1, '67.1': 1, '67.2': X1 + 1, '71.1': X1, '71.2': 1, '89.1': X1, '89.2': 0, '97.1': 1, '97.2': 0};1;2;x^2 + x + 1
933.2;277;{'3.1': 276, '3.2': 77, '4.1': 63, '5.1': 114, '5.2': 169, '11.1': 15, '23.1': 138, '23.2': 220, '31.1': 25, '31.2': 259, '37.1': 83, '37.2': 259, '47.1': 109, '47.2': 12, '49.1': 48, '53.1': 223, '53.2': 216, '59.1': 207, '59.2': 241, '67.1': 127, '67.2': 162, '71.1': 238, '71.2': 236, '89.1': 165, '89.2': 229, '97.1': 123, '97.2': 8};1;1;x + 276
933.2;1699;{'3.1': 1, '3.2': 186, '4.1': 1411, '5.1': 1657, '5.2': 482, '11.1': 814, '23.1': 721, '23.2': 1289, '31.1': 845, '31.2': 835, '37.1': 1132, '37.2': 1466, '47.1': 1581, '47.2': 384, '49.1': 364, '53.1': 702, '53.2': 805, '59.1': 541, '59.2': 1329, '67.1': 841, '67.2': 481, '71.1': 490, '71.2': 726, '89.1': 124, '89.2': 640, '97.1': 1148, '97.2': 576};1;1;x + 1698
933.1;29;{'3.1': 28, '3.2': 24, '4.1': 5, '5.1': 0, '5.2': 13, '11.1': 20, '23.1': 2, '23.2': 20, '31.1': 14, '31.2': 12, '37.1': 15, '37.2': 22, '47.1': 14, '47.2': 22, '49.1': 8, '53.1': 27, '53.2': 0, '59.1': 14, '59.2': 4, '67.1': 2, '67.2': 14, '71.1': 22, '71.2': 7, '89.1': 4, '89.2': 6, '97.1': 2, '97.2': 1};1;1;x + 28
933.1;113;{'3.1': 1, '3.2': 69, '4.1': 90, '5.1': 60, '5.2': 97, '11.1': 21, '23.1': 71, '23.2': 35, '31.1': 86, '31.2': 92, '37.1': 41, '37.2': 110, '47.1': 80, '47.2': 3, '49.1': 90, '53.1': 99, '53.2': 4, '59.1': 3, '59.2': 86, '67.1': 42, '67.2': 75, '71.1': 112, '71.2': 106, '89.1': 70, '89.2': 33, '97.1': 57, '97.2': 18};1;1;x + 112
933.1;521;{'3.1': 1, '3.2': 300, '4.1': 200, '5.1': 341, '5.2': 128, '11.1': 404, '23.1': 441, '23.2': 238, '31.1': 350, '31.2': 84, '37.1': 170, '37.2': 281, '47.1': 222, '47.2': 343, '49.1': 479, '53.1': 215, '53.2': 296, '59.1': 498, '59.2': 457, '67.1': 386, '67.2': 178, '71.1': 405, '71.2': 50, '89.1': 55, '89.2': 443, '97.1': 153, '97.2': 73};1;1;x + 520
939.1;211;{'3.1': 1, '3.2': 44, '4.1': 45, '5.1': 170, '5.2': 119, '11.1': 147, '23.1': 77, '23.2': 166, '31.1': 139, '31.2': 31, '37.1': 162, '37.2': 110, '47.1': 23, '47.2': 139, '49.1': 140, '53.1': 127, '53.2': 128, '59.1': 11, '59.2': 196, '67.1': 121, '67.2': 169, '71.1': 201, '71.2': 173, '89.1': 192, '89.2': 35, '97.1': 169, '97.2': 34};1;1;x + 210
939.2;7;{'3.1': 6, '3.2': 1, '4.1': 2, '5.1': 4, '5.2': 1, '11.1': 6, '23.1': 4, '23.2': 0, '31.1': 5, '31.2': 0, '37.1': 3, '37.2': 3, '47.1': 2, '47.2': 3, '49.1': 5, '53.1': 0, '53.2': 4, '59.1': 1, '59.2': 3, '67.1': 1, '67.2': 2, '71.1': 3, '71.2': 2, '89.1': 4, '89.2': 3, '97.1': 3, '97.2': 5};1;1;x + 6
939.2;37;{'3.1': 1, '3.2': 25, '4.1': 25, '5.1': 21, '5.2': 24, '11.1': 36, '23.1': 34, '23.2': 26, '31.1': 19, '31.2': 33, '37.1': 24, '37.2': 36, '47.1': 31, '47.2': 3, '49.1': 17, '53.1': 5, '53.2': 24, '59.1': 35, '59.2': 9, '67.1': 27, '67.2': 28, '71.1': 10, '71.2': 30, '89.1': 26, '89.2': 33, '97.1': 12, '97.2': 25};1;1;x + 36
939.2;12697;{'3.1': 12696, '3.2': 8536, '4.1': 5176, '5.1': 51, '5.2': 2977, '11.1': 6163, '23.1': 20, '23.2': 902, '31.1': 12182, '31.2': 11511, '37.1': 909, '37.2': 12076, '47.1': 6320, '47.2': 2304, '49.1': 3291, '53.1': 10008, '53.2': 9656, '59.1': 3470, '59.2': 10216, '67.1': 10563, '67.2': 2441, '71.1': 8074, '71.2': 5669, '89.1': 8512, '89.2': 4736, '97.1': 5999, '97.2': 8076};1;1;x + 12696
939.2;42451;{'3.1': 1, '3.2': 19695, '4.1': 28217, '5.1': 19521, '5.2': 37988, '11.1': 1157, '23.1': 19626, '23.2': 29382, '31.1': 39100, '31.2': 32533, '37.1': 7123, '37.2': 9928, '47.1': 15202, '47.2': 34361, '49.1': 12037, '53.1': 27902, '53.2': 2428, '59.1': 18699, '59.2': 647, '67.1': 22897, '67.2': 28581, '71.1': 11922, '71.2': 30555, '89.1': 34311, '89.2': 12456, '97.1': 5872, '97.2': 13776};1;1;x + 42450
940.1;19;{'3.1': 5, '3.2': 6, '4.1': 1, '5.1': 1, '5.2': 2, '11.1': 11, '23.1': 12, '23.2': 6, '31.1': 13, '31.2': 1, '37.1': 17, '37.2': 5, '47.1': 1, '47.2': 9, '49.1': 15, '53.1': 3, '53.2': 4, '59.1': 4, '59.2': 11, '67.1': 11, '67.2': 15, '71.1': 9, '71.2': 18, '89.1': 14, '89.2': 10, '97.1': 0, '97.2': 15};1;1;x + 18
940.2;2;{'3.1': X1, '3.2': X1, '4.1': 1, '5.1': 1, '5.2': X1, '11.1': 0, '23.1': X1 + 1, '23.2': 0, '31.1': 0, '31.2': 0, '37.1': 0, '37.2': 0, '47.1': X1, '47.2': 1, '49.1': X1 + 1, '53.1': X1 + 1, '53.2': 0, '59.1': X1 + 1, '59.2': 0, '67.1': X1 + 1, '67.2': 0, '71.1': 0, '71.2': 0, '89.1': 0, '89.2': 0, '97.1': 0, '97.2': 0};1;2;x^2 + x + 1
940.2;3;{'3.1': 2*X1, '3.2': 2*X1 + 1, '4.1': 1, '5.1': 1, '5.2': 2*X1 + 1, '11.1': 1, '23.1': 0, '23.2': 2*X1 + 2, '31.1': X1 + 1, '31.2': 2, '37.1': 2*X1, '37.2': 1, '47.1': 2, '47.2': 1, '49.1': 2*X1, '53.1': 2*X1 + 2, '53.2': X1 + 2, '59.1': X1 + 2, '59.2': 1, '67.1': 2, '67.2': 0, '71.1': 0, '71.2': X1, '89.1': X1 + 1, '89.2': 2*X1 + 1, '97.1': 2*X1 + 1, '97.2': 2};1;1;x^2 + 2*x + 2
940.2;7;{'3.1': 1, '3.2': 0, '4.1': 6, '5.1': 1, '5.2': 6, '11.1': 4, '23.1': 1, '23.2': 2, '31.1': 5, '31.2': 6, '37.1': 1, '37.2': 3, '47.1': 5, '47.2': 1, '49.1': 3, '53.1': 4, '53.2': 6, '59.1': 2, '59.2': 3, '67.1': 3, '67.2': 4, '71.1': 0, '71.2': 1, '89.1': 4, '89.2': 0, '97.1': 2, '97.2': 3};1;1;x + 6
940.2;41;{'3.1': 20, '3.2': 9, '4.1': 40, '5.1': 40, '5.2': 14, '11.1': 38, '23.1': 22, '23.2': 24, '31.1': 31, '31.2': 36, '37.1': 4, '37.2': 12, '47.1': 26, '47.2': 1, '49.1': 3, '53.1': 16, '53.2': 22, '59.1': 3, '59.2': 25, '67.1': 30, '67.2': 6, '71.1': 31, '71.2': 37, '89.1': 15, '89.2': 21, '97.1': 1, '97.2': 28};1;1;x + 40
940.2;47;{'3.1': 28, '3.2': 38, '4.1': 46, '5.1': 1, '5.2': 10, '11.1': 25, '23.1': 3, '23.2': 16, '31.1': 19, '31.2': 18, '37.1': 34, '37.2': 41, '47.1': 30, '47.2': 46, '49.1': 20, '53.1': 29, '53.2': 27, '59.1': 0, '59.2': 23, '67.1': 41, '67.2': 30, '71.1': 33, '71.2': 31, '89.1': 31, '89.2': 24, '97.1': 12, '97.2': 10};1;1;x + 46
940.2;109;{'3.1': 78, '3.2': 90, '4.1': 1, '5.1': 108, '5.2': 73, '11.1': 82, '23.1': 47, '23.2': 25, '31.1': 10, '31.2': 71, '37.1': 88, '37.2': 75, '47.1': 1, '47.2': 108, '49.1': 4, '53.1': 85, '53.2': 32, '59.1': 38, '59.2': 78, '67.1': 81, '67.2': 73, '71.1': 88, '71.2': 53, '89.1': 7, '89.2': 12, '97.1': 71, '97.2': 18};1;1;x + 108
944.1;29;{'3.1': 23, '3.2': 5, '4.1': 0, '5.1': 28, '5.2': 15, '11.1': 15, '23.1': 22, '23.2': 21, '31.1': 8, '31.2': 22, '37.1': 12, '37.2': 9, '47.1': 15, '47.2': 24, '49.1': 10, '53.1': 17, '53.2': 3, '59.1': 28, '59.2': 2, '67.1': 28, '67.2': 26, '71.1': 3, '71.2': 23, '89.1': 22, '89.2': 21, '97.1': 19, '97.2': 26};1;1;x + 28
944.1;811;{'3.1': 634, '3.2': 106, '4.1': 0, '5.1': 456, '5.2': 380, '11.1': 317, '23.1': 248, '23.2': 747, '31.1': 779, '31.2': 541, '37.1': 591, '37.2': 425, '47.1': 497, '47.2': 133, '49.1': 693, '53.1': 596, '53.2': 632, '59.1': 1, '59.2': 733, '67.1': 19, '67.2': 792, '71.1': 144, '71.2': 191, '89.1': 660, '89.2': 188, '97.1': 120, '97.2': 436};1;1;x + 810
944.1;929;{'3.1': 697, '3.2': 208, '4.1': 0, '5.1': 785, '5.2': 287, '11.1': 438, '23.1': 505, '23.2': 882, '31.1': 347, '31.2': 784, '37.1': 355, '37.2': 803, '47.1': 38, '47.2': 621, '49.1': 492, '53.1': 457, '53.2': 491, '59.1': 928, '59.2': 28, '67.1': 130, '67.2': 383, '71.1': 912, '71.2': 65, '89.1': 602, '89.2': 240, '97.1': 150, '97.2': 747};1;1;x + 928
947.1;3;{'3.1': X1, '3.2': X1 + 2, '4.1': X1 + 2, '5.1': 2, '5.2': X1 + 2, '11.1': X1, '23.1': 1, '23.2': 2*X1, '31.1': 1, '31.2': 1, '37.1': 1, '37.2': X1 + 2, '47.1': 2*X1, '47.2': 0, '49.1': 0, '53.1': 2*X1 + 1, '53.2': 0, '59.1': 2*X1 + 2, '59.2': 0, '67.1': X1 + 1, '67.2': X1, '71.1': 2*X1, '71.2': 2*X1 + 1, '89.1': 0, '89.2': 2, '97.1': 2*X1 + 1, '97.2': 2*X1};1;1;x^2 + 2*x + 2
947.1;29;{'3.1': 12*X1 + 5, '3.2': 13*X1 + 6, '4.1': 19*X1 + 15, '5.1': 28*X1 + 2, '5.2': 28*X1 + 2, '11.1': 28*X1 + 18, '23.1': 13*X1 + 13, '23.2': 24*X1 + 15, '31.1': 4*X1 + 5, '31.2': 12*X1 + 17, '37.1': 16*X1 + 25, '37.2': 19*X1 + 19, '47.1': 23*X1 + 20, '47.2': 15*X1 + 10, '49.1': 9*X1 + 1, '53.1': 26*X1 + 9, '53.2': 28*X1 + 23, '59.1': 12*X1 + 3, '59.2': 12*X1 + 25, '67.1': 19*X1 + 23, '67.2': 20*X1 + 21, '71.1': 14*X1 + 20, '71.2': 20*X1 + 24, '89.1': 12*X1 + 4, '89.2': 21*X1 + 13, '97.1': 11*X1 + 8, '97.2': 7*X1 + 15};1;1;x^2 + 24*x + 2
947.1;8161;{'3.1': 2280, '3.2': 6698, '4.1': 937, '5.1': 4674, '5.2': 3673, '11.1': 5062, '23.1': 7105, '23.2': 7258, '31.1': 3217, '31.2': 5930, '37.1': 7056, '37.2': 5870, '47.1': 4421, '47.2': 7994, '49.1': 7465, '53.1': 7584, '53.2': 6057, '59.1': 3544, '59.2': 6010, '67.1': 7833, '67.2': 5048, '71.1': 960, '71.2': 5618, '89.1': 5087, '89.2': 3595, '97.1': 2215, '97.2': 6413};1;1;x + 8160
947.1;43607;{'3.1': 33176, '3.2': 32690, '4.1': 25591, '5.1': 39472, '5.2': 31767, '11.1': 33043, '23.1': 38659, '23.2': 38329, '31.1': 34789, '31.2': 35670, '37.1': 30722, '37.2': 6500, '47.1': 26857, '47.2': 6705, '49.1': 23062, '53.1': 9632, '53.2': 22044, '59.1': 13380, '59.2': 5312, '67.1': 23284, '67.2': 11424, '71.1': 41767, '71.2': 33566, '89.1': 14185, '89.2': 35627, '97.1': 27945, '97.2': 16968};1;1;x + 43606
951.2;5;{'3.1': 1, '3.2': 0, '4.1': 2, '5.1': 1, '5.2': 2, '11.1': 0, '23.1': 1, '23.2': 4, '31.1': 4, '31.2': 3, '37.1': 2, '37.2': 2, '47.1': 1, '47.2': 2, '49.1': 0, '53.1': 1, '53.2': 2, '59.1': 1, '59.2': 3, '67.1': 3, '67.2': 0, '71.1': 0, '71.2': 2, '89.1': 4, '89.2': 0, '97.1': 4, '97.2': 4};1;1;x + 4
951.2;401;{'3.1': 400, '3.2': 301, '4.1': 10, '5.1': 229, '5.2': 139, '11.1': 6, '23.1': 334, '23.2': 60, '31.1': 76, '31.2': 282, '37.1': 350, '37.2': 247, '47.1': 13, '47.2': 3, '49.1': 319, '53.1': 30, '53.2': 97, '59.1': 144, '59.2': 314, '67.1': 123, '67.2': 202, '71.1': 291, '71.2': 54, '89.1': 388, '89.2': 152, '97.1': 179, '97.2': 48};1;1;x + 400
951.2;1218263;{'3.1': 1, '3.2': 966450, '4.1': 1080060, '5.1': 72834, '5.2': 646171, '11.1': 136054, '23.1': 749115, '23.2': 1037534, '31.1': 1056846, '31.2': 757776, '37.1': 639491, '37.2': 1011395, '47.1': 450256, '47.2': 951134, '49.1': 114050, '53.1': 959475, '53.2': 178089, '59.1': 36429, '59.2': 71307, '67.1': 832137, '67.2': 1138032, '71.1': 478940, '71.2': 240612, '89.1': 1173113, '89.2': 280711, '97.1': 466228, '97.2': 643312};1;1;x + 1218262
951.1;31;{'3.1': 30, '3.2': 25*X1 + 19, '4.1': 17*X1 + 23, '5.1': 4*X1 + 15, '5.2': 3*X1 + 19, '11.1': 9*X1 + 18, '23.1': 8*X1 + 21, '23.2': 9*X1 + 5, '31.1': 24*X1 + 25, '31.2': 22*X1 + 22, '37.1': 11*X1 + 22, '37.2': 12*X1 + 11, '47.1': 11*X1 + 19, '47.2': 12*X1 + 14, '49.1': 19*X1 + 13, '53.1': 29*X1 + 3, '53.2': 8*X1 + 1, '59.1': 7*X1 + 29, '59.2': 14*X1 + 10, '67.1': 20*X1 + 28, '67.2': 4*X1 + 12, '71.1': 12*X1 + 27, '71.2': 24*X1 + 9, '89.1': X1 + 8, '89.2': 27*X1 + 8, '97.1': 6*X1 + 5, '97.2': 27*X1 + 17};1;1;x^2 + 29*x + 3
951.1;67;{'3.1': 1, '3.2': 46, '4.1': 11, '5.1': 41, '5.2': 7, '11.1': 24, '23.1': 22, '23.2': 53, '31.1': 17, '31.2': 25, '37.1': 57, '37.2': 11, '47.1': 41, '47.2': 58, '49.1': 56, '53.1': 34, '53.2': 61, '59.1': 37, '59.2': 34, '67.1': 50, '67.2': 6, '71.1': 61, '71.2': 60, '89.1': 10, '89.2': 54, '97.1': 65, '97.2': 52};1;1;x + 66
951.1;179;{'3.1': 1, '3.2': 152, '4.1': 0, '5.1': 109, '5.2': 88, '11.1': 45, '23.1': 31, '23.2': 92, '31.1': 159, '31.2': 175, '37.1': 67, '37.2': 161, '47.1': 7, '47.2': 88, '49.1': 145, '53.1': 134, '53.2': 47, '59.1': 173, '59.2': 58, '67.1': 93, '67.2': 39, '71.1': 94, '71.2': 54, '89.1': 91, '89.2': 82, '97.1': 124, '97.2': 151};1;1;x + 178
951.1;2293;{'3.1': 2292, '3.2': 1656, '4.1': 115, '5.1': 260, '5.2': 310, '11.1': 874, '23.1': 1429, '23.2': 1298, '31.1': 659, '31.2': 1421, '37.1': 304, '37.2': 1144, '47.1': 614, '47.2': 635, '49.1': 2193, '53.1': 2118, '53.2': 2205, '59.1': 1779, '59.2': 811, '67.1': 248, '67.2': 1224, '71.1': 647, '71.2': 863, '89.1': 2146, '89.2': 1934, '97.1': 468, '97.2': 183};1;1;x + 2292
955.1;3;{'3.1': 2*X1, '3.2': 2*X1 + 2, '4.1': X1, '5.1': 2, '5.2': 0, '11.1': X1, '23.1': X1 + 1, '23.2': 2*X1 + 1, '31.1': 2*X1, '31.2': 1, '37.1': 2, '37.2': X1, '47.1': 2*X1, '47.2': X1 + 1, '49.1': 2*X1 + 2, '53.1': X1 + 1, '53.2': 1, '59.1': 1, '59.2': 1, '67.1': 2*X1 + 2, '67.2': 1, '71.1': X1 + 1, '71.2': 0, '89.1': 2*X1, '89.2': 1, '97.1': 1, '97.2': X1 + 1};1;1;x^2 + 2*x + 2
955.1;31;{'3.1': 7, '3.2': 11, '4.1': 0, '5.1': 30, '5.2': 27, '11.1': 27, '23.1': 15, '23.2': 19, '31.1': 28, '31.2': 3, '37.1': 7, '37.2': 17, '47.1': 8, '47.2': 7, '49.1': 10, '53.1': 3, '53.2': 4, '59.1': 18, '59.2': 23, '67.1': 3, '67.2': 16, '71.1': 22, '71.2': 9, '89.1': 17, '89.2': 1, '97.1': 0, '97.2': 23};1;1;x + 30
955.1;101;{'3.1': 25, '3.2': 95, '4.1': 9, '5.1': 100, '5.2': 27, '11.1': 88, '23.1': 20, '23.2': 87, '31.1': 20, '31.2': 17, '37.1': 62, '37.2': 39, '47.1': 82, '47.2': 90, '49.1': 23, '53.1': 12, '53.2': 2, '59.1': 23, '59.2': 85, '67.1': 71, '67.2': 94, '71.1': 86, '71.2': 24, '89.1': 84, '89.2': 74, '97.1': 55, '97.2': 96};1;1;x + 100
955.1;9029;{'3.1': 3574, '3.2': 4811, '4.1': 1181, '5.1': 1, '5.2': 6806, '11.1': 2958, '23.1': 3402, '23.2': 3309, '31.1': 5227, '31.2': 1375, '37.1': 57, '37.2': 8368, '47.1': 4742, '47.2': 668, '49.1': 4101, '53.1': 8407, '53.2': 7712, '59.1': 1829, '59.2': 4168, '67.1': 6981, '67.2': 1739, '71.1': 3803, '71.2': 307, '89.1': 1175, '89.2': 3926, '97.1': 1638, '97.2': 8479};1;1;x + 9028
955.2;7;{'3.1': 2, '3.2': 3, '4.1': 5, '5.1': 6, '5.2': 2, '11.1': 2, '23.1': 5, '23.2': 3, '31.1': 5, '31.2': 4, '37.1': 6, '37.2': 1, '47.1': 5, '47.2': 1, '49.1': 3, '53.1': 4, '53.2': 0, '59.1': 2, '59.2': 3, '67.1': 4, '67.2': 5, '71.1': 4, '71.2': 5, '89.1': 1, '89.2': 1, '97.1': 4, '97.2': 4};1;1;x + 6
955.2;89;{'3.1': 4, '3.2': 88, '4.1': 80, '5.1': 1, '5.2': 80, '11.1': 28, '23.1': 66, '23.2': 29, '31.1': 23, '31.2': 25, '37.1': 41, '37.2': 50, '47.1': 8, '47.2': 25, '49.1': 45, '53.1': 7, '53.2': 80, '59.1': 1, '59.2': 12, '67.1': 59, '67.2': 28, '71.1': 57, '71.2': 71, '89.1': 8, '89.2': 11, '97.1': 87, '97.2': 21};1;1;x + 88
955.2;1583;{'3.1': 1273, '3.2': 1055, '4.1': 208, '5.1': 1582, '5.2': 878, '11.1': 1445, '23.1': 1463, '23.2': 1359, '31.1': 762, '31.2': 289, '37.1': 328, '37.2': 819, '47.1': 286, '47.2': 424, '49.1': 615, '53.1': 8, '53.2': 1191, '59.1': 885, '59.2': 634, '67.1': 614, '67.2': 1063, '71.1': 888, '71.2': 380, '89.1': 1065, '89.2': 854, '97.1': 733, '97.2': 799};1;1;x + 1582
955.2;23197;{'3.1': 10625, '3.2': 22352, '4.1': 22251, '5.1': 1, '5.2': 21678, '11.1': 8904, '23.1': 9094, '23.2': 9419, '31.1': 19534, '31.2': 14029, '37.1': 4968, '37.2': 1983, '47.1': 3195, '47.2': 10056, '49.1': 17973, '53.1': 20913, '53.2': 16330, '59.1': 16606, '59.2': 18685, '67.1': 19022, '67.2': 17977, '71.1': 20483, '71.2': 16023, '89.1': 1947, '89.2': 5497, '97.1': 7213, '97.2': 10326};1;1;x + 23196
961.2;2;{'3.1': X1 + 1, '3.2': X1 + 1, '4.1': 1, '5.1': X1^2 + X1 + 1, '5.2': X1^2 + X1 + 1, '11.1': 0, '23.1': X1^2 + 1, '23.2': X1^2 + 1, '31.1': 1, '31.2': 1, '37.1': 0, '37.2': 0, '47.1': 0, '47.2': 0, '49.1': X1^2 + 1, '53.1': 0, '53.2': 0, '59.1': 0, '59.2': 0, '67.1': 0, '67.2': 0, '71.1': 0, '71.2': 0, '89.1': 0, '89.2': 0, '97.1': X1^2 + X1 + 1, '97.2': X1^2 + X1 + 1};1;2;x^3 + x + 1
961.2;2;{'3.1': 1, '3.2': 1, '4.1': X1, '5.1': X1, '5.2': X1, '11.1': 0, '23.1': 0, '23.2': 0, '31.1': 1, '31.2': 1, '37.1': 1, '37.2': 1, '47.1': X1 + 1, '47.2': X1 + 1, '49.1': X1, '53.1': X1, '53.2': X1, '59.1': 1, '59.2': 1, '67.1': 1, '67.2': 1, '71.1': X1 + 1, '71.2': X1 + 1, '89.1': X1 + 1, '89.2': X1 + 1, '97.1': 0, '97.2': 0};1;2;x^2 + x + 1
961.2;83207;{'3.1': 25123, '3.2': 64254, '4.1': 79257, '5.1': 42081, '5.2': 40975, '11.1': 2508, '23.1': 61903, '23.2': 6577, '31.1': 1, '31.2': 83206, '37.1': 1401, '37.2': 1967, '47.1': 20110, '47.2': 65199, '49.1': 62555, '53.1': 29899, '53.2': 24067, '59.1': 11637, '59.2': 10758, '67.1': 10343, '67.2': 27776, '71.1': 12968, '71.2': 75945, '89.1': 58395, '89.2': 24411, '97.1': 81532, '97.2': 72468};1;1;x + 83206
961.2;83207;{'3.1': 64254, '3.2': 25123, '4.1': 79257, '5.1': 40975, '5.2': 42081, '11.1': 2508, '23.1': 6577, '23.2': 61903, '31.1': 83206, '31.2': 1, '37.1': 1967, '37.2': 1401, '47.1': 65199, '47.2': 20110, '49.1': 62555, '53.1': 24067, '53.2': 29899, '59.1': 10758, '59.2': 11637, '67.1': 27776, '67.2': 10343, '71.1': 75945, '71.2': 12968, '89.1': 24411, '89.2': 58395, '97.1': 72468, '97.2': 81532};1;1;x + 83206
961.1;29;{'3.1': 18, '3.2': 12, '4.1': 5, '5.1': 19, '5.2': 17, '11.1': 22, '23.1': 12, '23.2': 11, '31.1': 0, '31.2': 8, '37.1': 27, '37.2': 12, '47.1': 16, '47.2': 3, '49.1': 13, '53.1': 23, '53.2': 14, '59.1': 24, '59.2': 22, '67.1': 17, '67.2': 14, '71.1': 3, '71.2': 20, '89.1': 3, '89.2': 0, '97.1': 19, '97.2': 27};1;1;x + 28
971.1;19;{'3.1': 4, '3.2': 5, '4.1': 0, '5.1': 13, '5.2': 11, '11.1': 14, '23.1': 14, '23.2': 12, '31.1': 8, '31.2': 0, '37.1': 16, '37.2': 6, '47.1': 9, '47.2': 6, '49.1': 5, '53.1': 1, '53.2': 6, '59.1': 14, '59.2': 10, '67.1': 7, '67.2': 1, '71.1': 5, '71.2': 5, '89.1': 10, '89.2': 4, '97.1': 13, '97.2': 18};1;1;x + 18
971.1;23;{'3.1': 4, '3.2': 11, '4.1': 6, '5.1': 4, '5.2': 17, '11.1': 3, '23.1': 12, '23.2': 11, '31.1': 22, '31.2': 12, '37.1': 15, '37.2': 8, '47.1': 0, '47.2': 6, '49.1': 1, '53.1': 17, '53.2': 19, '59.1': 0, '59.2': 5, '67.1': 14, '67.2': 6, '71.1': 0, '71.2': 0, '89.1': 4, '89.2': 5, '97.1': 0, '97.2': 13};1;1;x + 22
971.1;41;{'3.1': 24, '3.2': 35, '4.1': 37, '5.1': 31, '5.2': 14, '11.1': 4, '23.1': 17, '23.2': 10, '31.1': 10, '31.2': 10, '37.1': 13, '37.2': 34, '47.1': 4, '47.2': 21, '49.1': 7, '53.1': 24, '53.2': 40, '59.1': 32, '59.2': 11, '67.1': 36, '67.2': 40, '71.1': 9, '71.2': 20, '89.1': 19, '89.2': 27, '97.1': 36, '97.2': 20};1;1;x + 40
971.1;101;{'3.1': 4, '3.2': 77, '4.1': 44, '5.1': 76, '5.2': 99, '11.1': 76, '23.1': 39, '23.2': 50, '31.1': 98, '31.2': 34, '37.1': 13, '37.2': 71, '47.1': 59, '47.2': 93, '49.1': 87, '53.1': 88, '53.2': 12, '59.1': 58, '59.2': 46, '67.1': 80, '67.2': 16, '71.1': 81, '71.2': 69, '89.1': 31, '89.2': 34, '97.1': 67, '97.2': 91};1;1;x + 100
971.1;157;{'3.1': 153, '3.2': 145, '4.1': 122, '5.1': 149, '5.2': 37, '11.1': 27, '23.1': 9, '23.2': 108, '31.1': 121, '31.2': 20, '37.1': 56, '37.2': 46, '47.1': 62, '47.2': 14, '49.1': 59, '53.1': 37, '53.2': 37, '59.1': 65, '59.2': 26, '67.1': 134, '67.2': 2, '71.1': 10, '71.2': 99, '89.1': 95, '89.2': 49, '97.1': 81, '97.2': 93};1;1;x + 156
971.1;229;{'3.1': 225, '3.2': 96, '4.1': 175, '5.1': 26, '5.2': 122, '11.1': 75, '23.1': 111, '23.2': 208, '31.1': 26, '31.2': 86, '37.1': 147, '37.2': 135, '47.1': 40, '47.2': 154, '49.1': 64, '53.1': 103, '53.2': 86, '59.1': 197, '59.2': 212, '67.1': 74, '67.2': 92, '71.1': 115, '71.2': 44, '89.1': 4, '89.2': 222, '97.1': 111, '97.2': 197};1;1;x + 228
971.1;233;{'3.1': 25, '3.2': 66, '4.1': 114, '5.1': 68, '5.2': 203, '11.1': 181, '23.1': 79, '23.2': 218, '31.1': 86, '31.2': 215, '37.1': 56, '37.2': 197, '47.1': 231, '47.2': 135, '49.1': 175, '53.1': 2, '53.2': 24, '59.1': 147, '59.2': 5, '67.1': 230, '67.2': 182, '71.1': 57, '71.2': 165, '89.1': 111, '89.2': 56, '97.1': 232, '97.2': 89};1;1;x + 232
972.1;2;{'3.1': 0, '3.2': X1^2, '4.1': 1, '5.1': 0, '5.2': X1^2 + X1, '11.1': 0, '23.1': X1, '23.2': 1, '31.1': X1^2 + X1, '31.2': 0, '37.1': 1, '37.2': X1^2, '47.1': 0, '47.2': 0, '49.1': 0, '53.1': X1, '53.2': 0, '59.1': 0, '59.2': 0, '67.1': 0, '67.2': X1, '71.1': 0, '71.2': 0, '89.1': 1, '89.2': 0, '97.1': 0, '97.2': 0};1;1;x^3 + x + 1
972.2;11;{'3.1': 0, '3.2': 1, '4.1': 1, '5.1': 2, '5.2': 1, '11.1': 6, '23.1': 1, '23.2': 0, '31.1': 6, '31.2': 2, '37.1': 6, '37.2': 7, '47.1': 9, '47.2': 9, '49.1': 6, '53.1': 3, '53.2': 4, '59.1': 4, '59.2': 0, '67.1': 3, '67.2': 0, '71.1': 7, '71.2': 8, '89.1': 7, '89.2': 2, '97.1': 6, '97.2': 9};1;1;x + 10
977.1;22291;{'3.1': 1420, '3.2': 12043, '4.1': 17163, '5.1': 372, '5.2': 2211, '11.1': 16465, '23.1': 5929, '23.2': 13195, '31.1': 16952, '31.2': 21094, '37.1': 994, '37.2': 3343, '47.1': 3622, '47.2': 19008, '49.1': 15352, '53.1': 3862, '53.2': 11558, '59.1': 5835, '59.2': 13547, '67.1': 10857, '67.2': 1585, '71.1': 16111, '71.2': 6228, '89.1': 14514, '89.2': 15888, '97.1': 283, '97.2': 19988};1;1;x + 22290
977.1;6843040679;{'3.1': 2966257861, '3.2': 303603384, '4.1': 412135690, '5.1': 6577808488, '5.2': 3664842408, '11.1': 3341333476, '23.1': 5443105239, '23.2': 6803538640, '31.1': 3391494582, '31.2': 6793717999, '37.1': 5411952936, '37.2': 4803597512, '47.1': 4420322228, '47.2': 1484230617, '49.1': 1233887084, '53.1': 5991429461, '53.2': 2884154264, '59.1': 4171963889, '59.2': 4781392205, '67.1': 4008020449, '67.2': 2024902177, '71.1': 4409223813, '71.2': 3575334046, '89.1': 918873862, '89.2': 6352616065, '97.1': 419752076, '97.2': 4951985904};1;1;x + 6843040678
979.1;19;{'3.1': 1, '3.2': 14, '4.1': 4, '5.1': 6, '5.2': 12, '11.1': 1, '23.1': 3, '23.2': 15, '31.1': 5, '31.2': 18, '37.1': 5, '37.2': 5, '47.1': 7, '47.2': 17, '49.1': 2, '53.1': 5, '53.2': 18, '59.1': 6, '59.2': 10, '67.1': 5, '67.2': 7, '71.1': 6, '71.2': 2, '89.1': 18, '89.2': 11, '97.1': 16, '97.2': 9};1;1;x + 18
979.1;41;{'3.1': 25, '3.2': 39, '4.1': 6, '5.1': 12, '5.2': 37, '11.1': 40, '23.1': 5, '23.2': 12, '31.1': 13, '31.2': 7, '37.1': 40, '37.2': 12, '47.1': 6, '47.2': 0, '49.1': 24, '53.1': 33, '53.2': 15, '59.1': 32, '59.2': 14, '67.1': 39, '67.2': 36, '71.1': 39, '71.2': 4, '89.1': 1, '89.2': 5, '97.1': 28, '97.2': 28};1;1;x + 40
979.1;61;{'3.1': 59, '3.2': 20, '4.1': 24, '5.1': 35, '5.2': 6, '11.1': 60, '23.1': 20, '23.2': 42, '31.1': 16, '31.2': 2, '37.1': 26, '37.2': 0, '47.1': 46, '47.2': 18, '49.1': 41, '53.1': 50, '53.2': 55, '59.1': 56, '59.2': 40, '67.1': 13, '67.2': 9, '71.1': 34, '71.2': 34, '89.1': 1, '89.2': 59, '97.1': 53, '97.2': 58};1;1;x + 60
980.1;7;{'3.1': 1, '3.2': 2, '4.1': 6, '5.1': 1, '5.2': 6, '11.1': 3, '23.1': 2, '23.2': 0, '31.1': 0, '31.2': 6, '37.1': 2, '37.2': 4, '47.1': 1, '47.2': 0, '49.1': 1, '53.1': 5, '53.2': 0, '59.1': 0, '59.2': 0, '67.1': 2, '67.2': 1, '71.1': 4, '71.2': 2, '89.1': 4, '89.2': 5, '97.1': 2, '97.2': 0};1;1;x + 6
980.1;7;{'3.1': 2*X1 + 1, '3.2': 2*X1 + 4, '4.1': 6, '5.1': 6, '5.2': 2*X1 + 1, '11.1': 6*X1 + 3, '23.1': 5*X1, '23.2': 4*X1 + 3, '31.1': 5*X1 + 2, '31.2': 4*X1 + 6, '37.1': 5*X1 + 3, '37.2': 3*X1 + 3, '47.1': X1 + 4, '47.2': 4*X1 + 6, '49.1': 1, '53.1': 5*X1 + 6, '53.2': 2, '59.1': 2*X1, '59.2': 4*X1 + 1, '67.1': 4*X1, '67.2': 5*X1 + 1, '71.1': 2, '71.2': 2*X1 + 4, '89.1': 3*X1 + 2, '89.2': 3*X1 + 4, '97.1': 3*X1 + 5, '97.2': 2*X1 + 3};1;1;x^2 + 6*x + 3
980.1;41;{'3.1': 13, '3.2': 10, '4.1': 1, '5.1': 1, '5.2': 5, '11.1': 18, '23.1': 18, '23.2': 13, '31.1': 26, '31.2': 22, '37.1': 4, '37.2': 14, '47.1': 39, '47.2': 40, '49.1': 40, '53.1': 31, '53.2': 35, '59.1': 5, '59.2': 34, '67.1': 37, '67.2': 40, '71.1': 24, '71.2': 36, '89.1': 18, '89.2': 30, '97.1': 7, '97.2': 5};1;1;x + 40
980.1;103;{'3.1': 5, '3.2': 81, '4.1': 1, '5.1': 102, '5.2': 77, '11.1': 8, '23.1': 46, '23.2': 1, '31.1': 70, '31.2': 42, '37.1': 88, '37.2': 86, '47.1': 2, '47.2': 86, '49.1': 102, '53.1': 66, '53.2': 41, '59.1': 20, '59.2': 7, '67.1': 88, '67.2': 69, '71.1': 99, '71.2': 34, '89.1': 60, '89.2': 51, '97.1': 4, '97.2': 83};1;1;x + 102
983.1;2;{'3.1': X1^2 + 1, '3.2': 0, '4.1': 1, '5.1': 0, '5.2': X1 + 1, '11.1': X1^4 + X1^3 + X1, '23.1': X1^4 + 1, '23.2': 0, '31.1': 0, '31.2': X1^3 + X1^2, '37.1': X1^3 + X1^2, '37.2': X1^4 + 1, '47.1': X1^4 + 1, '47.2': 0, '49.1': 0, '53.1': X1^3 + X1^2, '53.2': X1^4 + X1^3 + X1, '59.1': X1 + 1, '59.2': 0, '67.1': 0, '67.2': X1^3 + X1^2, '71.1': X1^2 + 1, '71.2': X1 + 1, '89.1': X1^3 + X1^2, '89.2': X1 + 1, '97.1': 0, '97.2': X1^2 + 1};1;1;x^5 + x^2 + 1
983.1;23;{'3.1': 21, '3.2': 13, '4.1': 8, '5.1': 3, '5.2': 6, '11.1': 3, '23.1': 12, '23.2': 14, '31.1': 14, '31.2': 18, '37.1': 3, '37.2': 14, '47.1': 0, '47.2': 4, '49.1': 14, '53.1': 11, '53.2': 19, '59.1': 19, '59.2': 20, '67.1': 6, '67.2': 20, '71.1': 10, '71.2': 22, '89.1': 12, '89.2': 18, '97.1': 15, '97.2': 7};1;1;x + 22
983.1;29;{'3.1': 26, '3.2': 14, '4.1': 23, '5.1': 18, '5.2': 4, '11.1': 14, '23.1': 5, '23.2': 28, '31.1': 26, '31.2': 9, '37.1': 27, '37.2': 8, '47.1': 18, '47.2': 10, '49.1': 18, '53.1': 18, '53.2': 12, '59.1': 23, '59.2': 6, '67.1': 5, '67.2': 13, '71.1': 9, '71.2': 24, '89.1': 6, '89.2': 10, '97.1': 19, '97.2': 28};1;1;x + 28
983.1;9883;{'3.1': 1336, '3.2': 8872, '4.1': 9055, '5.1': 753, '5.2': 1886, '11.1': 2499, '23.1': 66, '23.2': 9062, '31.1': 1721, '31.2': 9317, '37.1': 6395, '37.2': 6749, '47.1': 9666, '47.2': 4112, '49.1': 4280, '53.1': 8835, '53.2': 5000, '59.1': 2633, '59.2': 5176, '67.1': 3040, '67.2': 4740, '71.1': 5780, '71.2': 417, '89.1': 6099, '89.2': 7146, '97.1': 5374, '97.2': 9840};1;1;x + 9882
983.1;3421669;{'3.1': 1174532, '3.2': 3129293, '4.1': 773240, '5.1': 2272558, '5.2': 1535481, '11.1': 1050390, '23.1': 1744087, '23.2': 3039137, '31.1': 3256836, '31.2': 28513, '37.1': 2347299, '37.2': 3222257, '47.1': 2617293, '47.2': 696855, '49.1': 2941314, '53.1': 3066600, '53.2': 700435, '59.1': 1248508, '59.2': 1199587, '67.1': 612197, '67.2': 1509445, '71.1': 2193932, '71.2': 643172, '89.1': 2131047, '89.2': 2178116, '97.1': 2258366, '97.2': 1765776};1;1;x + 3421668
991.1;3;{'3.1': 2*X1, '3.2': 2*X1 + 1, '4.1': 2*X1 + 1, '5.1': 2, '5.2': X1 + 1, '11.1': X1 + 2, '23.1': 2, '23.2': 1, '31.1': 2*X1 + 2, '31.2': X1 + 1, '37.1': 2*X1 + 1, '37.2': 2*X1 + 1, '47.1': 1, '47.2': X1 + 2, '49.1': 2*X1, '53.1': 0, '53.2': X1 + 1, '59.1': 2*X1 + 2, '59.2': 2*X1 + 2, '67.1': 2, '67.2': 2*X1 + 1, '71.1': 2*X1, '71.2': 2*X1 + 2, '89.1': 2, '89.2': 2*X1 + 1, '97.1': 2*X1 + 2, '97.2': X1 + 1};1;1;x^2 + 2*x + 2
991.1;11;{'3.1': 7, '3.2': 7, '4.1': 3, '5.1': 7, '5.2': 10, '11.1': 4, '23.1': 10, '23.2': 7, '31.1': 4, '31.2': 10, '37.1': 4, '37.2': 3, '47.1': 10, '47.2': 6, '49.1': 4, '53.1': 6, '53.2': 4, '59.1': 5, '59.2': 10, '67.1': 3, '67.2': 5, '71.1': 6, '71.2': 3, '89.1': 5, '89.2': 6, '97.1': 9, '97.2': 8};1;1;x + 10
991.1;17;{'3.1': 2, '3.2': 6, '4.1': 0, '5.1': 5, '5.2': 5, '11.1': 12, '23.1': 0, '23.2': 4, '31.1': 14, '31.2': 6, '37.1': 16, '37.2': 1, '47.1': 7, '47.2': 6, '49.1': 1, '53.1': 6, '53.2': 3, '59.1': 16, '59.2': 16, '67.1': 13, '67.2': 15, '71.1': 8, '71.2': 14, '89.1': 3, '89.2': 4, '97.1': 10, '97.2': 0};1;1;x + 16
991.1;241;{'3.1': 239, '3.2': 46, '4.1': 60, '5.1': 201, '5.2': 32, '11.1': 52, '23.1': 165, '23.2': 10, '31.1': 3, '31.2': 141, '37.1': 41, '37.2': 138, '47.1': 120, '47.2': 222, '49.1': 234, '53.1': 81, '53.2': 157, '59.1': 235, '59.2': 56, '67.1': 15, '67.2': 43, '71.1': 219, '71.2': 200, '89.1': 7, '89.2': 119, '97.1': 205, '97.2': 72};1;1;x + 240
991.1;173088919;{'3.1': 9825088, '3.2': 35218818, '4.1': 152864849, '5.1': 108194913, '5.2': 152972158, '11.1': 106632684, '23.1': 51140277, '23.2': 9348846, '31.1': 124610658, '31.2': 44311005, '37.1': 136276853, '37.2': 129903864, '47.1': 117255438, '47.2': 149004297, '49.1': 157563711, '53.1': 104411516, '53.2': 59973537, '59.1': 94904365, '59.2': 147424685, '67.1': 126682618, '67.2': 152172270, '71.1': 113235379, '71.2': 97188023, '89.1': 117076085, '89.2': 86685000, '97.1': 71297346, '97.2': 169362293};1;1;x + 173088918
993.1;5;{'3.1': 1, '3.2': 1, '4.1': 0, '5.1': 1, '5.2': 3, '11.1': 0, '23.1': 4, '23.2': 0, '31.1': 4, '31.2': 0, '37.1': 4, '37.2': 0, '47.1': 3, '47.2': 0, '49.1': 1, '53.1': 4, '53.2': 1, '59.1': 2, '59.2': 4, '67.1': 3, '67.2': 4, '71.1': 3, '71.2': 0, '89.1': 3, '89.2': 4, '97.1': 0, '97.2': 2};1;1;x + 4
993.1;79;{'3.1': 78, '3.2': 19, '4.1': 16, '5.1': 54, '5.2': 70, '11.1': 74, '23.1': 34, '23.2': 74, '31.1': 38, '31.2': 64, '37.1': 64, '37.2': 15, '47.1': 15, '47.2': 32, '49.1': 72, '53.1': 18, '53.2': 61, '59.1': 18, '59.2': 1, '67.1': 47, '67.2': 24, '71.1': 21, '71.2': 55, '89.1': 16, '89.2': 31, '97.1': 32, '97.2': 37};1;1;x + 78
993.1;421;{'3.1': 420, '3.2': 332, '4.1': 216, '5.1': 408, '5.2': 78, '11.1': 381, '23.1': 369, '23.2': 101, '31.1': 70, '31.2': 189, '37.1': 157, '37.2': 113, '47.1': 42, '47.2': 374, '49.1': 122, '53.1': 199, '53.2': 56, '59.1': 296, '59.2': 123, '67.1': 273, '67.2': 222, '71.1': 68, '71.2': 278, '89.1': 169, '89.2': 373, '97.1': 39, '97.2': 377};1;1;x + 420
993.1;6967;{'3.1': 1, '3.2': 50, '4.1': 3153, '5.1': 6539, '5.2': 644, '11.1': 1236, '23.1': 5147, '23.2': 5993, '31.1': 1801, '31.2': 3787, '37.1': 2720, '37.2': 4771, '47.1': 5029, '47.2': 4553, '49.1': 4014, '53.1': 1018, '53.2': 1871, '59.1': 5885, '59.2': 4447, '67.1': 4925, '67.2': 2564, '71.1': 3187, '71.2': 4761, '89.1': 898, '89.2': 3012, '97.1': 224, '97.2': 5193};1;1;x + 6966
993.2;11;{'3.1': 10, '3.2': 8, '4.1': 8, '5.1': 8, '5.2': 5, '11.1': 6, '23.1': 2, '23.2': 2, '31.1': 0, '31.2': 0, '37.1': 4, '37.2': 10, '47.1': 8, '47.2': 9, '49.1': 2, '53.1': 10, '53.2': 2, '59.1': 6, '59.2': 6, '67.1': 7, '67.2': 8, '71.1': 1, '71.2': 1, '89.1': 9, '89.2': 6, '97.1': 6, '97.2': 6};1;1;x + 10
993.2;17;{'3.1': 16, '3.2': 7, '4.1': 10, '5.1': 3, '5.2': 2, '11.1': 4, '23.1': 11, '23.2': 9, '31.1': 15, '31.2': 8, '37.1': 13, '37.2': 0, '47.1': 0, '47.2': 14, '49.1': 10, '53.1': 7, '53.2': 8, '59.1': 6, '59.2': 16, '67.1': 10, '67.2': 12, '71.1': 11, '71.2': 16, '89.1': 10, '89.2': 2, '97.1': 8, '97.2': 15};1;1;x + 16
993.2;73;{'3.1': 1, '3.2': 43, '4.1': 23, '5.1': 66, '5.2': 36, '11.1': 60, '23.1': 9, '23.2': 3, '31.1': 42, '31.2': 34, '37.1': 41, '37.2': 46, '47.1': 64, '47.2': 66, '49.1': 45, '53.1': 44, '53.2': 15, '59.1': 53, '59.2': 2, '67.1': 35, '67.2': 12, '71.1': 20, '71.2': 49, '89.1': 68, '89.2': 10, '97.1': 22, '97.2': 22};1;1;x + 72
993.2;89;{'3.1': 1, '3.2': 42, '4.1': 52, '5.1': 5, '5.2': 61, '11.1': 8, '23.1': 42, '23.2': 86, '31.1': 84, '31.2': 45, '37.1': 55, '37.2': 43, '47.1': 57, '47.2': 64, '49.1': 28, '53.1': 73, '53.2': 12, '59.1': 0, '59.2': 64, '67.1': 33, '67.2': 28, '71.1': 31, '71.2': 3, '89.1': 84, '89.2': 54, '97.1': 14, '97.2': 73};1;1;x + 88
993.2;1049;{'3.1': 1048, '3.2': 716, '4.1': 84, '5.1': 500, '5.2': 526, '11.1': 404, '23.1': 491, '23.2': 436, '31.1': 130, '31.2': 201, '37.1': 885, '37.2': 557, '47.1': 132, '47.2': 341, '49.1': 795, '53.1': 529, '53.2': 398, '59.1': 747, '59.2': 333, '67.1': 319, '67.2': 690, '71.1': 823, '71.2': 385, '89.1': 512, '89.2': 506, '97.1': 555, '97.2': 250};1;1;x + 1048
995.2;373;{'3.1': 43, '3.2': 206, '4.1': 249, '5.1': 1, '5.2': 241, '11.1': 75, '23.1': 78, '23.2': 267, '31.1': 143, '31.2': 186, '37.1': 292, '37.2': 254, '47.1': 71, '47.2': 85, '49.1': 19, '53.1': 167, '53.2': 90, '59.1': 160, '59.2': 213, '67.1': 241, '67.2': 187, '71.1': 292, '71.2': 265, '89.1': 17, '89.2': 114, '97.1': 180, '97.2': 135};1;1;x + 372
995.2;509;{'3.1': 19, '3.2': 167, '4.1': 201, '5.1': 1, '5.2': 10, '11.1': 334, '23.1': 352, '23.2': 51, '31.1': 318, '31.2': 438, '37.1': 310, '37.2': 257, '47.1': 429, '47.2': 315, '49.1': 58, '53.1': 426, '53.2': 437, '59.1': 288, '59.2': 447, '67.1': 256, '67.2': 87, '71.1': 76, '71.2': 380, '89.1': 87, '89.2': 415, '97.1': 142, '97.2': 424};1;1;x + 508
995.2;337097;{'3.1': 87033, '3.2': 230788, '4.1': 321424, '5.1': 337096, '5.2': 315198, '11.1': 333067, '23.1': 153695, '23.2': 336244, '31.1': 217590, '31.2': 314677, '37.1': 336525, '37.2': 115393, '47.1': 104389, '47.2': 43315, '49.1': 166099, '53.1': 220804, '53.2': 58487, '59.1': 93778, '59.2': 279259, '67.1': 131475, '67.2': 316906, '71.1': 138347, '71.2': 282365, '89.1': 153544, '89.2': 34722, '97.1': 260303, '97.2': 127784};1;1;x + 337096
995.1;3;{'3.1': X1, '3.2': 2*X1, '4.1': 2*X1 + 2, '5.1': 1, '5.2': 2*X1, '11.1': 2*X1 + 1, '23.1': X1 + 2, '23.2': X1 + 2, '31.1': 2*X1 + 2, '31.2': 0, '37.1': 2, '37.2': 1, '47.1': 1, '47.2': 2*X1, '49.1': 0, '53.1': 2*X1 + 1, '53.2': 2*X1, '59.1': 2*X1 + 2, '59.2': 2, '67.1': X1, '67.2': X1 + 2, '71.1': 2*X1 + 1, '71.2': 2*X1 + 2, '89.1': 0, '89.2': X1 + 2, '97.1': 1, '97.2': 2*X1};1;1;x^2 + 2*x + 2
995.1;7;{'3.1': 0, '3.2': 5, '4.1': 4, '5.1': 6, '5.2': 3, '11.1': 5, '23.1': 2, '23.2': 1, '31.1': 3, '31.2': 4, '37.1': 3, '37.2': 0, '47.1': 4, '47.2': 3, '49.1': 3, '53.1': 6, '53.2': 0, '59.1': 5, '59.2': 0, '67.1': 3, '67.2': 3, '71.1': 6, '71.2': 6, '89.1': 5, '89.2': 2, '97.1': 1, '97.2': 3};1;1;x + 6
995.1;181;{'3.1': 26, '3.2': 100, '4.1': 3, '5.1': 1, '5.2': 92, '11.1': 33, '23.1': 51, '23.2': 151, '31.1': 80, '31.2': 169, '37.1': 153, '37.2': 14, '47.1': 174, '47.2': 128, '49.1': 49, '53.1': 150, '53.2': 73, '59.1': 144, '59.2': 66, '67.1': 75, '67.2': 38, '71.1': 47, '71.2': 112, '89.1': 32, '89.2': 137, '97.1': 3, '97.2': 5};1;1;x + 180
995.1;829;{'3.1': 176, '3.2': 77, '4.1': 78, '5.1': 1, '5.2': 460, '11.1': 389, '23.1': 88, '23.2': 817, '31.1': 78, '31.2': 757, '37.1': 209, '37.2': 570, '47.1': 86, '47.2': 512, '49.1': 421, '53.1': 271, '53.2': 190, '59.1': 73, '59.2': 598, '67.1': 82, '67.2': 236, '71.1': 24, '71.2': 258, '89.1': 100, '89.2': 398, '97.1': 749, '97.2': 361};1;1;x + 828
995.1;1531;{'3.1': 1247, '3.2': 1078, '4.1': 195, '5.1': 1530, '5.2': 1213, '11.1': 650, '23.1': 306, '23.2': 70, '31.1': 307, '31.2': 573, '37.1': 336, '37.2': 465, '47.1': 301, '47.2': 1450, '49.1': 863, '53.1': 872, '53.2': 801, '59.1': 1212, '59.2': 720, '67.1': 1029, '67.2': 613, '71.1': 699, '71.2': 869, '89.1': 1094, '89.2': 518, '97.1': 990, '97.2': 894};1;1;x + 1530
999.2;29;{'3.1': 0, '3.2': 22, '4.1': 5, '5.1': 8, '5.2': 26, '11.1': 16, '23.1': 26, '23.2': 19, '31.1': 24, '31.2': 8, '37.1': 8, '37.2': 28, '47.1': 4, '47.2': 1, '49.1': 7, '53.1': 5, '53.2': 13, '59.1': 13, '59.2': 4, '67.1': 17, '67.2': 13, '71.1': 16, '71.2': 9, '89.1': 11, '89.2': 3, '97.1': 3, '97.2': 23};1;1;x + 28
999.2;37;{'3.1': 0, '3.2': 11, '4.1': 23, '5.1': 5, '5.2': 9, '11.1': 2, '23.1': 19, '23.2': 10, '31.1': 35, '31.2': 23, '37.1': 9, '37.2': 36, '47.1': 13, '47.2': 19, '49.1': 23, '53.1': 10, '53.2': 32, '59.1': 12, '59.2': 17, '67.1': 10, '67.2': 30, '71.1': 6, '71.2': 34, '89.1': 20, '89.2': 17, '97.1': 7, '97.2': 29};1;1;x + 36
999.2;61;{'3.1': 0, '3.2': 34, '4.1': 13, '5.1': 20, '5.2': 35, '11.1': 51, '23.1': 42, '23.2': 47, '31.1': 15, '31.2': 30, '37.1': 43, '37.2': 1, '47.1': 2, '47.2': 57, '49.1': 4, '53.1': 52, '53.2': 58, '59.1': 27, '59.2': 17, '67.1': 16, '67.2': 37, '71.1': 50, '71.2': 34, '89.1': 55, '89.2': 29, '97.1': 18, '97.2': 44};1;1;x + 60
999.1;17;{'3.1': 0, '3.2': 12, '4.1': 0, '5.1': 7, '5.2': 11, '11.1': 12, '23.1': 13, '23.2': 6, '31.1': 5, '31.2': 15, '37.1': 16, '37.2': 16, '47.1': 4, '47.2': 7, '49.1': 0, '53.1': 4, '53.2': 2, '59.1': 1, '59.2': 6, '67.1': 10, '67.2': 11, '71.1': 16, '71.2': 5, '89.1': 6, '89.2': 12, '97.1': 3, '97.2': 7};1;1;x + 16
999.1;19;{'3.1': 0, '3.2': 13, '4.1': 15, '5.1': 18, '5.2': 15, '11.1': 17, '23.1': 15, '23.2': 16, '31.1': 10, '31.2': 5, '37.1': 1, '37.2': 13, '47.1': 18, '47.2': 18, '49.1': 15, '53.1': 12, '53.2': 1, '59.1': 11, '59.2': 6, '67.1': 7, '67.2': 3, '71.1': 13, '71.2': 5, '89.1': 3, '89.2': 6, '97.1': 9, '97.2': 11};1;1;x + 18
999.1;29;{'3.1': 0, '3.2': 3, '4.1': 9, '5.1': 25, '5.2': 6, '11.1': 4, '23.1': 11, '23.2': 24, '31.1': 20, '31.2': 7, '37.1': 28, '37.2': 12, '47.1': 12, '47.2': 22, '49.1': 7, '53.1': 11, '53.2': 1, '59.1': 12, '59.2': 21, '67.1': 12, '67.2': 8, '71.1': 16, '71.2': 15, '89.1': 16, '89.2': 16, '97.1': 25, '97.2': 8};1;1;x + 28
999.1;61;{'3.1': 0, '3.2': 4, '4.1': 34, '5.1': 45, '5.2': 60, '11.1': 31, '23.1': 16, '23.2': 28, '31.1': 44, '31.2': 54, '37.1': 60, '37.2': 56, '47.1': 36, '47.2': 3, '49.1': 13, '53.1': 59, '53.2': 1, '59.1': 40, '59.2': 14, '67.1': 22, '67.2': 20, '71.1': 38, '71.2': 28, '89.1': 7, '89.2': 17, '97.1': 16, '97.2': 33};1;1;x + 60
