level;p;evals;eig_dim;gen_dim;Coeff_minpoly
73.1;19;{'2.1': 9, '3.1': 16, '3.2': 5, '11.1': 8, '11.2': 16, '17.1': 14, '17.2': 9, '19.1': 5, '19.2': 0, '25.1': 13, '41.1': 10, '41.2': 4, '43.1': 9, '43.2': 5, '49.1': 3, '59.1': 9, '59.2': 17, '67.1': 8, '67.2': 7, '73.1': 1, '73.2': 8, '83.1': 7, '83.2': 17, '89.1': 5, '89.2': 16, '97.1': 17, '97.2': 11};1;1;x + 18
89.1;11;{'2.1': 1, '3.1': 7, '3.2': 8, '11.1': 10, '11.2': 5, '17.1': 10, '17.2': 9, '19.1': 10, '19.2': 0, '25.1': 9, '41.1': 8, '41.2': 1, '43.1': 2, '43.2': 4, '49.1': 8, '59.1': 10, '59.2': 6, '67.1': 2, '67.2': 7, '73.1': 6, '73.2': 0, '83.1': 4, '83.2': 4, '89.1': 1, '89.2': 8, '97.1': 6, '97.2': 6};1;1;x + 10
97.1;41;{'2.1': 15, '3.1': 11, '3.2': 1, '11.1': 23, '11.2': 39, '17.1': 39, '17.2': 11, '19.1': 33, '19.2': 12, '25.1': 11, '41.1': 5, '41.2': 34, '43.1': 27, '43.2': 35, '49.1': 31, '59.1': 35, '59.2': 29, '67.1': 5, '67.2': 40, '73.1': 22, '73.2': 12, '83.1': 2, '83.2': 30, '89.1': 9, '89.2': 23, '97.1': 1, '97.2': 5};1;1;x + 40
129.1;13;{'2.1': 9, '3.1': 12, '3.2': 6, '11.1': 6, '11.2': 9, '17.1': 11, '17.2': 9, '19.1': 8, '19.2': 3, '25.1': 0, '41.1': 6, '41.2': 12, '43.1': 1, '43.2': 10, '49.1': 4, '59.1': 2, '59.2': 10, '67.1': 12, '67.2': 9, '73.1': 1, '73.2': 2, '83.1': 11, '83.2': 2, '89.1': 1, '89.2': 0, '97.1': 9, '97.2': 11};1;1;x + 12
177.1;3;{'2.1': 2*X1, '3.1': 1, '3.2': 0, '11.1': 2*X1 + 1, '11.2': X1 + 2, '17.1': X1 + 2, '17.2': 2, '19.1': 2*X1 + 2, '19.2': 2, '25.1': X1 + 1, '41.1': X1 + 2, '41.2': 2*X1, '43.1': X1, '43.2': 1, '49.1': X1, '59.1': 2, '59.2': 2*X1, '67.1': 2*X1, '67.2': X1 + 2, '73.1': 1, '73.2': 2*X1 + 2, '83.1': 2*X1 + 2, '83.2': 2*X1, '89.1': 1, '89.2': X1 + 2, '97.1': 2, '97.2': X1 + 1};1;1;x^2 + 2*x + 2
177.1;7;{'2.1': 4, '3.1': 6, '3.2': 5, '11.1': 6, '11.2': 3, '17.1': 3, '17.2': 0, '19.1': 3, '19.2': 0, '25.1': 3, '41.1': 1, '41.2': 2, '43.1': 1, '43.2': 2, '49.1': 3, '59.1': 1, '59.2': 5, '67.1': 0, '67.2': 3, '73.1': 2, '73.2': 1, '83.1': 2, '83.2': 4, '89.1': 2, '89.2': 5, '97.1': 5, '97.2': 4};1;1;x + 6
177.2;3;{'2.1': 2*X1 + 2, '3.1': 2, '3.2': 2*X1, '11.1': X1 + 2, '11.2': 2*X1, '17.1': X1, '17.2': 1, '19.1': 1, '19.2': 2*X1, '25.1': X1 + 1, '41.1': 2*X1 + 2, '41.2': X1 + 1, '43.1': 2*X1, '43.2': X1 + 1, '49.1': 0, '59.1': 2*X1 + 2, '59.2': 1, '67.1': X1 + 1, '67.2': X1, '73.1': 2*X1, '73.2': X1 + 1, '83.1': X1, '83.2': 1, '89.1': X1 + 2, '89.2': 2*X1 + 1, '97.1': 2*X1 + 1, '97.2': 2*X1};1;1;x^2 + 2*x + 2
177.2;37;{'2.1': 25, '3.1': 1, '3.2': 27, '11.1': 15, '11.2': 20, '17.1': 30, '17.2': 2, '19.1': 5, '19.2': 5, '25.1': 6, '41.1': 34, '41.2': 14, '43.1': 18, '43.2': 0, '49.1': 1, '59.1': 30, '59.2': 36, '67.1': 31, '67.2': 13, '73.1': 0, '73.2': 7, '83.1': 5, '83.2': 25, '89.1': 14, '89.2': 0, '97.1': 26, '97.2': 5};1;1;x + 36
179.1;31;{'2.1': 27, '3.1': 30, '3.2': 10, '11.1': 27, '11.2': 14, '17.1': 30, '17.2': 23, '19.1': 4, '19.2': 15, '25.1': 18, '41.1': 24, '41.2': 1, '43.1': 23, '43.2': 27, '49.1': 17, '59.1': 18, '59.2': 11, '67.1': 4, '67.2': 29, '73.1': 26, '73.2': 10, '83.1': 7, '83.2': 3, '89.1': 21, '89.2': 24, '97.1': 23, '97.2': 9};1;1;x + 30
187.2;13;{'2.1': 8, '3.1': 3, '3.2': 4, '11.1': 12, '11.2': 3, '17.1': 4, '17.2': 1, '19.1': 3, '19.2': 11, '25.1': 10, '41.1': 11, '41.2': 7, '43.1': 0, '43.2': 0, '49.1': 4, '59.1': 10, '59.2': 8, '67.1': 4, '67.2': 10, '73.1': 4, '73.2': 12, '83.1': 11, '83.2': 2, '89.1': 1, '89.2': 6, '97.1': 6, '97.2': 0};1;1;x + 12
193.1;251;{'2.1': 175, '3.1': 122, '3.2': 108, '11.1': 26, '11.2': 227, '17.1': 232, '17.2': 181, '19.1': 141, '19.2': 188, '25.1': 246, '41.1': 192, '41.2': 115, '43.1': 202, '43.2': 79, '49.1': 191, '59.1': 91, '59.2': 69, '67.1': 8, '67.2': 10, '73.1': 229, '73.2': 5, '83.1': 106, '83.2': 128, '89.1': 85, '89.2': 250, '97.1': 5, '97.2': 140};1;1;x + 250
201.1;11;{'2.1': 4, '3.1': 10, '3.2': 8, '11.1': 10, '11.2': 3, '17.1': 6, '17.2': 1, '19.1': 5, '19.2': 5, '25.1': 0, '41.1': 7, '41.2': 0, '43.1': 9, '43.2': 3, '49.1': 7, '59.1': 9, '59.2': 9, '67.1': 1, '67.2': 2, '73.1': 0, '73.2': 10, '83.1': 8, '83.2': 9, '89.1': 7, '89.2': 8, '97.1': 10, '97.2': 7};1;1;x + 10
201.2;17;{'2.1': 12, '3.1': 1, '3.2': 12, '11.1': 15, '11.2': 9, '17.1': 4, '17.2': 0, '19.1': 14, '19.2': 16, '25.1': 15, '41.1': 6, '41.2': 5, '43.1': 11, '43.2': 8, '49.1': 10, '59.1': 16, '59.2': 3, '67.1': 3, '67.2': 16, '73.1': 3, '73.2': 10, '83.1': 3, '83.2': 8, '89.1': 6, '89.2': 10, '97.1': 8, '97.2': 12};1;1;x + 16
209.1;43;{'2.1': 25, '3.1': 11, '3.2': 27, '11.1': 42, '11.2': 18, '17.1': 24, '17.2': 38, '19.1': 1, '19.2': 2, '25.1': 26, '41.1': 14, '41.2': 26, '43.1': 6, '43.2': 40, '49.1': 14, '59.1': 1, '59.2': 27, '67.1': 2, '67.2': 24, '73.1': 11, '73.2': 31, '83.1': 38, '83.2': 38, '89.1': 37, '89.2': 12, '97.1': 30, '97.2': 20};1;1;x + 42
209.2;29;{'2.1': 17, '3.1': 11, '3.2': 26, '11.1': 28, '11.2': 7, '17.1': 23, '17.2': 19, '19.1': 18, '19.2': 1, '25.1': 25, '41.1': 5, '41.2': 12, '43.1': 28, '43.2': 21, '49.1': 28, '59.1': 21, '59.2': 15, '67.1': 10, '67.2': 20, '73.1': 6, '73.2': 22, '83.1': 21, '83.2': 8, '89.1': 2, '89.2': 9, '97.1': 28, '97.2': 28};1;1;x + 28
214.1;7;{'2.1': 6, '3.1': 5, '3.2': 2, '11.1': 5, '11.2': 6, '17.1': 5, '17.2': 4, '19.1': 1, '19.2': 3, '25.1': 3, '41.1': 3, '41.2': 1, '43.1': 5, '43.2': 6, '49.1': 3, '59.1': 1, '59.2': 4, '67.1': 0, '67.2': 2, '73.1': 0, '73.2': 2, '83.1': 6, '83.2': 2, '89.1': 6, '89.2': 1, '97.1': 1, '97.2': 2};1;1;x + 6
226.1;19;{'2.1': 18, '3.1': 10, '3.2': 13, '11.1': 7, '11.2': 15, '17.1': 2, '17.2': 3, '19.1': 5, '19.2': 17, '25.1': 5, '41.1': 8, '41.2': 11, '43.1': 8, '43.2': 0, '49.1': 6, '59.1': 9, '59.2': 0, '67.1': 5, '67.2': 16, '73.1': 0, '73.2': 14, '83.1': 15, '83.2': 16, '89.1': 12, '89.2': 1, '97.1': 15, '97.2': 2};1;1;x + 18
227.1;37;{'2.1': 31, '3.1': 28, '3.2': 15, '11.1': 18, '11.2': 25, '17.1': 19, '17.2': 10, '19.1': 31, '19.2': 31, '25.1': 30, '41.1': 25, '41.2': 2, '43.1': 34, '43.2': 10, '49.1': 8, '59.1': 24, '59.2': 14, '67.1': 8, '67.2': 0, '73.1': 33, '73.2': 3, '83.1': 8, '83.2': 1, '89.1': 18, '89.2': 36, '97.1': 33, '97.2': 33};1;1;x + 36
233.1;431;{'2.1': 175, '3.1': 36, '3.2': 425, '11.1': 16, '11.2': 224, '17.1': 258, '17.2': 200, '19.1': 22, '19.2': 183, '25.1': 390, '41.1': 350, '41.2': 253, '43.1': 328, '43.2': 8, '49.1': 410, '59.1': 325, '59.2': 40, '67.1': 340, '67.2': 304, '73.1': 334, '73.2': 10, '83.1': 216, '83.2': 270, '89.1': 211, '89.2': 423, '97.1': 143, '97.2': 11};1;1;x + 430
236.1;13;{'2.1': 0, '3.1': 6, '3.2': 8, '11.1': 11, '11.2': 6, '17.1': 2, '17.2': 2, '19.1': 8, '19.2': 2, '25.1': 1, '41.1': 11, '41.2': 3, '43.1': 12, '43.2': 1, '49.1': 7, '59.1': 12, '59.2': 5, '67.1': 8, '67.2': 10, '73.1': 3, '73.2': 1, '83.1': 7, '83.2': 4, '89.1': 6, '89.2': 5, '97.1': 6, '97.2': 12};1;1;x + 12
241.1;1861;{'2.1': 708, '3.1': 579, '3.2': 303, '11.1': 1490, '11.2': 531, '17.1': 1607, '17.2': 1228, '19.1': 1364, '19.2': 891, '25.1': 573, '41.1': 389, '41.2': 1376, '43.1': 644, '43.2': 1267, '49.1': 1729, '59.1': 1616, '59.2': 1402, '67.1': 911, '67.2': 1763, '73.1': 855, '73.2': 1726, '83.1': 375, '83.2': 1648, '89.1': 524, '89.2': 1004, '97.1': 367, '97.2': 1174};1;1;x + 1860
246.1;11;{'2.1': 1, '3.1': 10, '3.2': 8, '11.1': 5, '11.2': 7, '17.1': 9, '17.2': 3, '19.1': 1, '19.2': 9, '25.1': 0, '41.1': 10, '41.2': 2, '43.1': 6, '43.2': 7, '49.1': 1, '59.1': 10, '59.2': 3, '67.1': 4, '67.2': 1, '73.1': 2, '73.2': 5, '83.1': 5, '83.2': 3, '89.1': 1, '89.2': 2, '97.1': 1, '97.2': 10};1;1;x + 10
251.1;17;{'2.1': 4, '3.1': 5, '3.2': 12, '11.1': 12, '11.2': 6, '17.1': 10, '17.2': 7, '19.1': 4, '19.2': 15, '25.1': 7, '41.1': 6, '41.2': 3, '43.1': 11, '43.2': 3, '49.1': 1, '59.1': 9, '59.2': 2, '67.1': 15, '67.2': 16, '73.1': 15, '73.2': 4, '83.1': 12, '83.2': 14, '89.1': 6, '89.2': 5, '97.1': 14, '97.2': 0};1;1;x + 16
262.1;107;{'2.1': 1, '3.1': 53, '3.2': 29, '11.1': 78, '11.2': 104, '17.1': 88, '17.2': 73, '19.1': 29, '19.2': 74, '25.1': 21, '41.1': 30, '41.2': 99, '43.1': 29, '43.2': 64, '49.1': 97, '59.1': 64, '59.2': 14, '67.1': 103, '67.2': 89, '73.1': 71, '73.2': 0, '83.1': 29, '83.2': 63, '89.1': 21, '89.2': 74, '97.1': 80, '97.2': 24};1;1;x + 106
274.1;3;{'2.1': 1, '3.1': 2, '3.2': 2*X1 + 2, '11.1': 2*X1 + 2, '11.2': 2*X1, '17.1': X1, '17.2': 2*X1 + 2, '19.1': 2*X1, '19.2': X1, '25.1': X1, '41.1': X1, '41.2': 2*X1 + 1, '43.1': 1, '43.2': 0, '49.1': 0, '59.1': X1 + 2, '59.2': X1 + 1, '67.1': 0, '67.2': X1 + 2, '73.1': 0, '73.2': 0, '83.1': X1 + 2, '83.2': 2*X1 + 2, '89.1': 0, '89.2': 2*X1 + 1, '97.1': 0, '97.2': 0};1;1;x^2 + 2*x + 2
274.1;37;{'2.1': 36, '3.1': 24, '3.2': 25, '11.1': 1, '11.2': 33, '17.1': 11, '17.2': 11, '19.1': 24, '19.2': 36, '25.1': 26, '41.1': 23, '41.2': 30, '43.1': 5, '43.2': 13, '49.1': 8, '59.1': 14, '59.2': 34, '67.1': 32, '67.2': 31, '73.1': 11, '73.2': 25, '83.1': 13, '83.2': 28, '89.1': 30, '89.2': 19, '97.1': 8, '97.2': 32};1;1;x + 36
275.1;13;{'2.1': 6, '3.1': 12, '3.2': 4, '11.1': 12, '11.2': 0, '17.1': 10, '17.2': 12, '19.1': 11, '19.2': 9, '25.1': 1, '41.1': 8, '41.2': 11, '43.1': 12, '43.2': 1, '49.1': 6, '59.1': 0, '59.2': 9, '67.1': 4, '67.2': 10, '73.1': 9, '73.2': 6, '83.1': 12, '83.2': 8, '89.1': 3, '89.2': 6, '97.1': 11, '97.2': 2};1;1;x + 12
281.1;2;{'2.1': X1, '3.1': 1, '3.2': 0, '11.1': 0, '11.2': 1, '17.1': 0, '17.2': 0, '19.1': 0, '19.2': 0, '25.1': 1, '41.1': 0, '41.2': 1, '43.1': 0, '43.2': 0, '49.1': 1, '59.1': 0, '59.2': 0, '67.1': 0, '67.2': 1, '73.1': 1, '73.2': 0, '83.1': 1, '83.2': 0, '89.1': 0, '89.2': 1, '97.1': 1, '97.2': 0};1;1;x^2 + x + 1
283.1;2;{'2.1': 1, '3.1': X1^2 + X1 + 1, '3.2': X1 + 1, '11.1': X1 + 1, '11.2': 0, '17.1': X1^2 + X1 + 1, '17.2': 0, '19.1': X1^2 + 1, '19.2': X1^2 + 1, '25.1': 0, '41.1': 0, '41.2': 0, '43.1': X1^2 + X1 + 1, '43.2': X1^2 + 1, '49.1': 0, '59.1': X1^2 + X1 + 1, '59.2': 0, '67.1': X1^2 + 1, '67.2': X1^2 + X1 + 1, '73.1': X1^2 + 1, '73.2': X1 + 1, '83.1': 0, '83.2': 0, '89.1': 0, '89.2': 0, '97.1': 0, '97.2': 0};1;1;x^3 + x + 1
283.1;47;{'2.1': 26, '3.1': 21, '3.2': 44, '11.1': 6, '11.2': 36, '17.1': 7, '17.2': 41, '19.1': 1, '19.2': 33, '25.1': 24, '41.1': 29, '41.2': 18, '43.1': 7, '43.2': 30, '49.1': 39, '59.1': 23, '59.2': 41, '67.1': 46, '67.2': 2, '73.1': 18, '73.2': 40, '83.1': 10, '83.2': 38, '89.1': 36, '89.2': 32, '97.1': 5, '97.2': 7};1;1;x + 46
291.1;17;{'2.1': 9, '3.1': 16, '3.2': 8, '11.1': 3, '11.2': 16, '17.1': 9, '17.2': 6, '19.1': 16, '19.2': 15, '25.1': 15, '41.1': 16, '41.2': 11, '43.1': 7, '43.2': 13, '49.1': 4, '59.1': 8, '59.2': 15, '67.1': 16, '67.2': 8, '73.1': 10, '73.2': 1, '83.1': 5, '83.2': 14, '89.1': 0, '89.2': 2, '97.1': 1, '97.2': 3};1;1;x + 16
291.1;19;{'2.1': 9, '3.1': 1, '3.2': 12, '11.1': 12, '11.2': 10, '17.1': 0, '17.2': 14, '19.1': 8, '19.2': 11, '25.1': 14, '41.1': 10, '41.2': 17, '43.1': 17, '43.2': 2, '49.1': 12, '59.1': 8, '59.2': 18, '67.1': 17, '67.2': 17, '73.1': 15, '73.2': 12, '83.1': 1, '83.2': 18, '89.1': 11, '89.2': 4, '97.1': 18, '97.2': 7};1;1;x + 18
297.1;17;{'2.1': 9, '3.1': 0, '3.2': 11, '11.1': 1, '11.2': 13, '17.1': 1, '17.2': 8, '19.1': 11, '19.2': 9, '25.1': 4, '41.1': 7, '41.2': 16, '43.1': 10, '43.2': 8, '49.1': 7, '59.1': 1, '59.2': 15, '67.1': 3, '67.2': 4, '73.1': 11, '73.2': 10, '83.1': 7, '83.2': 9, '89.1': 14, '89.2': 15, '97.1': 12, '97.2': 9};1;1;x + 16
307.1;2;{'2.1': 1, '3.1': X1, '3.2': X1, '11.1': X1 + 1, '11.2': 0, '17.1': X1, '17.2': X1 + 1, '19.1': 0, '19.2': 0, '25.1': 0, '41.1': X1, '41.2': X1 + 1, '43.1': X1, '43.2': X1 + 1, '49.1': 0, '59.1': 0, '59.2': 0, '67.1': 0, '67.2': 0, '73.1': X1, '73.2': 0, '83.1': X1 + 1, '83.2': 0, '89.1': 0, '89.2': 0, '97.1': 0, '97.2': 0};1;1;x^2 + x + 1
307.1;97;{'2.1': 16, '3.1': 49, '3.2': 25, '11.1': 62, '11.2': 58, '17.1': 46, '17.2': 24, '19.1': 11, '19.2': 33, '25.1': 89, '41.1': 94, '41.2': 19, '43.1': 66, '43.2': 81, '49.1': 28, '59.1': 46, '59.2': 9, '67.1': 4, '67.2': 39, '73.1': 65, '73.2': 20, '83.1': 13, '83.2': 90, '89.1': 90, '89.2': 86, '97.1': 5, '97.2': 70};1;1;x + 96
313.1;79;{'2.1': 3, '3.1': 14, '3.2': 77, '11.1': 60, '11.2': 77, '17.1': 62, '17.2': 67, '19.1': 77, '19.2': 31, '25.1': 34, '41.1': 7, '41.2': 73, '43.1': 77, '43.2': 77, '49.1': 24, '59.1': 13, '59.2': 15, '67.1': 34, '67.2': 62, '73.1': 53, '73.2': 62, '83.1': 32, '83.2': 5, '89.1': 28, '89.2': 42, '97.1': 73, '97.2': 71};1;1;x + 78
313.1;101;{'2.1': 11, '3.1': 6, '3.2': 57, '11.1': 31, '11.2': 12, '17.1': 73, '17.2': 79, '19.1': 48, '19.2': 72, '25.1': 4, '41.1': 52, '41.2': 37, '43.1': 42, '43.2': 46, '49.1': 76, '59.1': 1, '59.2': 98, '67.1': 99, '67.2': 47, '73.1': 72, '73.2': 100, '83.1': 76, '83.2': 38, '89.1': 61, '89.2': 23, '97.1': 39, '97.2': 61};1;1;x + 100
321.1;61;{'2.1': 6, '3.1': 1, '3.2': 9, '11.1': 10, '11.2': 49, '17.1': 51, '17.2': 35, '19.1': 57, '19.2': 8, '25.1': 27, '41.1': 49, '41.2': 56, '43.1': 23, '43.2': 27, '49.1': 8, '59.1': 2, '59.2': 14, '67.1': 42, '67.2': 47, '73.1': 51, '73.2': 11, '83.1': 60, '83.2': 35, '89.1': 56, '89.2': 14, '97.1': 15, '97.2': 11};1;1;x + 60
321.2;67;{'2.1': 43, '3.1': 66, '3.2': 35, '11.1': 63, '11.2': 35, '17.1': 18, '17.2': 35, '19.1': 15, '19.2': 62, '25.1': 11, '41.1': 37, '41.2': 23, '43.1': 51, '43.2': 27, '49.1': 55, '59.1': 18, '59.2': 23, '67.1': 60, '67.2': 61, '73.1': 12, '73.2': 39, '83.1': 58, '83.2': 48, '89.1': 53, '89.2': 33, '97.1': 35, '97.2': 21};1;1;x + 66
321.2;163;{'2.1': 73, '3.1': 1, '3.2': 93, '11.1': 9, '11.2': 118, '17.1': 44, '17.2': 107, '19.1': 144, '19.2': 132, '25.1': 113, '41.1': 136, '41.2': 36, '43.1': 33, '43.2': 36, '49.1': 57, '59.1': 123, '59.2': 131, '67.1': 128, '67.2': 6, '73.1': 76, '73.2': 38, '83.1': 147, '83.2': 86, '89.1': 19, '89.2': 133, '97.1': 87, '97.2': 133};1;1;x + 162
323.2;13;{'2.1': 7, '3.1': 1, '3.2': 9, '11.1': 5, '11.2': 9, '17.1': 1, '17.2': 3, '19.1': 9, '19.2': 12, '25.1': 4, '41.1': 12, '41.2': 0, '43.1': 9, '43.2': 8, '49.1': 1, '59.1': 7, '59.2': 5, '67.1': 2, '67.2': 3, '73.1': 3, '73.2': 9, '83.1': 11, '83.2': 11, '89.1': 10, '89.2': 11, '97.1': 8, '97.2': 4};1;1;x + 12
326.1;2;{'2.1': 1, '3.1': X1, '3.2': 0, '11.1': 0, '11.2': X1 + 1, '17.1': 0, '17.2': X1, '19.1': X1 + 1, '19.2': 0, '25.1': X1 + 1, '41.1': 0, '41.2': 0, '43.1': X1, '43.2': X1, '49.1': X1, '59.1': X1, '59.2': 0, '67.1': 0, '67.2': X1 + 1, '73.1': X1 + 1, '73.2': 0, '83.1': 0, '83.2': 0, '89.1': X1, '89.2': 0, '97.1': X1 + 1, '97.2': X1};1;1;x^2 + x + 1
331.1;11;{'2.1': 5, '3.1': 0, '3.2': 5, '11.1': 9, '11.2': 0, '17.1': 7, '17.2': 5, '19.1': 8, '19.2': 4, '25.1': 7, '41.1': 2, '41.2': 8, '43.1': 5, '43.2': 0, '49.1': 1, '59.1': 0, '59.2': 1, '67.1': 8, '67.2': 8, '73.1': 9, '73.2': 9, '83.1': 4, '83.2': 4, '89.1': 1, '89.2': 4, '97.1': 10, '97.2': 3};1;1;x + 10
331.1;199;{'2.1': 50, '3.1': 156, '3.2': 103, '11.1': 63, '11.2': 20, '17.1': 113, '17.2': 65, '19.1': 111, '19.2': 157, '25.1': 192, '41.1': 176, '41.2': 122, '43.1': 143, '43.2': 119, '49.1': 197, '59.1': 150, '59.2': 127, '67.1': 63, '67.2': 114, '73.1': 197, '73.2': 97, '83.1': 83, '83.2': 7, '89.1': 182, '89.2': 154, '97.1': 156, '97.2': 6};1;1;x + 198
337.1;127;{'2.1': 66, '3.1': 107, '3.2': 53, '11.1': 20, '11.2': 89, '17.1': 114, '17.2': 6, '19.1': 49, '19.2': 18, '25.1': 105, '41.1': 92, '41.2': 26, '43.1': 33, '43.2': 98, '49.1': 102, '59.1': 73, '59.2': 65, '67.1': 58, '67.2': 85, '73.1': 113, '73.2': 100, '83.1': 71, '83.2': 25, '89.1': 13, '89.2': 32, '97.1': 60, '97.2': 97};1;1;x + 126
339.1;11;{'2.1': 8, '3.1': 1, '3.2': 6, '11.1': 9, '11.2': 0, '17.1': 1, '17.2': 10, '19.1': 7, '19.2': 2, '25.1': 4, '41.1': 10, '41.2': 10, '43.1': 5, '43.2': 4, '49.1': 6, '59.1': 0, '59.2': 4, '67.1': 9, '67.2': 8, '73.1': 1, '73.2': 7, '83.1': 0, '83.2': 4, '89.1': 2, '89.2': 2, '97.1': 8, '97.2': 8};1;1;x + 10
347.1;2;{'2.1': X1^2 + X1, '3.1': 1, '3.2': X1^2 + X1 + 1, '11.1': X1^2 + X1 + 1, '11.2': 1, '17.1': X1^2 + X1, '17.2': X1^2 + X1 + 1, '19.1': X1^2 + 1, '19.2': X1, '25.1': X1^2 + X1 + 1, '41.1': X1^2, '41.2': 1, '43.1': X1 + 1, '43.2': 1, '49.1': X1^2 + X1, '59.1': X1^2, '59.2': X1^2 + 1, '67.1': X1 + 1, '67.2': X1^2 + X1 + 1, '73.1': 1, '73.2': 1, '83.1': X1^2 + X1, '83.2': X1^2 + X1 + 1, '89.1': X1, '89.2': X1^2 + 1, '97.1': 1, '97.2': 1};1;1;x^3 + x + 1
361.2;47;{'2.1': 6, '3.1': 10, '3.2': 27, '11.1': 7, '11.2': 42, '17.1': 4, '17.2': 32, '19.1': 46, '19.2': 1, '25.1': 9, '41.1': 35, '41.2': 3, '43.1': 5, '43.2': 38, '49.1': 4, '59.1': 33, '59.2': 42, '67.1': 2, '67.2': 10, '73.1': 1, '73.2': 33, '83.1': 29, '83.2': 29, '89.1': 41, '89.2': 24, '97.1': 46, '97.2': 0};1;1;x + 46
361.2;47;{'2.1': 6, '3.1': 27, '3.2': 10, '11.1': 42, '11.2': 7, '17.1': 32, '17.2': 4, '19.1': 1, '19.2': 46, '25.1': 9, '41.1': 3, '41.2': 35, '43.1': 38, '43.2': 5, '49.1': 4, '59.1': 42, '59.2': 33, '67.1': 10, '67.2': 2, '73.1': 33, '73.2': 1, '83.1': 29, '83.2': 29, '89.1': 24, '89.2': 41, '97.1': 0, '97.2': 46};1;1;x + 46
369.3;19;{'2.1': 9, '3.1': 1, '3.2': 18, '11.1': 5, '11.2': 8, '17.1': 9, '17.2': 1, '19.1': 9, '19.2': 13, '25.1': 1, '41.1': 18, '41.2': 2, '43.1': 14, '43.2': 3, '49.1': 4, '59.1': 4, '59.2': 11, '67.1': 15, '67.2': 8, '73.1': 8, '73.2': 6, '83.1': 6, '83.2': 1, '89.1': 14, '89.2': 4, '97.1': 2, '97.2': 6};1;1;x + 18
374.1;3;{'2.1': 2, '3.1': 2*X1, '3.2': 2*X1 + 1, '11.1': 2, '11.2': 2*X1, '17.1': 2, '17.2': 0, '19.1': X1, '19.2': X1 + 1, '25.1': 2*X1, '41.1': 2*X1 + 2, '41.2': X1 + 1, '43.1': 2*X1 + 1, '43.2': 2*X1, '49.1': 1, '59.1': 2, '59.2': 2, '67.1': 0, '67.2': X1 + 1, '73.1': 2, '73.2': X1 + 2, '83.1': 0, '83.2': 2, '89.1': X1 + 1, '89.2': X1, '97.1': 2*X1 + 1, '97.2': X1};1;1;x^2 + 2*x + 2
374.2;31;{'2.1': 1, '3.1': 21, '3.2': 13, '11.1': 1, '11.2': 24, '17.1': 17, '17.2': 1, '19.1': 13, '19.2': 5, '25.1': 30, '41.1': 27, '41.2': 24, '43.1': 20, '43.2': 26, '49.1': 28, '59.1': 30, '59.2': 20, '67.1': 24, '67.2': 6, '73.1': 29, '73.2': 12, '83.1': 26, '83.2': 6, '89.1': 18, '89.2': 10, '97.1': 7, '97.2': 19};1;1;x + 30
379.1;2;{'2.1': X1^3 + X1^2 + X1, '3.1': X1 + 1, '3.2': X1^3 + X1^2 + X1 + 1, '11.1': X1^3 + X1, '11.2': X1^3 + X1^2 + X1, '17.1': X1^3 + X1^2 + X1 + 1, '17.2': X1^3 + X1^2 + 1, '19.1': X1^2, '19.2': X1^3 + X1 + 1, '25.1': X1^2 + X1 + 1, '41.1': X1^3 + X1^2 + X1 + 1, '41.2': X1^3 + X1^2 + X1, '43.1': X1^3, '43.2': 0, '49.1': X1^3 + X1^2, '59.1': X1^3 + X1 + 1, '59.2': 1, '67.1': X1^3 + 1, '67.2': X1^2 + X1, '73.1': X1^2 + 1, '73.2': X1^3 + X1 + 1, '83.1': X1^3 + X1, '83.2': X1^2 + 1, '89.1': X1^3 + X1, '89.2': X1^3 + 1, '97.1': X1^3 + X1^2 + X1, '97.2': 0};1;1;x^4 + x + 1
379.1;2;{'2.1': 1, '3.1': X1 + 1, '3.2': X1^2 + X1 + 1, '11.1': 0, '11.2': 0, '17.1': 0, '17.2': X1^2 + 1, '19.1': 0, '19.2': X1^2 + X1 + 1, '25.1': X1 + 1, '41.1': 0, '41.2': 0, '43.1': X1^2 + 1, '43.2': X1^2 + 1, '49.1': X1^2 + 1, '59.1': X1 + 1, '59.2': 0, '67.1': 0, '67.2': X1 + 1, '73.1': X1^2 + X1 + 1, '73.2': 0, '83.1': 0, '83.2': X1^2 + 1, '89.1': X1^2 + X1 + 1, '89.2': 0, '97.1': X1^2 + X1 + 1, '97.2': X1 + 1};1;1;x^3 + x + 1
379.1;13;{'2.1': 7, '3.1': 12, '3.2': 11, '11.1': 8, '11.2': 7, '17.1': 2, '17.2': 3, '19.1': 1, '19.2': 2, '25.1': 2, '41.1': 1, '41.2': 6, '43.1': 9, '43.2': 10, '49.1': 0, '59.1': 9, '59.2': 0, '67.1': 2, '67.2': 10, '73.1': 10, '73.2': 3, '83.1': 0, '83.2': 9, '89.1': 9, '89.2': 10, '97.1': 10, '97.2': 1};1;1;x + 12
386.1;79;{'2.1': 78, '3.1': 65, '3.2': 50, '11.1': 28, '11.2': 20, '17.1': 19, '17.2': 25, '19.1': 52, '19.2': 47, '25.1': 1, '41.1': 36, '41.2': 46, '43.1': 59, '43.2': 44, '49.1': 37, '59.1': 54, '59.2': 9, '67.1': 45, '67.2': 66, '73.1': 49, '73.2': 65, '83.1': 34, '83.2': 11, '89.1': 69, '89.2': 0, '97.1': 26, '97.2': 0};1;1;x + 78
393.1;19;{'2.1': 5, '3.1': 18, '3.2': 7, '11.1': 7, '11.2': 0, '17.1': 18, '17.2': 8, '19.1': 9, '19.2': 13, '25.1': 2, '41.1': 13, '41.2': 17, '43.1': 0, '43.2': 8, '49.1': 15, '59.1': 16, '59.2': 6, '67.1': 8, '67.2': 15, '73.1': 0, '73.2': 12, '83.1': 17, '83.2': 9, '89.1': 13, '89.2': 9, '97.1': 0, '97.2': 13};1;1;x + 18
393.1;71;{'2.1': 19, '3.1': 1, '3.2': 63, '11.1': 25, '11.2': 69, '17.1': 31, '17.2': 44, '19.1': 60, '19.2': 68, '25.1': 24, '41.1': 7, '41.2': 38, '43.1': 18, '43.2': 51, '49.1': 5, '59.1': 35, '59.2': 6, '67.1': 42, '67.2': 48, '73.1': 9, '73.2': 24, '83.1': 45, '83.2': 41, '89.1': 31, '89.2': 14, '97.1': 27, '97.2': 20};1;1;x + 70
393.2;179;{'2.1': 24, '3.1': 178, '3.2': 50, '11.1': 31, '11.2': 116, '17.1': 42, '17.2': 53, '19.1': 15, '19.2': 30, '25.1': 100, '41.1': 133, '41.2': 27, '43.1': 155, '43.2': 126, '49.1': 19, '59.1': 33, '59.2': 101, '67.1': 42, '67.2': 79, '73.1': 42, '73.2': 148, '83.1': 146, '83.2': 115, '89.1': 48, '89.2': 91, '97.1': 99, '97.2': 123};1;1;x + 178
401.1;37;{'2.1': 5, '3.1': 3, '3.2': 9, '11.1': 31, '11.2': 5, '17.1': 15, '17.2': 23, '19.1': 20, '19.2': 11, '25.1': 1, '41.1': 32, '41.2': 18, '43.1': 16, '43.2': 20, '49.1': 16, '59.1': 17, '59.2': 34, '67.1': 5, '67.2': 14, '73.1': 2, '73.2': 4, '83.1': 16, '83.2': 11, '89.1': 6, '89.2': 29, '97.1': 10, '97.2': 15};1;1;x + 36
401.1;71;{'2.1': 58, '3.1': 66, '3.2': 50, '11.1': 53, '11.2': 58, '17.1': 65, '17.2': 2, '19.1': 22, '19.2': 64, '25.1': 57, '41.1': 5, '41.2': 38, '43.1': 70, '43.2': 23, '49.1': 43, '59.1': 56, '59.2': 36, '67.1': 2, '67.2': 31, '73.1': 31, '73.2': 56, '83.1': 39, '83.2': 43, '89.1': 22, '89.2': 53, '97.1': 17, '97.2': 8};1;1;x + 70
409.1;101;{'2.1': 25, '3.1': 63, '3.2': 76, '11.1': 53, '11.2': 11, '17.1': 46, '17.2': 31, '19.1': 3, '19.2': 34, '25.1': 56, '41.1': 26, '41.2': 59, '43.1': 84, '43.2': 34, '49.1': 99, '59.1': 20, '59.2': 2, '67.1': 78, '67.2': 8, '73.1': 59, '73.2': 8, '83.1': 57, '83.2': 25, '89.1': 58, '89.2': 68, '97.1': 56, '97.2': 34};1;1;x + 100
411.1;83;{'2.1': 59, '3.1': 1, '3.2': 16, '11.1': 25, '11.2': 37, '17.1': 36, '17.2': 57, '19.1': 66, '19.2': 4, '25.1': 73, '41.1': 48, '41.2': 20, '43.1': 30, '43.2': 9, '49.1': 37, '59.1': 3, '59.2': 12, '67.1': 79, '67.2': 45, '73.1': 70, '73.2': 81, '83.1': 8, '83.2': 2, '89.1': 71, '89.2': 77, '97.1': 1, '97.2': 38};1;1;x + 82
411.2;7;{'2.1': 1, '3.1': 1, '3.2': 5, '11.1': 5, '11.2': 6, '17.1': 2, '17.2': 3, '19.1': 2, '19.2': 1, '25.1': 4, '41.1': 2, '41.2': 4, '43.1': 3, '43.2': 0, '49.1': 4, '59.1': 1, '59.2': 1, '67.1': 3, '67.2': 4, '73.1': 4, '73.2': 4, '83.1': 3, '83.2': 5, '89.1': 2, '89.2': 3, '97.1': 3, '97.2': 2};1;1;x + 6
417.1;13;{'2.1': 5, '3.1': 12, '3.2': 11, '11.1': 0, '11.2': 3, '17.1': 7, '17.2': 11, '19.1': 11, '19.2': 12, '25.1': 3, '41.1': 0, '41.2': 12, '43.1': 3, '43.2': 10, '49.1': 3, '59.1': 2, '59.2': 3, '67.1': 5, '67.2': 2, '73.1': 9, '73.2': 4, '83.1': 0, '83.2': 2, '89.1': 8, '89.2': 7, '97.1': 5, '97.2': 10};1;1;x + 12
417.2;23;{'2.1': 9, '3.1': 1, '3.2': 22, '11.1': 17, '11.2': 13, '17.1': 9, '17.2': 1, '19.1': 10, '19.2': 2, '25.1': 11, '41.1': 3, '41.2': 9, '43.1': 20, '43.2': 14, '49.1': 20, '59.1': 0, '59.2': 13, '67.1': 20, '67.2': 18, '73.1': 14, '73.2': 18, '83.1': 13, '83.2': 9, '89.1': 0, '89.2': 16, '97.1': 3, '97.2': 1};1;1;x + 22
422.1;43;{'2.1': 1, '3.1': 17, '3.2': 21, '11.1': 30, '11.2': 40, '17.1': 13, '17.2': 25, '19.1': 21, '19.2': 8, '25.1': 34, '41.1': 19, '41.2': 4, '43.1': 18, '43.2': 23, '49.1': 7, '59.1': 17, '59.2': 18, '67.1': 14, '67.2': 25, '73.1': 1, '73.2': 36, '83.1': 16, '83.2': 21, '89.1': 12, '89.2': 1, '97.1': 21, '97.2': 27};1;1;x + 42
425.1;41;{'2.1': 37, '3.1': 23, '3.2': 21, '11.1': 7, '11.2': 39, '17.1': 40, '17.2': 0, '19.1': 35, '19.2': 6, '25.1': 1, '41.1': 1, '41.2': 21, '43.1': 2, '43.2': 36, '49.1': 38, '59.1': 0, '59.2': 9, '67.1': 26, '67.2': 4, '73.1': 8, '73.2': 15, '83.1': 12, '83.2': 39, '89.1': 22, '89.2': 15, '97.1': 22, '97.2': 35};1;1;x + 40
425.1;53;{'2.1': 4, '3.1': 14, '3.2': 37, '11.1': 4, '11.2': 32, '17.1': 1, '17.2': 23, '19.1': 17, '19.2': 12, '25.1': 52, '41.1': 26, '41.2': 43, '43.1': 35, '43.2': 4, '49.1': 52, '59.1': 28, '59.2': 25, '67.1': 6, '67.2': 45, '73.1': 34, '73.2': 2, '83.1': 50, '83.2': 25, '89.1': 5, '89.2': 35, '97.1': 20, '97.2': 14};1;1;x + 52
428.1;113;{'2.1': 0, '3.1': 9, '3.2': 66, '11.1': 37, '11.2': 18, '17.1': 20, '17.2': 109, '19.1': 30, '19.2': 38, '25.1': 62, '41.1': 2, '41.2': 26, '43.1': 44, '43.2': 20, '49.1': 77, '59.1': 83, '59.2': 53, '67.1': 80, '67.2': 14, '73.1': 21, '73.2': 58, '83.1': 63, '83.2': 96, '89.1': 1, '89.2': 58, '97.1': 79, '97.2': 98};1;1;x + 112
433.1;19;{'2.1': 13, '3.1': 7, '3.2': 5, '11.1': 12, '11.2': 11, '17.1': 16, '17.2': 16, '19.1': 17, '19.2': 11, '25.1': 10, '41.1': 3, '41.2': 3, '43.1': 15, '43.2': 16, '49.1': 14, '59.1': 9, '59.2': 13, '67.1': 18, '67.2': 18, '73.1': 12, '73.2': 3, '83.1': 18, '83.2': 0, '89.1': 16, '89.2': 6, '97.1': 10, '97.2': 15};1;1;x + 18
433.1;2437;{'2.1': 206, '3.1': 662, '3.2': 1503, '11.1': 956, '11.2': 1042, '17.1': 2361, '17.2': 547, '19.1': 747, '19.2': 732, '25.1': 1847, '41.1': 174, '41.2': 757, '43.1': 564, '43.2': 691, '49.1': 1142, '59.1': 1907, '59.2': 1219, '67.1': 2100, '67.2': 1609, '73.1': 1289, '73.2': 397, '83.1': 26, '83.2': 297, '89.1': 505, '89.2': 437, '97.1': 2148, '97.2': 1508};1;1;x + 2436
443.1;353;{'2.1': 7, '3.1': 328, '3.2': 303, '11.1': 223, '11.2': 104, '17.1': 263, '17.2': 195, '19.1': 317, '19.2': 113, '25.1': 45, '41.1': 338, '41.2': 78, '43.1': 92, '43.2': 251, '49.1': 112, '59.1': 323, '59.2': 134, '67.1': 227, '67.2': 36, '73.1': 238, '73.2': 97, '83.1': 279, '83.2': 37, '89.1': 105, '89.2': 74, '97.1': 245, '97.2': 199};1;1;x + 352
449.1;1425821;{'2.1': 1149259, '3.1': 482904, '3.2': 396441, '11.1': 733848, '11.2': 46039, '17.1': 480923, '17.2': 1159909, '19.1': 876625, '19.2': 1293899, '25.1': 1295004, '41.1': 474765, '41.2': 395316, '43.1': 1268404, '43.2': 705802, '49.1': 846323, '59.1': 492786, '59.2': 181238, '67.1': 166267, '67.2': 607979, '73.1': 1110923, '73.2': 85154, '83.1': 978238, '83.2': 453772, '89.1': 1187674, '89.2': 1423810, '97.1': 467505, '97.2': 1419916};1;1;x + 1425820
451.1;2;{'2.1': 1, '3.1': X1, '3.2': X1, '11.1': 1, '11.2': 0, '17.1': X1, '17.2': X1 + 1, '19.1': X1 + 1, '19.2': 0, '25.1': X1 + 1, '41.1': 1, '41.2': X1, '43.1': 0, '43.2': 0, '49.1': 0, '59.1': 0, '59.2': 0, '67.1': X1 + 1, '67.2': X1, '73.1': 0, '73.2': X1 + 1, '83.1': 0, '83.2': 0, '89.1': 0, '89.2': X1, '97.1': 0, '97.2': X1};1;2;x^2 + x + 1
451.2;23;{'2.1': 18, '3.1': 17, '3.2': 20, '11.1': 1, '11.2': 19, '17.1': 20, '17.2': 22, '19.1': 0, '19.2': 6, '25.1': 8, '41.1': 22, '41.2': 22, '43.1': 21, '43.2': 5, '49.1': 18, '59.1': 9, '59.2': 9, '67.1': 4, '67.2': 10, '73.1': 15, '73.2': 2, '83.1': 9, '83.2': 12, '89.1': 22, '89.2': 6, '97.1': 1, '97.2': 18};1;1;x + 22
451.2;29;{'2.1': 27, '3.1': 17, '3.2': 18, '11.1': 28, '11.2': 9, '17.1': 7, '17.2': 10, '19.1': 11, '19.2': 1, '25.1': 11, '41.1': 5, '41.2': 1, '43.1': 22, '43.2': 16, '49.1': 3, '59.1': 11, '59.2': 5, '67.1': 16, '67.2': 10, '73.1': 19, '73.2': 24, '83.1': 11, '83.2': 20, '89.1': 11, '89.2': 25, '97.1': 25, '97.2': 9};1;1;x + 28
454.1;23;{'2.1': 22, '3.1': 0, '3.2': 8, '11.1': 9, '11.2': 13, '17.1': 13, '17.2': 14, '19.1': 19, '19.2': 15, '25.1': 11, '41.1': 15, '41.2': 20, '43.1': 21, '43.2': 8, '49.1': 10, '59.1': 8, '59.2': 8, '67.1': 19, '67.2': 18, '73.1': 21, '73.2': 4, '83.1': 1, '83.2': 12, '89.1': 15, '89.2': 0, '97.1': 0, '97.2': 7};1;1;x + 22
454.1;71;{'2.1': 1, '3.1': 40, '3.2': 22, '11.1': 41, '11.2': 61, '17.1': 55, '17.2': 16, '19.1': 33, '19.2': 55, '25.1': 38, '41.1': 51, '41.2': 4, '43.1': 0, '43.2': 59, '49.1': 30, '59.1': 61, '59.2': 48, '67.1': 67, '67.2': 1, '73.1': 14, '73.2': 41, '83.1': 34, '83.2': 29, '89.1': 69, '89.2': 51, '97.1': 16, '97.2': 53};1;1;x + 70
456.2;3;{'2.1': 0, '3.1': 1, '3.2': 2*X1 + 2, '11.1': 2*X1, '11.2': X1 + 2, '17.1': 2*X1 + 2, '17.2': 2, '19.1': 2*X1 + 2, '19.2': 1, '25.1': 2*X1 + 2, '41.1': 2*X1, '41.2': 2*X1 + 1, '43.1': X1, '43.2': 2, '49.1': 0, '59.1': X1 + 1, '59.2': 2*X1 + 2, '67.1': 2, '67.2': 2*X1 + 2, '73.1': X1 + 2, '73.2': 2*X1 + 2, '83.1': X1 + 1, '83.2': X1, '89.1': 2, '89.2': 2*X1, '97.1': 2*X1 + 1, '97.2': X1};1;1;x^2 + 2*x + 2
459.1;23;{'2.1': 18, '3.1': 0, '3.2': 6, '11.1': 12, '11.2': 18, '17.1': 1, '17.2': 17, '19.1': 4, '19.2': 21, '25.1': 11, '41.1': 18, '41.2': 4, '43.1': 13, '43.2': 0, '49.1': 0, '59.1': 22, '59.2': 5, '67.1': 22, '67.2': 11, '73.1': 14, '73.2': 12, '83.1': 3, '83.2': 16, '89.1': 12, '89.2': 22, '97.1': 13, '97.2': 21};1;1;x + 22
459.2;11;{'2.1': 4, '3.1': 0, '3.2': 6, '11.1': 2, '11.2': 0, '17.1': 4, '17.2': 10, '19.1': 10, '19.2': 9, '25.1': 5, '41.1': 3, '41.2': 8, '43.1': 4, '43.2': 1, '49.1': 4, '59.1': 0, '59.2': 4, '67.1': 0, '67.2': 0, '73.1': 9, '73.2': 7, '83.1': 0, '83.2': 4, '89.1': 9, '89.2': 1, '97.1': 0, '97.2': 8};1;1;x + 10
466.1;271;{'2.1': 270, '3.1': 214, '3.2': 39, '11.1': 4, '11.2': 269, '17.1': 189, '17.2': 184, '19.1': 130, '19.2': 192, '25.1': 242, '41.1': 173, '41.2': 123, '43.1': 26, '43.2': 93, '49.1': 57, '59.1': 103, '59.2': 41, '67.1': 0, '67.2': 138, '73.1': 149, '73.2': 111, '83.1': 196, '83.2': 156, '89.1': 153, '89.2': 91, '97.1': 61, '97.2': 53};1;1;x + 270
467.1;3;{'2.1': X1^2 + 2*X1, '3.1': 0, '3.2': 2*X1 + 1, '11.1': X1^2 + 2, '11.2': 0, '17.1': 2*X1^2 + 2*X1 + 2, '17.2': 2*X1^2 + 2*X1 + 1, '19.1': 2*X1 + 1, '19.2': X1^2 + 1, '25.1': 2*X1^2, '41.1': 2, '41.2': X1^2, '43.1': 2*X1 + 1, '43.2': 2*X1^2 + 2*X1 + 2, '49.1': 2*X1 + 2, '59.1': X1^2 + 1, '59.2': X1, '67.1': X1^2 + X1 + 2, '67.2': X1^2 + X1 + 1, '73.1': X1, '73.2': X1^2, '83.1': 2*X1^2 + 2*X1 + 2, '83.2': X1^2 + 2*X1 + 2, '89.1': 2*X1 + 2, '89.2': 2*X1^2 + 2, '97.1': 2*X1^2 + 2*X1 + 2, '97.2': 2*X1^2 + 1};1;1;x^3 + 2*x + 1
467.1;7;{'2.1': 1, '3.1': 5, '3.2': 1, '11.1': 1, '11.2': 2, '17.1': 0, '17.2': 5, '19.1': 5, '19.2': 2, '25.1': 6, '41.1': 2, '41.2': 2, '43.1': 3, '43.2': 4, '49.1': 3, '59.1': 5, '59.2': 0, '67.1': 6, '67.2': 4, '73.1': 4, '73.2': 6, '83.1': 1, '83.2': 0, '89.1': 4, '89.2': 5, '97.1': 0, '97.2': 1};1;1;x + 6
467.1;17;{'2.1': 12, '3.1': 12, '3.2': 2, '11.1': 8, '11.2': 8, '17.1': 13, '17.2': 9, '19.1': 5, '19.2': 15, '25.1': 10, '41.1': 13, '41.2': 16, '43.1': 16, '43.2': 4, '49.1': 14, '59.1': 9, '59.2': 15, '67.1': 13, '67.2': 6, '73.1': 0, '73.2': 0, '83.1': 16, '83.2': 8, '89.1': 5, '89.2': 7, '97.1': 13, '97.2': 1};1;1;x + 16
472.1;7;{'2.1': 0, '3.1': 1, '3.2': 2, '11.1': 3, '11.2': 3, '17.1': 0, '17.2': 6, '19.1': 6, '19.2': 4, '25.1': 5, '41.1': 5, '41.2': 3, '43.1': 1, '43.2': 1, '49.1': 5, '59.1': 1, '59.2': 3, '67.1': 1, '67.2': 4, '73.1': 3, '73.2': 6, '83.1': 4, '83.2': 2, '89.1': 4, '89.2': 3, '97.1': 4, '97.2': 3};1;1;x + 6
472.1;83;{'2.1': 0, '3.1': 77, '3.2': 48, '11.1': 71, '11.2': 52, '17.1': 63, '17.2': 8, '19.1': 20, '19.2': 54, '25.1': 18, '41.1': 61, '41.2': 10, '43.1': 29, '43.2': 81, '49.1': 20, '59.1': 1, '59.2': 0, '67.1': 71, '67.2': 53, '73.1': 79, '73.2': 55, '83.1': 31, '83.2': 34, '89.1': 54, '89.2': 30, '97.1': 59, '97.2': 30};1;1;x + 82
473.1;5;{'2.1': X1 + 1, '3.1': 2*X1 + 4, '3.2': 2*X1 + 3, '11.1': 1, '11.2': 4, '17.1': 4*X1 + 2, '17.2': 3, '19.1': 2*X1 + 4, '19.2': X1 + 2, '25.1': 3*X1, '41.1': 3*X1 + 1, '41.2': X1 + 2, '43.1': 4, '43.2': 2*X1 + 3, '49.1': 3*X1 + 2, '59.1': X1 + 3, '59.2': 4*X1, '67.1': X1, '67.2': X1 + 2, '73.1': 2*X1 + 3, '73.2': 2*X1 + 2, '83.1': X1 + 4, '83.2': 2*X1, '89.1': 2*X1 + 3, '89.2': X1 + 1, '97.1': 4, '97.2': 2*X1 + 3};1;1;x^2 + 4*x + 2
473.1;19;{'2.1': 9, '3.1': 6, '3.2': 11, '11.1': 1, '11.2': 14, '17.1': 13, '17.2': 2, '19.1': 14, '19.2': 4, '25.1': 11, '41.1': 9, '41.2': 7, '43.1': 18, '43.2': 6, '49.1': 2, '59.1': 4, '59.2': 13, '67.1': 0, '67.2': 6, '73.1': 3, '73.2': 12, '83.1': 6, '83.2': 2, '89.1': 1, '89.2': 3, '97.1': 14, '97.2': 12};1;1;x + 18
473.1;739;{'2.1': 16, '3.1': 279, '3.2': 286, '11.1': 738, '11.2': 534, '17.1': 307, '17.2': 451, '19.1': 448, '19.2': 422, '25.1': 720, '41.1': 689, '41.2': 14, '43.1': 1, '43.2': 354, '49.1': 651, '59.1': 195, '59.2': 621, '67.1': 675, '67.2': 738, '73.1': 429, '73.2': 235, '83.1': 418, '83.2': 563, '89.1': 696, '89.2': 634, '97.1': 116, '97.2': 734};1;1;x + 738
473.2;67;{'2.1': 32, '3.1': 36, '3.2': 16, '11.1': 1, '11.2': 15, '17.1': 45, '17.2': 15, '19.1': 59, '19.2': 23, '25.1': 4, '41.1': 19, '41.2': 24, '43.1': 30, '43.2': 66, '49.1': 58, '59.1': 25, '59.2': 8, '67.1': 42, '67.2': 29, '73.1': 40, '73.2': 64, '83.1': 37, '83.2': 7, '89.1': 10, '89.2': 40, '97.1': 63, '97.2': 40};1;1;x + 66
482.1;3;{'2.1': 2, '3.1': 2, '3.2': 2*X1 + 2, '11.1': 2*X1, '11.2': 2*X1 + 2, '17.1': 2*X1, '17.2': X1, '19.1': 1, '19.2': 0, '25.1': 0, '41.1': X1 + 1, '41.2': X1 + 1, '43.1': 0, '43.2': X1 + 2, '49.1': 0, '59.1': 0, '59.2': X1 + 1, '67.1': X1 + 2, '67.2': X1, '73.1': 0, '73.2': 0, '83.1': 2*X1 + 1, '83.2': 0, '89.1': 2*X1 + 2, '89.2': 2*X1 + 1, '97.1': 0, '97.2': 0};1;1;x^2 + 2*x + 2
489.1;3;{'2.1': 2*X1, '3.1': 2, '3.2': 2, '11.1': 2*X1 + 1, '11.2': X1, '17.1': 0, '17.2': X1 + 2, '19.1': 2*X1 + 1, '19.2': X1, '25.1': X1 + 2, '41.1': X1 + 1, '41.2': X1 + 2, '43.1': 2, '43.2': 2, '49.1': 2*X1, '59.1': X1 + 2, '59.2': 2*X1 + 2, '67.1': 2*X1 + 1, '67.2': 1, '73.1': X1, '73.2': X1 + 2, '83.1': X1 + 1, '83.2': 2*X1 + 2, '89.1': X1 + 1, '89.2': X1 + 1, '97.1': 1, '97.2': 0};1;1;x^2 + 2*x + 2
489.1;7;{'2.1': 2, '3.1': 1, '3.2': 6, '11.1': 4, '11.2': 0, '17.1': 3, '17.2': 3, '19.1': 3, '19.2': 0, '25.1': 6, '41.1': 2, '41.2': 5, '43.1': 5, '43.2': 4, '49.1': 3, '59.1': 2, '59.2': 0, '67.1': 3, '67.2': 1, '73.1': 5, '73.2': 4, '83.1': 1, '83.2': 2, '89.1': 2, '89.2': 2, '97.1': 1, '97.2': 5};1;1;x + 6
489.1;59;{'2.1': 9, '3.1': 58, '3.2': 56, '11.1': 27, '11.2': 39, '17.1': 20, '17.2': 25, '19.1': 39, '19.2': 16, '25.1': 0, '41.1': 11, '41.2': 14, '43.1': 5, '43.2': 37, '49.1': 28, '59.1': 27, '59.2': 10, '67.1': 18, '67.2': 7, '73.1': 4, '73.2': 2, '83.1': 53, '83.2': 37, '89.1': 39, '89.2': 9, '97.1': 31, '97.2': 1};1;1;x + 58
489.2;31;{'2.1': 27, '3.1': 1, '3.2': 21, '11.1': 27, '11.2': 9, '17.1': 1, '17.2': 15, '19.1': 4, '19.2': 30, '25.1': 2, '41.1': 27, '41.2': 9, '43.1': 22, '43.2': 29, '49.1': 1, '59.1': 16, '59.2': 23, '67.1': 22, '67.2': 3, '73.1': 10, '73.2': 18, '83.1': 7, '83.2': 23, '89.1': 9, '89.2': 2, '97.1': 23, '97.2': 29};1;1;x + 30
489.2;41;{'2.1': 13, '3.1': 1, '3.2': 6, '11.1': 1, '11.2': 32, '17.1': 13, '17.2': 40, '19.1': 16, '19.2': 9, '25.1': 0, '41.1': 22, '41.2': 38, '43.1': 15, '43.2': 23, '49.1': 2, '59.1': 21, '59.2': 29, '67.1': 13, '67.2': 23, '73.1': 27, '73.2': 2, '83.1': 24, '83.2': 24, '89.1': 28, '89.2': 28, '97.1': 30, '97.2': 35};1;1;x + 40
489.2;229;{'2.1': 3, '3.1': 228, '3.2': 146, '11.1': 50, '11.2': 160, '17.1': 178, '17.2': 0, '19.1': 223, '19.2': 179, '25.1': 11, '41.1': 130, '41.2': 201, '43.1': 20, '43.2': 136, '49.1': 75, '59.1': 122, '59.2': 181, '67.1': 181, '67.2': 170, '73.1': 199, '73.2': 222, '83.1': 34, '83.2': 67, '89.1': 120, '89.2': 181, '97.1': 42, '97.2': 174};1;1;x + 228
491.1;421;{'2.1': 261, '3.1': 280, '3.2': 47, '11.1': 409, '11.2': 140, '17.1': 361, '17.2': 311, '19.1': 406, '19.2': 182, '25.1': 20, '41.1': 51, '41.2': 322, '43.1': 409, '43.2': 244, '49.1': 33, '59.1': 149, '59.2': 122, '67.1': 333, '67.2': 301, '73.1': 53, '73.2': 105, '83.1': 317, '83.2': 381, '89.1': 366, '89.2': 417, '97.1': 228, '97.2': 337};1;1;x + 420
499.1;23;{'2.1': 14, '3.1': 6, '3.2': 8, '11.1': 11, '11.2': 0, '17.1': 4, '17.2': 12, '19.1': 17, '19.2': 8, '25.1': 7, '41.1': 12, '41.2': 14, '43.1': 0, '43.2': 0, '49.1': 18, '59.1': 16, '59.2': 9, '67.1': 7, '67.2': 9, '73.1': 4, '73.2': 5, '83.1': 10, '83.2': 16, '89.1': 22, '89.2': 15, '97.1': 5, '97.2': 15};1;1;x + 22
499.1;43;{'2.1': 30, '3.1': 36, '3.2': 13, '11.1': 11, '11.2': 15, '17.1': 6, '17.2': 33, '19.1': 30, '19.2': 22, '25.1': 33, '41.1': 2, '41.2': 30, '43.1': 32, '43.2': 24, '49.1': 40, '59.1': 41, '59.2': 5, '67.1': 6, '67.2': 39, '73.1': 5, '73.2': 1, '83.1': 37, '83.2': 24, '89.1': 18, '89.2': 42, '97.1': 7, '97.2': 40};1;1;x + 42
499.1;1291;{'2.1': 846, '3.1': 51, '3.2': 626, '11.1': 1079, '11.2': 1186, '17.1': 761, '17.2': 1074, '19.1': 654, '19.2': 677, '25.1': 490, '41.1': 766, '41.2': 132, '43.1': 422, '43.2': 366, '49.1': 301, '59.1': 980, '59.2': 1248, '67.1': 105, '67.2': 1263, '73.1': 938, '73.2': 988, '83.1': 827, '83.2': 117, '89.1': 179, '89.2': 433, '97.1': 572, '97.2': 835};1;1;x + 1290
502.1;2;{'2.1': 1, '3.1': X1^2 + X1, '3.2': X1^2, '11.1': 0, '11.2': X1, '17.1': 1, '17.2': X1, '19.1': X1^2, '19.2': 0, '25.1': 0, '41.1': 0, '41.2': 0, '43.1': 1, '43.2': 0, '49.1': 0, '59.1': X1^2 + X1, '59.2': 0, '67.1': 1, '67.2': X1^2 + X1, '73.1': 0, '73.2': 0, '83.1': 1, '83.2': X1^2, '89.1': X1^2 + X1, '89.2': 1, '97.1': 0, '97.2': X1^2};1;1;x^3 + x + 1
502.1;31;{'2.1': 1, '3.1': 28, '3.2': 22, '11.1': 4, '11.2': 8, '17.1': 17, '17.2': 25, '19.1': 16, '19.2': 16, '25.1': 9, '41.1': 27, '41.2': 28, '43.1': 3, '43.2': 5, '49.1': 25, '59.1': 4, '59.2': 10, '67.1': 28, '67.2': 5, '73.1': 23, '73.2': 12, '83.1': 5, '83.2': 4, '89.1': 27, '89.2': 22, '97.1': 17, '97.2': 12};1;1;x + 30
507.1;7;{'2.1': 5, '3.1': 1, '3.2': 1, '11.1': 6, '11.2': 3, '17.1': 5, '17.2': 3, '19.1': 1, '19.2': 3, '25.1': 3, '41.1': 4, '41.2': 3, '43.1': 5, '43.2': 0, '49.1': 4, '59.1': 1, '59.2': 3, '67.1': 5, '67.2': 2, '73.1': 4, '73.2': 5, '83.1': 6, '83.2': 5, '89.1': 4, '89.2': 0, '97.1': 1, '97.2': 5};1;1;x + 6
507.1;67;{'2.1': 63, '3.1': 66, '3.2': 42, '11.1': 37, '11.2': 5, '17.1': 54, '17.2': 56, '19.1': 33, '19.2': 21, '25.1': 7, '41.1': 13, '41.2': 2, '43.1': 12, '43.2': 6, '49.1': 38, '59.1': 40, '59.2': 62, '67.1': 37, '67.2': 10, '73.1': 38, '73.2': 45, '83.1': 34, '83.2': 10, '89.1': 17, '89.2': 44, '97.1': 0, '97.2': 51};1;1;x + 66
513.1;13;{'2.1': 7, '3.1': 0, '3.2': 10, '11.1': 10, '11.2': 9, '17.1': 3, '17.2': 12, '19.1': 1, '19.2': 4, '25.1': 9, '41.1': 11, '41.2': 4, '43.1': 11, '43.2': 3, '49.1': 7, '59.1': 6, '59.2': 2, '67.1': 11, '67.2': 5, '73.1': 3, '73.2': 8, '83.1': 8, '83.2': 1, '89.1': 6, '89.2': 9, '97.1': 4, '97.2': 2};1;1;x + 12
514.1;13;{'2.1': 12, '3.1': 5, '3.2': 4, '11.1': 3, '11.2': 5, '17.1': 6, '17.2': 11, '19.1': 3, '19.2': 0, '25.1': 8, '41.1': 9, '41.2': 10, '43.1': 5, '43.2': 12, '49.1': 2, '59.1': 7, '59.2': 9, '67.1': 12, '67.2': 5, '73.1': 4, '73.2': 9, '83.1': 12, '83.2': 10, '89.1': 6, '89.2': 10, '97.1': 1, '97.2': 8};1;1;x + 12
521.1;7;{'2.1': 2, '3.1': 6, '3.2': 0, '11.1': 2, '11.2': 1, '17.1': 0, '17.2': 3, '19.1': 4, '19.2': 2, '25.1': 6, '41.1': 6, '41.2': 4, '43.1': 2, '43.2': 3, '49.1': 4, '59.1': 2, '59.2': 1, '67.1': 5, '67.2': 5, '73.1': 4, '73.2': 4, '83.1': 0, '83.2': 5, '89.1': 6, '89.2': 5, '97.1': 4, '97.2': 1};1;1;x + 6
521.1;2213;{'2.1': 547, '3.1': 1016, '3.2': 2117, '11.1': 525, '11.2': 330, '17.1': 276, '17.2': 1010, '19.1': 1931, '19.2': 1329, '25.1': 2139, '41.1': 159, '41.2': 1615, '43.1': 2040, '43.2': 1886, '49.1': 574, '59.1': 983, '59.2': 1515, '67.1': 1331, '67.2': 1241, '73.1': 1795, '73.2': 2130, '83.1': 2113, '83.2': 877, '89.1': 1925, '89.2': 1427, '97.1': 1065, '97.2': 1962};1;1;x + 2212
523.1;2;{'2.1': X1, '3.1': X1 + 1, '3.2': X1 + 1, '11.1': 1, '11.2': 1, '17.1': X1, '17.2': X1 + 1, '19.1': 1, '19.2': 1, '25.1': X1, '41.1': X1, '41.2': 1, '43.1': 1, '43.2': 0, '49.1': X1 + 1, '59.1': X1 + 1, '59.2': 1, '67.1': 1, '67.2': 0, '73.1': 0, '73.2': 1, '83.1': 0, '83.2': X1 + 1, '89.1': 1, '89.2': 0, '97.1': 1, '97.2': 1};1;1;x^2 + x + 1
523.1;17;{'2.1': 11, '3.1': 9, '3.2': 16, '11.1': 16, '11.2': 1, '17.1': 16, '17.2': 5, '19.1': 0, '19.2': 13, '25.1': 3, '41.1': 10, '41.2': 13, '43.1': 8, '43.2': 4, '49.1': 0, '59.1': 10, '59.2': 6, '67.1': 5, '67.2': 7, '73.1': 5, '73.2': 1, '83.1': 13, '83.2': 14, '89.1': 4, '89.2': 0, '97.1': 14, '97.2': 4};1;1;x + 16
523.1;31;{'2.1': 2, '3.1': 21, '3.2': 14, '11.1': 18, '11.2': 2, '17.1': 19, '17.2': 17, '19.1': 21, '19.2': 24, '25.1': 21, '41.1': 23, '41.2': 17, '43.1': 30, '43.2': 9, '49.1': 7, '59.1': 15, '59.2': 27, '67.1': 10, '67.2': 10, '73.1': 11, '73.2': 30, '83.1': 7, '83.2': 6, '89.1': 1, '89.2': 19, '97.1': 17, '97.2': 17};1;1;x + 30
524.1;31;{'2.1': 0, '3.1': 26, '3.2': 17, '11.1': 4, '11.2': 25, '17.1': 25, '17.2': 23, '19.1': 25, '19.2': 19, '25.1': 25, '41.1': 24, '41.2': 21, '43.1': 1, '43.2': 3, '49.1': 12, '59.1': 10, '59.2': 1, '67.1': 13, '67.2': 20, '73.1': 20, '73.2': 28, '83.1': 9, '83.2': 0, '89.1': 22, '89.2': 30, '97.1': 21, '97.2': 26};1;1;x + 30
531.1;31;{'2.1': 4, '3.1': 0, '3.2': 11, '11.1': 24, '11.2': 17, '17.1': 4, '17.2': 4, '19.1': 3, '19.2': 29, '25.1': 1, '41.1': 9, '41.2': 14, '43.1': 16, '43.2': 3, '49.1': 5, '59.1': 1, '59.2': 22, '67.1': 22, '67.2': 8, '73.1': 26, '73.2': 19, '83.1': 11, '83.2': 4, '89.1': 1, '89.2': 10, '97.1': 18, '97.2': 6};1;1;x + 30
536.1;139;{'2.1': 0, '3.1': 14, '3.2': 26, '11.1': 45, '11.2': 41, '17.1': 38, '17.2': 51, '19.1': 81, '19.2': 90, '25.1': 125, '41.1': 98, '41.2': 41, '43.1': 120, '43.2': 90, '49.1': 4, '59.1': 3, '59.2': 61, '67.1': 1, '67.2': 37, '73.1': 29, '73.2': 87, '83.1': 81, '83.2': 70, '89.1': 14, '89.2': 123, '97.1': 104, '97.2': 58};1;1;x + 138
537.1;769;{'2.1': 219, '3.1': 768, '3.2': 754, '11.1': 512, '11.2': 186, '17.1': 163, '17.2': 196, '19.1': 374, '19.2': 50, '25.1': 79, '41.1': 306, '41.2': 532, '43.1': 476, '43.2': 125, '49.1': 547, '59.1': 684, '59.2': 512, '67.1': 254, '67.2': 297, '73.1': 646, '73.2': 279, '83.1': 60, '83.2': 245, '89.1': 754, '89.2': 677, '97.1': 547, '97.2': 418};1;1;x + 768
537.2;7;{'2.1': 6, '3.1': 6, '3.2': 2, '11.1': 2, '11.2': 2, '17.1': 4, '17.2': 6, '19.1': 3, '19.2': 3, '25.1': 3, '41.1': 0, '41.2': 6, '43.1': 4, '43.2': 1, '49.1': 3, '59.1': 0, '59.2': 5, '67.1': 5, '67.2': 5, '73.1': 6, '73.2': 5, '83.1': 5, '83.2': 3, '89.1': 5, '89.2': 3, '97.1': 0, '97.2': 6};1;1;x + 6
537.2;13;{'2.1': 6, '3.1': 12, '3.2': 0, '11.1': 7, '11.2': 10, '17.1': 10, '17.2': 10, '19.1': 7, '19.2': 6, '25.1': 10, '41.1': 6, '41.2': 8, '43.1': 2, '43.2': 2, '49.1': 12, '59.1': 10, '59.2': 5, '67.1': 11, '67.2': 2, '73.1': 3, '73.2': 2, '83.1': 8, '83.2': 12, '89.1': 11, '89.2': 8, '97.1': 6, '97.2': 9};1;1;x + 12
537.2;107;{'2.1': 24, '3.1': 1, '3.2': 31, '11.1': 30, '11.2': 70, '17.1': 29, '17.2': 99, '19.1': 67, '19.2': 0, '25.1': 96, '41.1': 30, '41.2': 82, '43.1': 102, '43.2': 20, '49.1': 38, '59.1': 54, '59.2': 31, '67.1': 78, '67.2': 7, '73.1': 91, '73.2': 37, '83.1': 23, '83.2': 50, '89.1': 38, '89.2': 61, '97.1': 22, '97.2': 21};1;1;x + 106
539.1;79;{'2.1': 54, '3.1': 13, '3.2': 45, '11.1': 78, '11.2': 10, '17.1': 54, '17.2': 35, '19.1': 21, '19.2': 37, '25.1': 39, '41.1': 4, '41.2': 41, '43.1': 30, '43.2': 38, '49.1': 1, '59.1': 41, '59.2': 36, '67.1': 72, '67.2': 60, '73.1': 37, '73.2': 47, '83.1': 1, '83.2': 17, '89.1': 78, '89.2': 6, '97.1': 46, '97.2': 56};1;1;x + 78
547.1;1376237;{'2.1': 591307, '3.1': 1159033, '3.2': 68481, '11.1': 971780, '11.2': 1138445, '17.1': 391782, '17.2': 966967, '19.1': 1288511, '19.2': 266039, '25.1': 709684, '41.1': 391996, '41.2': 784661, '43.1': 3332, '43.2': 478771, '49.1': 149171, '59.1': 669570, '59.2': 534331, '67.1': 1167370, '67.2': 1003374, '73.1': 1257732, '73.2': 706339, '83.1': 244854, '83.2': 614823, '89.1': 648178, '89.2': 607864, '97.1': 216522, '97.2': 35254};1;1;x + 1376236
550.1;73;{'2.1': 1, '3.1': 34, '3.2': 32, '11.1': 1, '11.2': 41, '17.1': 42, '17.2': 11, '19.1': 41, '19.2': 26, '25.1': 1, '41.1': 24, '41.2': 46, '43.1': 55, '43.2': 24, '49.1': 4, '59.1': 23, '59.2': 54, '67.1': 11, '67.2': 52, '73.1': 60, '73.2': 50, '83.1': 20, '83.2': 45, '89.1': 26, '89.2': 41, '97.1': 7, '97.2': 66};1;1;x + 72
556.1;907;{'2.1': 0, '3.1': 481, '3.2': 537, '11.1': 808, '11.2': 105, '17.1': 187, '17.2': 285, '19.1': 755, '19.2': 352, '25.1': 590, '41.1': 797, '41.2': 505, '43.1': 747, '43.2': 76, '49.1': 502, '59.1': 654, '59.2': 787, '67.1': 540, '67.2': 111, '73.1': 619, '73.2': 369, '83.1': 740, '83.2': 726, '89.1': 88, '89.2': 548, '97.1': 776, '97.2': 61};1;1;x + 906
561.1;3;{'2.1': X1, '3.1': 1, '3.2': 2*X1 + 2, '11.1': 2, '11.2': 1, '17.1': 2, '17.2': X1 + 1, '19.1': 2, '19.2': 0, '25.1': X1 + 1, '41.1': 2, '41.2': 2*X1 + 2, '43.1': 2*X1 + 2, '43.2': X1 + 1, '49.1': 2, '59.1': 1, '59.2': 1, '67.1': 2*X1 + 2, '67.2': 2, '73.1': 2*X1, '73.2': X1 + 1, '83.1': 0, '83.2': 2*X1 + 2, '89.1': X1 + 2, '89.2': 2*X1, '97.1': 1, '97.2': 2*X1 + 1};1;1;x^2 + 2*x + 2
561.1;29;{'2.1': 7, '3.1': 1, '3.2': 17, '11.1': 1, '11.2': 25, '17.1': 1, '17.2': 6, '19.1': 18, '19.2': 22, '25.1': 25, '41.1': 20, '41.2': 10, '43.1': 20, '43.2': 2, '49.1': 13, '59.1': 1, '59.2': 22, '67.1': 1, '67.2': 26, '73.1': 11, '73.2': 11, '83.1': 25, '83.2': 7, '89.1': 13, '89.2': 9, '97.1': 0, '97.2': 17};1;1;x + 28
561.2;11;{'2.1': 7, '3.1': 1, '3.2': 6, '11.1': 10, '11.2': 0, '17.1': 8, '17.2': 10, '19.1': 0, '19.2': 9, '25.1': 8, '41.1': 9, '41.2': 6, '43.1': 0, '43.2': 1, '49.1': 9, '59.1': 1, '59.2': 7, '67.1': 5, '67.2': 1, '73.1': 7, '73.2': 3, '83.1': 4, '83.2': 8, '89.1': 1, '89.2': 5, '97.1': 5, '97.2': 0};1;1;x + 10
561.2;23;{'2.1': 10, '3.1': 22, '3.2': 18, '11.1': 1, '11.2': 9, '17.1': 9, '17.2': 22, '19.1': 14, '19.2': 21, '25.1': 3, '41.1': 10, '41.2': 19, '43.1': 11, '43.2': 11, '49.1': 4, '59.1': 4, '59.2': 2, '67.1': 3, '67.2': 16, '73.1': 13, '73.2': 13, '83.1': 8, '83.2': 17, '89.1': 17, '89.2': 7, '97.1': 8, '97.2': 2};1;1;x + 22
563.1;19;{'2.1': 14, '3.1': 5, '3.2': 5, '11.1': 8, '11.2': 0, '17.1': 6, '17.2': 7, '19.1': 5, '19.2': 7, '25.1': 14, '41.1': 0, '41.2': 3, '43.1': 9, '43.2': 11, '49.1': 8, '59.1': 10, '59.2': 14, '67.1': 14, '67.2': 1, '73.1': 1, '73.2': 12, '83.1': 8, '83.2': 2, '89.1': 18, '89.2': 8, '97.1': 12, '97.2': 4};1;1;x + 18
563.1;5507;{'2.1': 2996, '3.1': 1411, '3.2': 756, '11.1': 3135, '11.2': 1720, '17.1': 2676, '17.2': 3490, '19.1': 2368, '19.2': 3021, '25.1': 4375, '41.1': 4615, '41.2': 209, '43.1': 5254, '43.2': 105, '49.1': 4231, '59.1': 26, '59.2': 1661, '67.1': 3397, '67.2': 939, '73.1': 195, '73.2': 3625, '83.1': 3027, '83.2': 589, '89.1': 5185, '89.2': 990, '97.1': 1841, '97.2': 3916};1;1;x + 5506
566.1;17;{'2.1': 1, '3.1': 15, '3.2': 3, '11.1': 10, '11.2': 6, '17.1': 7, '17.2': 12, '19.1': 12, '19.2': 6, '25.1': 4, '41.1': 8, '41.2': 8, '43.1': 7, '43.2': 6, '49.1': 5, '59.1': 0, '59.2': 14, '67.1': 8, '67.2': 16, '73.1': 7, '73.2': 16, '83.1': 4, '83.2': 4, '89.1': 10, '89.2': 11, '97.1': 2, '97.2': 15};1;1;x + 16
569.1;25169;{'2.1': 15065, '3.1': 23156, '3.2': 323, '11.1': 24512, '11.2': 933, '17.1': 20530, '17.2': 17804, '19.1': 12410, '19.2': 7235, '25.1': 13205, '41.1': 18607, '41.2': 7144, '43.1': 11025, '43.2': 22100, '49.1': 2144, '59.1': 7101, '59.2': 15886, '67.1': 20833, '67.2': 4488, '73.1': 4608, '73.2': 4589, '83.1': 6495, '83.2': 10439, '89.1': 3805, '89.2': 11265, '97.1': 632, '97.2': 14511};1;1;x + 25168
571.1;19;{'2.1': 3, '3.1': 14, '3.2': 5, '11.1': 6, '11.2': 16, '17.1': 5, '17.2': 15, '19.1': 6, '19.2': 16, '25.1': 15, '41.1': 1, '41.2': 2, '43.1': 4, '43.2': 7, '49.1': 3, '59.1': 10, '59.2': 16, '67.1': 17, '67.2': 8, '73.1': 12, '73.2': 8, '83.1': 3, '83.2': 8, '89.1': 12, '89.2': 9, '97.1': 13, '97.2': 5};1;1;x + 18
571.1;15889;{'2.1': 8739, '3.1': 14768, '3.2': 12699, '11.1': 14037, '11.2': 9897, '17.1': 1389, '17.2': 14199, '19.1': 4213, '19.2': 4305, '25.1': 5968, '41.1': 13086, '41.2': 6442, '43.1': 919, '43.2': 10073, '49.1': 8000, '59.1': 59, '59.2': 2927, '67.1': 5225, '67.2': 9470, '73.1': 8503, '73.2': 4077, '83.1': 6819, '83.2': 14194, '89.1': 8841, '89.2': 11264, '97.1': 12626, '97.2': 3678};1;1;x + 15888
577.1;283;{'2.1': 234, '3.1': 132, '3.2': 281, '11.1': 200, '11.2': 221, '17.1': 261, '17.2': 74, '19.1': 245, '19.2': 94, '25.1': 169, '41.1': 158, '41.2': 91, '43.1': 33, '43.2': 160, '49.1': 189, '59.1': 257, '59.2': 105, '67.1': 89, '67.2': 233, '73.1': 49, '73.2': 221, '83.1': 160, '83.2': 63, '89.1': 127, '89.2': 211, '97.1': 108, '97.2': 143};1;1;x + 282
577.1;821;{'2.1': 386, '3.1': 109, '3.2': 724, '11.1': 99, '11.2': 449, '17.1': 817, '17.2': 11, '19.1': 493, '19.2': 360, '25.1': 811, '41.1': 679, '41.2': 116, '43.1': 685, '43.2': 3, '49.1': 601, '59.1': 191, '59.2': 207, '67.1': 474, '67.2': 116, '73.1': 731, '73.2': 113, '83.1': 376, '83.2': 42, '89.1': 182, '89.2': 103, '97.1': 590, '97.2': 474};1;1;x + 820
579.1;7;{'2.1': 1, '3.1': 1, '3.2': 3, '11.1': 3, '11.2': 3, '17.1': 1, '17.2': 1, '19.1': 1, '19.2': 5, '25.1': 5, '41.1': 5, '41.2': 2, '43.1': 5, '43.2': 1, '49.1': 1, '59.1': 0, '59.2': 0, '67.1': 3, '67.2': 0, '73.1': 0, '73.2': 1, '83.1': 0, '83.2': 3, '89.1': 1, '89.2': 0, '97.1': 2, '97.2': 5};1;1;x + 6
579.1;61;{'2.1': 13, '3.1': 60, '3.2': 6, '11.1': 33, '11.2': 43, '17.1': 27, '17.2': 2, '19.1': 7, '19.2': 42, '25.1': 49, '41.1': 52, '41.2': 18, '43.1': 60, '43.2': 27, '49.1': 27, '59.1': 30, '59.2': 15, '67.1': 3, '67.2': 19, '73.1': 55, '73.2': 5, '83.1': 22, '83.2': 12, '89.1': 29, '89.2': 38, '97.1': 3, '97.2': 56};1;1;x + 60
579.2;67;{'2.1': 24, '3.1': 66, '3.2': 4, '11.1': 17, '11.2': 58, '17.1': 15, '17.2': 34, '19.1': 33, '19.2': 29, '25.1': 65, '41.1': 17, '41.2': 25, '43.1': 9, '43.2': 33, '49.1': 58, '59.1': 18, '59.2': 10, '67.1': 24, '67.2': 39, '73.1': 4, '73.2': 21, '83.1': 14, '83.2': 8, '89.1': 28, '89.2': 24, '97.1': 65, '97.2': 12};1;1;x + 66
582.1;13;{'2.1': 1, '3.1': 1, '3.2': 6, '11.1': 11, '11.2': 12, '17.1': 4, '17.2': 11, '19.1': 8, '19.2': 0, '25.1': 10, '41.1': 0, '41.2': 0, '43.1': 8, '43.2': 7, '49.1': 7, '59.1': 11, '59.2': 0, '67.1': 1, '67.2': 3, '73.1': 10, '73.2': 4, '83.1': 3, '83.2': 12, '89.1': 5, '89.2': 11, '97.1': 1, '97.2': 7};1;1;x + 12
582.2;23;{'2.1': 1, '3.1': 22, '3.2': 7, '11.1': 9, '11.2': 13, '17.1': 21, '17.2': 6, '19.1': 0, '19.2': 18, '25.1': 3, '41.1': 15, '41.2': 20, '43.1': 8, '43.2': 3, '49.1': 5, '59.1': 13, '59.2': 3, '67.1': 17, '67.2': 21, '73.1': 7, '73.2': 2, '83.1': 9, '83.2': 20, '89.1': 6, '89.2': 1, '97.1': 7, '97.2': 22};1;1;x + 22
587.1;149;{'2.1': 23, '3.1': 55, '3.2': 19, '11.1': 50, '11.2': 20, '17.1': 14, '17.2': 93, '19.1': 79, '19.2': 14, '25.1': 92, '41.1': 15, '41.2': 65, '43.1': 88, '43.2': 136, '49.1': 32, '59.1': 140, '59.2': 120, '67.1': 75, '67.2': 14, '73.1': 25, '73.2': 84, '83.1': 110, '83.2': 40, '89.1': 89, '89.2': 91, '97.1': 28, '97.2': 45};1;1;x + 148
593.1;2;{'2.1': X1^3 + X1^2, '3.1': 0, '3.2': X1^2 + X1, '11.1': X1^2 + X1 + 1, '11.2': 0, '17.1': X1^2 + X1, '17.2': X1^2 + X1 + 1, '19.1': 0, '19.2': 0, '25.1': 0, '41.1': 0, '41.2': X1^2 + X1, '43.1': X1^2 + X1 + 1, '43.2': 0, '49.1': 0, '59.1': 0, '59.2': 0, '67.1': 0, '67.2': 0, '73.1': X1^2 + X1 + 1, '73.2': X1^2 + X1, '83.1': X1^2 + X1, '83.2': 0, '89.1': X1^2 + X1 + 1, '89.2': 0, '97.1': 0, '97.2': 0};1;1;x^4 + x + 1
593.1;2;{'2.1': 0, '3.1': 0, '3.2': X1, '11.1': X1 + 1, '11.2': 0, '17.1': X1, '17.2': X1 + 1, '19.1': 0, '19.2': 0, '25.1': 0, '41.1': 0, '41.2': X1, '43.1': X1 + 1, '43.2': 0, '49.1': 0, '59.1': 0, '59.2': 0, '67.1': 0, '67.2': 0, '73.1': X1 + 1, '73.2': X1, '83.1': X1, '83.2': 0, '89.1': X1 + 1, '89.2': 0, '97.1': 0, '97.2': 0};1;2;x^2 + x + 1
593.1;17;{'2.1': 1, '3.1': 5, '3.2': 3, '11.1': 5, '11.2': 16, '17.1': 4, '17.2': 13, '19.1': 0, '19.2': 1, '25.1': 12, '41.1': 14, '41.2': 14, '43.1': 11, '43.2': 15, '49.1': 16, '59.1': 5, '59.2': 12, '67.1': 2, '67.2': 7, '73.1': 8, '73.2': 4, '83.1': 0, '83.2': 6, '89.1': 12, '89.2': 10, '97.1': 7, '97.2': 6};1;1;x + 16
600.1;11;{'2.1': 0, '3.1': 1, '3.2': 10, '11.1': 5, '11.2': 1, '17.1': 0, '17.2': 6, '19.1': 1, '19.2': 3, '25.1': 10, '41.1': 6, '41.2': 8, '43.1': 1, '43.2': 6, '49.1': 10, '59.1': 4, '59.2': 5, '67.1': 1, '67.2': 8, '73.1': 9, '73.2': 10, '83.1': 6, '83.2': 9, '89.1': 3, '89.2': 1, '97.1': 1, '97.2': 6};1;1;x + 10
601.1;11964811;{'2.1': 10298945, '3.1': 10169535, '3.2': 9397776, '11.1': 10612665, '11.2': 9812988, '17.1': 10507370, '17.2': 494439, '19.1': 4941366, '19.2': 6014991, '25.1': 4941341, '41.1': 8262519, '41.2': 4524659, '43.1': 9826078, '43.2': 2989735, '49.1': 11938293, '59.1': 10076168, '59.2': 4887006, '67.1': 6186143, '67.2': 2673398, '73.1': 7344332, '73.2': 10808423, '83.1': 2867788, '83.2': 10512805, '89.1': 3947591, '89.2': 4917546, '97.1': 421527, '97.2': 8529092};1;1;x + 11964810
603.2;11;{'2.1': 6, '3.1': 0, '3.2': 9, '11.1': 8, '11.2': 1, '17.1': 0, '17.2': 2, '19.1': 1, '19.2': 7, '25.1': 0, '41.1': 6, '41.2': 3, '43.1': 5, '43.2': 4, '49.1': 7, '59.1': 10, '59.2': 0, '67.1': 4, '67.2': 10, '73.1': 10, '73.2': 9, '83.1': 3, '83.2': 6, '89.1': 2, '89.2': 3, '97.1': 4, '97.2': 9};1;1;x + 10
614.1;7;{'2.1': 6, '3.1': 6, '3.2': 1, '11.1': 6, '11.2': 1, '17.1': 5, '17.2': 3, '19.1': 4, '19.2': 1, '25.1': 5, '41.1': 4, '41.2': 2, '43.1': 2, '43.2': 0, '49.1': 6, '59.1': 4, '59.2': 4, '67.1': 4, '67.2': 4, '73.1': 3, '73.2': 1, '83.1': 4, '83.2': 2, '89.1': 5, '89.2': 6, '97.1': 3, '97.2': 4};1;1;x + 6
614.1;7;{'2.1': 6, '3.1': 3, '3.2': 6, '11.1': 1, '11.2': 1, '17.1': 2, '17.2': 0, '19.1': 0, '19.2': 0, '25.1': 4, '41.1': 1, '41.2': 2, '43.1': 4, '43.2': 6, '49.1': 4, '59.1': 0, '59.2': 4, '67.1': 1, '67.2': 4, '73.1': 0, '73.2': 2, '83.1': 2, '83.2': 4, '89.1': 6, '89.2': 3, '97.1': 6, '97.2': 6};1;1;x + 6
614.1;11;{'2.1': 1, '3.1': 5, '3.2': 2, '11.1': 9, '11.2': 4, '17.1': 4, '17.2': 6, '19.1': 10, '19.2': 2, '25.1': 0, '41.1': 6, '41.2': 7, '43.1': 5, '43.2': 3, '49.1': 4, '59.1': 9, '59.2': 8, '67.1': 10, '67.2': 6, '73.1': 4, '73.2': 1, '83.1': 2, '83.2': 8, '89.1': 8, '89.2': 10, '97.1': 4, '97.2': 5};1;1;x + 10
617.1;7;{'2.1': 1, '3.1': 1, '3.2': 6, '11.1': 3, '11.2': 3, '17.1': 1, '17.2': 2, '19.1': 0, '19.2': 4, '25.1': 1, '41.1': 6, '41.2': 2, '43.1': 5, '43.2': 6, '49.1': 6, '59.1': 1, '59.2': 5, '67.1': 5, '67.2': 4, '73.1': 2, '73.2': 0, '83.1': 0, '83.2': 5, '89.1': 0, '89.2': 1, '97.1': 0, '97.2': 6};1;1;x + 6
617.1;11;{'2.1': 10, '3.1': 10, '3.2': 5, '11.1': 9, '11.2': 1, '17.1': 6, '17.2': 1, '19.1': 7, '19.2': 7, '25.1': 1, '41.1': 8, '41.2': 5, '43.1': 2, '43.2': 10, '49.1': 4, '59.1': 0, '59.2': 2, '67.1': 2, '67.2': 7, '73.1': 2, '73.2': 8, '83.1': 7, '83.2': 0, '89.1': 3, '89.2': 9, '97.1': 1, '97.2': 1};1;1;x + 10
617.1;59;{'2.1': 30, '3.1': 21, '3.2': 12, '11.1': 29, '11.2': 56, '17.1': 14, '17.2': 0, '19.1': 18, '19.2': 40, '25.1': 36, '41.1': 54, '41.2': 27, '43.1': 40, '43.2': 32, '49.1': 46, '59.1': 27, '59.2': 1, '67.1': 24, '67.2': 39, '73.1': 45, '73.2': 6, '83.1': 27, '83.2': 49, '89.1': 13, '89.2': 24, '97.1': 44, '97.2': 52};1;1;x + 58
617.1;103;{'2.1': 62, '3.1': 70, '3.2': 97, '11.1': 17, '11.2': 36, '17.1': 26, '17.2': 55, '19.1': 11, '19.2': 70, '25.1': 54, '41.1': 48, '41.2': 14, '43.1': 28, '43.2': 2, '49.1': 65, '59.1': 90, '59.2': 21, '67.1': 22, '67.2': 85, '73.1': 33, '73.2': 35, '83.1': 100, '83.2': 4, '89.1': 20, '89.2': 27, '97.1': 53, '97.2': 65};1;1;x + 102
619.1;4951;{'2.1': 3961, '3.1': 4412, '3.2': 322, '11.1': 447, '11.2': 4030, '17.1': 4000, '17.2': 470, '19.1': 3743, '19.2': 2619, '25.1': 3851, '41.1': 2649, '41.2': 920, '43.1': 4897, '43.2': 1397, '49.1': 2294, '59.1': 4538, '59.2': 3472, '67.1': 2018, '67.2': 204, '73.1': 3012, '73.2': 625, '83.1': 4775, '83.2': 3972, '89.1': 2613, '89.2': 55, '97.1': 3199, '97.2': 4488};1;1;x + 4950
627.1;53;{'2.1': 20, '3.1': 1, '3.2': 12, '11.1': 52, '11.2': 26, '17.1': 6, '17.2': 38, '19.1': 52, '19.2': 3, '25.1': 17, '41.1': 44, '41.2': 33, '43.1': 51, '43.2': 15, '49.1': 33, '59.1': 32, '59.2': 31, '67.1': 25, '67.2': 11, '73.1': 3, '73.2': 13, '83.1': 11, '83.2': 3, '89.1': 25, '89.2': 40, '97.1': 3, '97.2': 37};1;1;x + 52
627.2;19;{'2.1': 8, '3.1': 1, '3.2': 13, '11.1': 1, '11.2': 4, '17.1': 3, '17.2': 16, '19.1': 6, '19.2': 1, '25.1': 0, '41.1': 14, '41.2': 17, '43.1': 8, '43.2': 2, '49.1': 15, '59.1': 14, '59.2': 9, '67.1': 5, '67.2': 17, '73.1': 1, '73.2': 9, '83.1': 1, '83.2': 5, '89.1': 18, '89.2': 3, '97.1': 11, '97.2': 9};1;1;x + 18
627.3;23;{'2.1': 14, '3.1': 22, '3.2': 5, '11.1': 6, '11.2': 22, '17.1': 2, '17.2': 7, '19.1': 22, '19.2': 9, '25.1': 6, '41.1': 4, '41.2': 3, '43.1': 2, '43.2': 20, '49.1': 2, '59.1': 5, '59.2': 20, '67.1': 6, '67.2': 11, '73.1': 12, '73.2': 3, '83.1': 14, '83.2': 8, '89.1': 16, '89.2': 4, '97.1': 18, '97.2': 21};1;1;x + 22
627.4;13;{'2.1': 5, '3.1': 12, '3.2': 10, '11.1': 4, '11.2': 1, '17.1': 4, '17.2': 9, '19.1': 4, '19.2': 1, '25.1': 11, '41.1': 6, '41.2': 0, '43.1': 2, '43.2': 3, '49.1': 12, '59.1': 7, '59.2': 3, '67.1': 0, '67.2': 0, '73.1': 2, '73.2': 9, '83.1': 0, '83.2': 9, '89.1': 1, '89.2': 3, '97.1': 10, '97.2': 2};1;1;x + 12
633.1;1759;{'2.1': 234, '3.1': 1758, '3.2': 788, '11.1': 150, '11.2': 328, '17.1': 298, '17.2': 895, '19.1': 1274, '19.2': 90, '25.1': 872, '41.1': 1528, '41.2': 414, '43.1': 175, '43.2': 195, '49.1': 1121, '59.1': 1733, '59.2': 136, '67.1': 87, '67.2': 681, '73.1': 531, '73.2': 224, '83.1': 991, '83.2': 44, '89.1': 557, '89.2': 708, '97.1': 993, '97.2': 253};1;1;x + 1758
633.2;73;{'2.1': 36, '3.1': 1, '3.2': 23, '11.1': 22, '11.2': 70, '17.1': 64, '17.2': 71, '19.1': 41, '19.2': 67, '25.1': 43, '41.1': 55, '41.2': 54, '43.1': 27, '43.2': 34, '49.1': 59, '59.1': 70, '59.2': 10, '67.1': 16, '67.2': 71, '73.1': 64, '73.2': 36, '83.1': 39, '83.2': 40, '89.1': 26, '89.2': 48, '97.1': 7, '97.2': 67};1;1;x + 72
633.2;3691;{'2.1': 460, '3.1': 3690, '3.2': 1547, '11.1': 1724, '11.2': 1035, '17.1': 1762, '17.2': 556, '19.1': 2802, '19.2': 1035, '25.1': 2221, '41.1': 1515, '41.2': 3104, '43.1': 3475, '43.2': 173, '49.1': 3504, '59.1': 1393, '59.2': 1028, '67.1': 3357, '67.2': 1982, '73.1': 369, '73.2': 1709, '83.1': 1259, '83.2': 2945, '89.1': 3532, '89.2': 3436, '97.1': 1506, '97.2': 3590};1;1;x + 3690
641.1;23;{'2.1': 9, '3.1': 19, '3.2': 12, '11.1': 22, '11.2': 11, '17.1': 8, '17.2': 13, '19.1': 9, '19.2': 18, '25.1': 4, '41.1': 14, '41.2': 18, '43.1': 0, '43.2': 1, '49.1': 11, '59.1': 22, '59.2': 8, '67.1': 4, '67.2': 14, '73.1': 6, '73.2': 17, '83.1': 13, '83.2': 15, '89.1': 12, '89.2': 13, '97.1': 13, '97.2': 7};1;1;x + 22
641.1;76081;{'2.1': 20429, '3.1': 28741, '3.2': 42475, '11.1': 66971, '11.2': 71002, '17.1': 52383, '17.2': 64224, '19.1': 49923, '19.2': 67046, '25.1': 40447, '41.1': 6043, '41.2': 36340, '43.1': 6230, '43.2': 23494, '49.1': 22834, '59.1': 67380, '59.2': 30114, '67.1': 23898, '67.2': 283, '73.1': 9663, '73.2': 17008, '83.1': 43576, '83.2': 73024, '89.1': 59007, '89.2': 37504, '97.1': 42975, '97.2': 52556};1;1;x + 76080
642.1;3;{'2.1': 1, '3.1': 1, '3.2': 2*X1, '11.1': 1, '11.2': 2, '17.1': 2*X1 + 2, '17.2': X1 + 2, '19.1': X1 + 1, '19.2': 1, '25.1': 2, '41.1': 2*X1, '41.2': X1, '43.1': 2*X1 + 1, '43.2': 2*X1 + 2, '49.1': 2*X1 + 2, '59.1': X1, '59.2': X1, '67.1': 1, '67.2': 2, '73.1': 0, '73.2': 2*X1 + 2, '83.1': 2, '83.2': X1 + 1, '89.1': 2*X1 + 2, '89.2': 1, '97.1': 2, '97.2': X1 + 1};1;1;x^2 + 2*x + 2
642.2;2;{'2.1': 1, '3.1': 1, '3.2': X1, '11.1': X1, '11.2': X1 + 1, '17.1': X1, '17.2': X1 + 1, '19.1': X1 + 1, '19.2': 0, '25.1': 0, '41.1': 0, '41.2': X1 + 1, '43.1': 0, '43.2': 0, '49.1': 0, '59.1': 0, '59.2': X1, '67.1': 0, '67.2': 0, '73.1': X1 + 1, '73.2': 0, '83.1': X1 + 1, '83.2': X1, '89.1': X1, '89.2': 0, '97.1': 0, '97.2': 0};1;2;x^2 + x + 1
643.1;3;{'2.1': 2*X1 + 2, '3.1': 2*X1, '3.2': X1, '11.1': X1 + 1, '11.2': 1, '17.1': 2, '17.2': X1 + 2, '19.1': 2, '19.2': 2, '25.1': X1 + 1, '41.1': 1, '41.2': X1 + 1, '43.1': X1 + 2, '43.2': X1 + 1, '49.1': 2, '59.1': 2*X1, '59.2': X1 + 2, '67.1': 2, '67.2': X1 + 1, '73.1': X1 + 1, '73.2': 2*X1, '83.1': 2, '83.2': X1 + 1, '89.1': 2*X1 + 1, '89.2': 2*X1 + 1, '97.1': X1, '97.2': 0};1;1;x^2 + 2*x + 2
643.1;163;{'2.1': 108, '3.1': 95, '3.2': 22, '11.1': 124, '11.2': 34, '17.1': 104, '17.2': 115, '19.1': 16, '19.2': 43, '25.1': 90, '41.1': 109, '41.2': 23, '43.1': 53, '43.2': 76, '49.1': 91, '59.1': 114, '59.2': 56, '67.1': 122, '67.2': 50, '73.1': 131, '73.2': 105, '83.1': 8, '83.2': 55, '89.1': 155, '89.2': 24, '97.1': 94, '97.2': 6};1;1;x + 162
643.1;5821;{'2.1': 3099, '3.1': 4262, '3.2': 4507, '11.1': 480, '11.2': 598, '17.1': 4522, '17.2': 2812, '19.1': 2805, '19.2': 410, '25.1': 1373, '41.1': 4787, '41.2': 5346, '43.1': 76, '43.2': 3755, '49.1': 2114, '59.1': 3110, '59.2': 2476, '67.1': 5476, '67.2': 5475, '73.1': 826, '73.2': 5559, '83.1': 4695, '83.2': 2194, '89.1': 3534, '89.2': 5152, '97.1': 3306, '97.2': 1711};1;1;x + 5820
646.1;29;{'2.1': 1, '3.1': 10, '3.2': 24, '11.1': 14, '11.2': 19, '17.1': 1, '17.2': 7, '19.1': 1, '19.2': 21, '25.1': 25, '41.1': 27, '41.2': 10, '43.1': 7, '43.2': 1, '49.1': 8, '59.1': 17, '59.2': 6, '67.1': 16, '67.2': 27, '73.1': 3, '73.2': 13, '83.1': 15, '83.2': 19, '89.1': 14, '89.2': 9, '97.1': 20, '97.2': 22};1;1;x + 28
646.2;2;{'2.1': 1, '3.1': X1, '3.2': X1, '11.1': 0, '11.2': X1 + 1, '17.1': 1, '17.2': 0, '19.1': 0, '19.2': 1, '25.1': X1, '41.1': 0, '41.2': 0, '43.1': 0, '43.2': X1 + 1, '49.1': X1 + 1, '59.1': 0, '59.2': X1, '67.1': X1 + 1, '67.2': 0, '73.1': X1, '73.2': 0, '83.1': X1 + 1, '83.2': X1, '89.1': X1 + 1, '89.2': 0, '97.1': X1, '97.2': X1 + 1};1;2;x^2 + x + 1
649.1;11;{'2.1': 5, '3.1': 2, '3.2': 0, '11.1': 10, '11.2': 9, '17.1': 8, '17.2': 6, '19.1': 6, '19.2': 10, '25.1': 0, '41.1': 5, '41.2': 5, '43.1': 10, '43.2': 2, '49.1': 4, '59.1': 1, '59.2': 6, '67.1': 10, '67.2': 4, '73.1': 7, '73.2': 6, '83.1': 4, '83.2': 5, '89.1': 0, '89.2': 8, '97.1': 10, '97.2': 7};1;1;x + 10
649.1;41;{'2.1': 27, '3.1': 19, '3.2': 3, '11.1': 1, '11.2': 8, '17.1': 11, '17.2': 1, '19.1': 40, '19.2': 31, '25.1': 8, '41.1': 26, '41.2': 21, '43.1': 33, '43.2': 4, '49.1': 1, '59.1': 40, '59.2': 5, '67.1': 19, '67.2': 2, '73.1': 11, '73.2': 7, '83.1': 20, '83.2': 20, '89.1': 0, '89.2': 29, '97.1': 5, '97.2': 1};1;1;x + 40
649.1;101;{'2.1': 44, '3.1': 37, '3.2': 39, '11.1': 100, '11.2': 53, '17.1': 76, '17.2': 69, '19.1': 33, '19.2': 36, '25.1': 20, '41.1': 40, '41.2': 99, '43.1': 59, '43.2': 20, '49.1': 18, '59.1': 1, '59.2': 46, '67.1': 35, '67.2': 52, '73.1': 89, '73.2': 7, '83.1': 60, '83.2': 89, '89.1': 14, '89.2': 90, '97.1': 47, '97.2': 54};1;1;x + 100
649.2;7;{'2.1': 1, '3.1': 1, '3.2': 2, '11.1': 1, '11.2': 6, '17.1': 0, '17.2': 6, '19.1': 6, '19.2': 3, '25.1': 6, '41.1': 3, '41.2': 0, '43.1': 5, '43.2': 0, '49.1': 3, '59.1': 0, '59.2': 6, '67.1': 2, '67.2': 3, '73.1': 1, '73.2': 0, '83.1': 2, '83.2': 4, '89.1': 1, '89.2': 6, '97.1': 4, '97.2': 2};1;1;x + 6
649.2;42491;{'2.1': 2710, '3.1': 9503, '3.2': 18645, '11.1': 42490, '11.2': 40810, '17.1': 31680, '17.2': 22969, '19.1': 18683, '19.2': 22218, '25.1': 2918, '41.1': 16915, '41.2': 38440, '43.1': 16352, '43.2': 8202, '49.1': 25948, '59.1': 38852, '59.2': 1, '67.1': 12774, '67.2': 25671, '73.1': 3093, '73.2': 24539, '83.1': 30923, '83.2': 18783, '89.1': 30095, '89.2': 21265, '97.1': 39515, '97.2': 19257};1;1;x + 42490
652.1;347;{'2.1': 0, '3.1': 78, '3.2': 93, '11.1': 196, '11.2': 32, '17.1': 259, '17.2': 188, '19.1': 340, '19.2': 197, '25.1': 289, '41.1': 78, '41.2': 59, '43.1': 128, '43.2': 64, '49.1': 300, '59.1': 148, '59.2': 11, '67.1': 210, '67.2': 140, '73.1': 73, '73.2': 121, '83.1': 55, '83.2': 202, '89.1': 65, '89.2': 182, '97.1': 207, '97.2': 61};1;1;x + 346
657.1;3;{'2.1': 2*X1, '3.1': 0, '3.2': 2*X1 + 1, '11.1': 1, '11.2': 2*X1 + 1, '17.1': 2*X1 + 2, '17.2': X1 + 1, '19.1': 2*X1, '19.2': 1, '25.1': 2*X1 + 2, '41.1': 2*X1 + 2, '41.2': 2*X1 + 1, '43.1': X1, '43.2': X1 + 1, '49.1': X1 + 1, '59.1': 2*X1, '59.2': 2*X1 + 2, '67.1': 1, '67.2': X1, '73.1': 2, '73.2': 2, '83.1': 1, '83.2': 0, '89.1': 2*X1 + 1, '89.2': 2*X1 + 2, '97.1': 2*X1 + 2, '97.2': X1 + 1};1;1;x^2 + 2*x + 2
657.1;7;{'2.1': 2*X1 + 1, '3.1': 0, '3.2': 4*X1, '11.1': 6*X1 + 3, '11.2': 2*X1 + 3, '17.1': 3*X1 + 1, '17.2': 6*X1 + 5, '19.1': 5*X1 + 4, '19.2': 4*X1 + 5, '25.1': 5*X1 + 3, '41.1': X1 + 1, '41.2': 4*X1 + 1, '43.1': 6*X1 + 1, '43.2': 3*X1 + 5, '49.1': 0, '59.1': 2*X1 + 5, '59.2': X1 + 5, '67.1': 6*X1 + 1, '67.2': 2*X1 + 6, '73.1': 1, '73.2': 3*X1 + 5, '83.1': 6*X1 + 4, '83.2': 5*X1 + 2, '89.1': 3*X1 + 5, '89.2': 6*X1 + 1, '97.1': 3*X1, '97.2': 5*X1 + 1};1;1;x^2 + 6*x + 3
657.2;13;{'2.1': 8, '3.1': 0, '3.2': 8, '11.1': 5, '11.2': 6, '17.1': 9, '17.2': 6, '19.1': 6, '19.2': 8, '25.1': 12, '41.1': 6, '41.2': 8, '43.1': 11, '43.2': 7, '49.1': 6, '59.1': 9, '59.2': 3, '67.1': 3, '67.2': 1, '73.1': 6, '73.2': 1, '83.1': 10, '83.2': 1, '89.1': 2, '89.2': 4, '97.1': 0, '97.2': 8};1;1;x + 12
657.2;29;{'2.1': 6, '3.1': 0, '3.2': 17, '11.1': 3, '11.2': 25, '17.1': 22, '17.2': 22, '19.1': 22, '19.2': 26, '25.1': 19, '41.1': 18, '41.2': 20, '43.1': 17, '43.2': 20, '49.1': 3, '59.1': 0, '59.2': 28, '67.1': 14, '67.2': 9, '73.1': 28, '73.2': 28, '83.1': 26, '83.2': 0, '89.1': 13, '89.2': 1, '97.1': 28, '97.2': 6};1;1;x + 28
657.3;11;{'2.1': 7, '3.1': 1, '3.2': 10, '11.1': 10, '11.2': 2, '17.1': 7, '17.2': 3, '19.1': 8, '19.2': 6, '25.1': 8, '41.1': 10, '41.2': 7, '43.1': 2, '43.2': 5, '49.1': 5, '59.1': 10, '59.2': 6, '67.1': 0, '67.2': 3, '73.1': 10, '73.2': 9, '83.1': 0, '83.2': 1, '89.1': 4, '89.2': 1, '97.1': 1, '97.2': 9};1;1;x + 10
659.1;2;{'2.1': 1, '3.1': X1^2 + X1 + 1, '3.2': 0, '11.1': 0, '11.2': X1^2 + 1, '17.1': X1^2 + 1, '17.2': X1 + 1, '19.1': 0, '19.2': X1 + 1, '25.1': X1^2 + X1 + 1, '41.1': X1^2 + 1, '41.2': 0, '43.1': 0, '43.2': 0, '49.1': X1^2 + X1 + 1, '59.1': 0, '59.2': X1 + 1, '67.1': 0, '67.2': 0, '73.1': X1 + 1, '73.2': X1^2 + 1, '83.1': X1 + 1, '83.2': X1^2 + X1 + 1, '89.1': 0, '89.2': 0, '97.1': 0, '97.2': X1^2 + X1 + 1};1;1;x^3 + x + 1
659.1;211;{'2.1': 90, '3.1': 99, '3.2': 142, '11.1': 17, '11.2': 99, '17.1': 13, '17.2': 149, '19.1': 21, '19.2': 127, '25.1': 22, '41.1': 101, '41.2': 16, '43.1': 43, '43.2': 95, '49.1': 63, '59.1': 33, '59.2': 161, '67.1': 26, '67.2': 119, '73.1': 125, '73.2': 42, '83.1': 107, '83.2': 95, '89.1': 147, '89.2': 18, '97.1': 193, '97.2': 146};1;1;x + 210
659.1;3851;{'2.1': 3366, '3.1': 271, '3.2': 1123, '11.1': 1521, '11.2': 2179, '17.1': 912, '17.2': 2470, '19.1': 2814, '19.2': 368, '25.1': 1558, '41.1': 459, '41.2': 2302, '43.1': 751, '43.2': 2923, '49.1': 699, '59.1': 1129, '59.2': 588, '67.1': 2959, '67.2': 247, '73.1': 3623, '73.2': 2664, '83.1': 1211, '83.2': 3564, '89.1': 473, '89.2': 3290, '97.1': 2458, '97.2': 1199};1;1;x + 3850
662.1;5;{'2.1': 4, '3.1': X1 + 2, '3.2': 4*X1 + 4, '11.1': 2*X1 + 4, '11.2': X1 + 3, '17.1': 4*X1 + 1, '17.2': 2, '19.1': X1 + 1, '19.2': 4*X1 + 1, '25.1': 0, '41.1': X1 + 1, '41.2': X1 + 3, '43.1': 1, '43.2': 3*X1 + 2, '49.1': X1 + 2, '59.1': 3*X1 + 4, '59.2': X1 + 1, '67.1': 3*X1 + 2, '67.2': X1 + 2, '73.1': 4*X1 + 1, '73.2': X1 + 4, '83.1': 3*X1 + 4, '83.2': 4*X1 + 2, '89.1': X1 + 3, '89.2': 4*X1 + 1, '97.1': X1, '97.2': 3*X1 + 2};1;1;x^2 + 4*x + 2
662.1;5;{'2.1': 4, '3.1': 0, '3.2': 4, '11.1': 0, '11.2': 3, '17.1': 3, '17.2': 1, '19.1': 1, '19.2': 1, '25.1': 4, '41.1': 4, '41.2': 4, '43.1': 4, '43.2': 1, '49.1': 3, '59.1': 1, '59.2': 0, '67.1': 3, '67.2': 4, '73.1': 4, '73.2': 2, '83.1': 1, '83.2': 1, '89.1': 2, '89.2': 3, '97.1': 3, '97.2': 1};1;1;x + 4
662.1;271;{'2.1': 1, '3.1': 177, '3.2': 156, '11.1': 134, '11.2': 108, '17.1': 268, '17.2': 54, '19.1': 158, '19.2': 107, '25.1': 109, '41.1': 60, '41.2': 260, '43.1': 251, '43.2': 105, '49.1': 169, '59.1': 109, '59.2': 257, '67.1': 39, '67.2': 191, '73.1': 94, '73.2': 188, '83.1': 126, '83.2': 119, '89.1': 133, '89.2': 235, '97.1': 159, '97.2': 167};1;1;x + 270
664.1;11;{'2.1': 0, '3.1': 10, '3.2': 9, '11.1': 4, '11.2': 3, '17.1': 4, '17.2': 10, '19.1': 9, '19.2': 0, '25.1': 6, '41.1': 9, '41.2': 1, '43.1': 8, '43.2': 1, '49.1': 2, '59.1': 5, '59.2': 6, '67.1': 7, '67.2': 6, '73.1': 0, '73.2': 9, '83.1': 1, '83.2': 1, '89.1': 0, '89.2': 5, '97.1': 5, '97.2': 4};1;1;x + 10
673.1;2;{'2.1': 0, '3.1': X1, '3.2': X1 + 1, '11.1': X1, '11.2': 0, '17.1': X1 + 1, '17.2': 0, '19.1': 0, '19.2': X1 + 1, '25.1': 0, '41.1': 0, '41.2': X1, '43.1': X1 + 1, '43.2': 0, '49.1': X1, '59.1': 0, '59.2': X1 + 1, '67.1': 0, '67.2': X1, '73.1': X1, '73.2': X1, '83.1': 0, '83.2': 0, '89.1': 0, '89.2': 0, '97.1': 0, '97.2': 0};1;2;x^2 + x + 1
673.1;2;{'2.1': X1, '3.1': 1, '3.2': X1 + 1, '11.1': 1, '11.2': X1, '17.1': 0, '17.2': X1 + 1, '19.1': 1, '19.2': X1, '25.1': 1, '41.1': 1, '41.2': 1, '43.1': X1 + 1, '43.2': 0, '49.1': 0, '59.1': 1, '59.2': 1, '67.1': 1, '67.2': 0, '73.1': X1, '73.2': X1, '83.1': X1, '83.2': 1, '89.1': 0, '89.2': 0, '97.1': X1 + 1, '97.2': 0};1;2;x^2 + x + 1
673.1;2;{'2.1': 1, '3.1': X1, '3.2': X1 + 1, '11.1': X1, '11.2': 0, '17.1': X1 + 1, '17.2': 0, '19.1': 0, '19.2': X1 + 1, '25.1': 0, '41.1': 0, '41.2': X1, '43.1': X1 + 1, '43.2': 0, '49.1': X1, '59.1': 0, '59.2': X1 + 1, '67.1': 0, '67.2': X1, '73.1': X1, '73.2': X1, '83.1': 0, '83.2': 0, '89.1': 0, '89.2': 0, '97.1': 0, '97.2': 0};1;2;x^2 + x + 1
673.1;12697;{'2.1': 11028, '3.1': 4798, '3.2': 7500, '11.1': 5650, '11.2': 12185, '17.1': 7553, '17.2': 1703, '19.1': 11076, '19.2': 1127, '25.1': 9340, '41.1': 5864, '41.2': 7741, '43.1': 3539, '43.2': 9612, '49.1': 7741, '59.1': 3395, '59.2': 154, '67.1': 9093, '67.2': 5468, '73.1': 3363, '73.2': 809, '83.1': 9911, '83.2': 9986, '89.1': 3421, '89.2': 8832, '97.1': 1754, '97.2': 3537};1;1;x + 12696
674.1;19;{'2.1': 18, '3.1': 0, '3.2': 14, '11.1': 5, '11.2': 16, '17.1': 6, '17.2': 10, '19.1': 11, '19.2': 0, '25.1': 5, '41.1': 4, '41.2': 16, '43.1': 3, '43.2': 12, '49.1': 5, '59.1': 9, '59.2': 2, '67.1': 15, '67.2': 8, '73.1': 18, '73.2': 3, '83.1': 14, '83.2': 6, '89.1': 0, '89.2': 0, '97.1': 14, '97.2': 11};1;1;x + 18
675.1;13;{'2.1': 10, '3.1': 0, '3.2': 10, '11.1': 9, '11.2': 7, '17.1': 8, '17.2': 8, '19.1': 0, '19.2': 11, '25.1': 1, '41.1': 7, '41.2': 9, '43.1': 5, '43.2': 8, '49.1': 0, '59.1': 11, '59.2': 2, '67.1': 8, '67.2': 0, '73.1': 7, '73.2': 8, '83.1': 11, '83.2': 7, '89.1': 12, '89.2': 5, '97.1': 6, '97.2': 4};1;1;x + 12
678.2;71;{'2.1': 1, '3.1': 70, '3.2': 65, '11.1': 56, '11.2': 37, '17.1': 23, '17.2': 35, '19.1': 61, '19.2': 35, '25.1': 68, '41.1': 34, '41.2': 49, '43.1': 29, '43.2': 23, '49.1': 42, '59.1': 7, '59.2': 43, '67.1': 61, '67.2': 67, '73.1': 46, '73.2': 7, '83.1': 59, '83.2': 34, '89.1': 63, '89.2': 46, '97.1': 29, '97.2': 5};1;1;x + 70
681.1;7;{'2.1': X1 + 6, '3.1': 6, '3.2': 3*X1 + 4, '11.1': 3*X1 + 2, '11.2': 5*X1 + 2, '17.1': 6*X1 + 2, '17.2': 6*X1, '19.1': X1 + 5, '19.2': 4*X1 + 1, '25.1': 4*X1 + 6, '41.1': 4*X1 + 3, '41.2': 2*X1 + 5, '43.1': 5*X1 + 1, '43.2': 1, '49.1': 3*X1, '59.1': 2*X1 + 6, '59.2': 4*X1 + 3, '67.1': 2, '67.2': X1, '73.1': 5*X1 + 1, '73.2': 6*X1, '83.1': 4*X1 + 2, '83.2': 4, '89.1': 2, '89.2': 3*X1, '97.1': X1 + 4, '97.2': 6*X1 + 1};1;1;x^2 + 6*x + 3
681.1;41;{'2.1': 6, '3.1': 1, '3.2': 16, '11.1': 4, '11.2': 40, '17.1': 40, '17.2': 26, '19.1': 6, '19.2': 7, '25.1': 4, '41.1': 35, '41.2': 35, '43.1': 18, '43.2': 25, '49.1': 14, '59.1': 33, '59.2': 36, '67.1': 6, '67.2': 24, '73.1': 34, '73.2': 8, '83.1': 32, '83.2': 26, '89.1': 38, '89.2': 15, '97.1': 28, '97.2': 5};1;1;x + 40
681.2;157;{'2.1': 23, '3.1': 156, '3.2': 136, '11.1': 130, '11.2': 36, '17.1': 48, '17.2': 29, '19.1': 110, '19.2': 5, '25.1': 139, '41.1': 140, '41.2': 54, '43.1': 97, '43.2': 155, '49.1': 139, '59.1': 64, '59.2': 135, '67.1': 58, '67.2': 37, '73.1': 22, '73.2': 50, '83.1': 119, '83.2': 123, '89.1': 60, '89.2': 34, '97.1': 81, '97.2': 121};1;1;x + 156
681.2;10487;{'2.1': 5519, '3.1': 1, '3.2': 265, '11.1': 5680, '11.2': 4926, '17.1': 3935, '17.2': 1898, '19.1': 2252, '19.2': 614, '25.1': 7103, '41.1': 3329, '41.2': 7500, '43.1': 746, '43.2': 1262, '49.1': 2781, '59.1': 1579, '59.2': 1532, '67.1': 9022, '67.2': 8785, '73.1': 232, '73.2': 7485, '83.1': 399, '83.2': 5114, '89.1': 8043, '89.2': 5724, '97.1': 3452, '97.2': 8723};1;1;x + 10486
683.1;7;{'2.1': 0, '3.1': 3, '3.2': 1, '11.1': 5, '11.2': 3, '17.1': 3, '17.2': 3, '19.1': 0, '19.2': 0, '25.1': 2, '41.1': 3, '41.2': 1, '43.1': 1, '43.2': 1, '49.1': 0, '59.1': 4, '59.2': 3, '67.1': 5, '67.2': 1, '73.1': 3, '73.2': 3, '83.1': 5, '83.2': 3, '89.1': 4, '89.2': 4, '97.1': 4, '97.2': 3};1;1;x + 6
683.1;7;{'2.1': 3, '3.1': 6*X1 + 1, '3.2': 4*X1 + 2, '11.1': 1, '11.2': 5, '17.1': 2*X1 + 3, '17.2': 0, '19.1': 5*X1 + 3, '19.2': 2*X1 + 3, '25.1': X1 + 4, '41.1': 3*X1 + 2, '41.2': 4, '43.1': 4*X1 + 2, '43.2': 3*X1 + 6, '49.1': X1 + 2, '59.1': X1 + 3, '59.2': X1, '67.1': X1 + 4, '67.2': 6*X1 + 1, '73.1': X1 + 2, '73.2': 3, '83.1': 2*X1, '83.2': 2*X1 + 2, '89.1': 3*X1, '89.2': 6*X1 + 5, '97.1': 5*X1, '97.2': 5*X1 + 6};1;1;x^2 + 6*x + 3
683.1;269;{'2.1': 16, '3.1': 120, '3.2': 180, '11.1': 182, '11.2': 264, '17.1': 126, '17.2': 167, '19.1': 65, '19.2': 258, '25.1': 91, '41.1': 185, '41.2': 60, '43.1': 235, '43.2': 240, '49.1': 100, '59.1': 141, '59.2': 183, '67.1': 21, '67.2': 2, '73.1': 239, '73.2': 91, '83.1': 211, '83.2': 155, '89.1': 2, '89.2': 176, '97.1': 220, '97.2': 18};1;1;x + 268
683.1;419;{'2.1': 338, '3.1': 296, '3.2': 89, '11.1': 129, '11.2': 306, '17.1': 85, '17.2': 2, '19.1': 65, '19.2': 384, '25.1': 325, '41.1': 8, '41.2': 234, '43.1': 277, '43.2': 133, '49.1': 209, '59.1': 14, '59.2': 416, '67.1': 397, '67.2': 117, '73.1': 375, '73.2': 165, '83.1': 61, '83.2': 311, '89.1': 146, '89.2': 100, '97.1': 221, '97.2': 375};1;1;x + 418
691.1;2;{'2.1': 1, '3.1': X1^2 + X1 + 1, '3.2': X1 + 1, '11.1': X1^2 + X1 + 1, '11.2': X1 + 1, '17.1': X1 + 1, '17.2': 0, '19.1': 0, '19.2': 0, '25.1': X1^2 + 1, '41.1': X1^2 + X1 + 1, '41.2': 0, '43.1': 0, '43.2': X1^2 + 1, '49.1': 0, '59.1': 0, '59.2': 0, '67.1': X1^2 + 1, '67.2': X1^2 + 1, '73.1': 0, '73.2': X1^2 + 1, '83.1': 0, '83.2': 0, '89.1': 0, '89.2': 0, '97.1': 0, '97.2': X1 + 1};1;1;x^3 + x + 1
691.1;19;{'2.1': 16, '3.1': 12, '3.2': 14, '11.1': 16, '11.2': 1, '17.1': 2, '17.2': 15, '19.1': 2, '19.2': 7, '25.1': 15, '41.1': 11, '41.2': 12, '43.1': 10, '43.2': 9, '49.1': 18, '59.1': 9, '59.2': 13, '67.1': 18, '67.2': 13, '73.1': 16, '73.2': 10, '83.1': 16, '83.2': 9, '89.1': 0, '89.2': 12, '97.1': 9, '97.2': 2};1;1;x + 18
691.1;9397;{'2.1': 5911, '3.1': 4960, '3.2': 152, '11.1': 9279, '11.2': 7126, '17.1': 9168, '17.2': 4844, '19.1': 3478, '19.2': 3463, '25.1': 6860, '41.1': 6562, '41.2': 9184, '43.1': 2418, '43.2': 4721, '49.1': 2894, '59.1': 632, '59.2': 4776, '67.1': 2642, '67.2': 3298, '73.1': 2948, '73.2': 5462, '83.1': 3513, '83.2': 59, '89.1': 603, '89.2': 6849, '97.1': 6592, '97.2': 5261};1;1;x + 9396
694.1;337;{'2.1': 1, '3.1': 125, '3.2': 73, '11.1': 67, '11.2': 254, '17.1': 285, '17.2': 145, '19.1': 290, '19.2': 278, '25.1': 235, '41.1': 1, '41.2': 330, '43.1': 294, '43.2': 43, '49.1': 285, '59.1': 178, '59.2': 232, '67.1': 176, '67.2': 257, '73.1': 240, '73.2': 127, '83.1': 285, '83.2': 268, '89.1': 150, '89.2': 45, '97.1': 141, '97.2': 260};1;1;x + 336
697.1;139;{'2.1': 81, '3.1': 25, '3.2': 70, '11.1': 94, '11.2': 17, '17.1': 1, '17.2': 134, '19.1': 100, '19.2': 38, '25.1': 5, '41.1': 138, '41.2': 129, '43.1': 80, '43.2': 79, '49.1': 30, '59.1': 84, '59.2': 10, '67.1': 104, '67.2': 28, '73.1': 82, '73.2': 5, '83.1': 83, '83.2': 138, '89.1': 1, '89.2': 46, '97.1': 14, '97.2': 2};1;1;x + 138
697.1;1997;{'2.1': 880, '3.1': 330, '3.2': 1080, '11.1': 1135, '11.2': 590, '17.1': 1996, '17.2': 111, '19.1': 1548, '19.2': 1246, '25.1': 950, '41.1': 1, '41.2': 1215, '43.1': 1819, '43.2': 1131, '49.1': 301, '59.1': 1968, '59.2': 1029, '67.1': 1140, '67.2': 35, '73.1': 541, '73.2': 1337, '83.1': 1785, '83.2': 1725, '89.1': 1784, '89.2': 142, '97.1': 1857, '97.2': 341};1;1;x + 1996
697.2;107;{'2.1': 80, '3.1': 25, '3.2': 102, '11.1': 22, '11.2': 7, '17.1': 1, '17.2': 95, '19.1': 34, '19.2': 5, '25.1': 83, '41.1': 89, '41.2': 106, '43.1': 41, '43.2': 84, '49.1': 2, '59.1': 81, '59.2': 60, '67.1': 57, '67.2': 72, '73.1': 62, '73.2': 62, '83.1': 100, '83.2': 91, '89.1': 92, '89.2': 29, '97.1': 61, '97.2': 15};1;1;x + 106
697.2;271;{'2.1': 193, '3.1': 236, '3.2': 66, '11.1': 161, '11.2': 80, '17.1': 270, '17.2': 196, '19.1': 223, '19.2': 114, '25.1': 89, '41.1': 263, '41.2': 1, '43.1': 17, '43.2': 71, '49.1': 173, '59.1': 261, '59.2': 237, '67.1': 129, '67.2': 73, '73.1': 47, '73.2': 168, '83.1': 193, '83.2': 131, '89.1': 216, '89.2': 4, '97.1': 265, '97.2': 248};1;1;x + 270
699.1;3;{'2.1': 2*X1 + 1, '3.1': 1, '3.2': 2*X1 + 2, '11.1': 2*X1^2 + 1, '11.2': X1 + 2, '17.1': 2, '17.2': 2*X1^2, '19.1': 2*X1^2 + 2*X1 + 2, '19.2': X1^2 + X1 + 2, '25.1': X1 + 2, '41.1': 2*X1, '41.2': X1^2 + 2, '43.1': X1^2 + 1, '43.2': 2*X1^2 + X1 + 1, '49.1': 2*X1, '59.1': 2*X1^2 + X1 + 1, '59.2': 2*X1^2, '67.1': X1^2 + 2*X1, '67.2': 2*X1 + 1, '73.1': X1^2 + X1 + 1, '73.2': X1^2 + 2*X1 + 2, '83.1': 2*X1^2 + X1, '83.2': 2*X1^2 + 2*X1 + 1, '89.1': 1, '89.2': 0, '97.1': 2*X1^2, '97.2': X1^2 + 2*X1 + 1};1;1;x^3 + 2*x + 1
699.1;19;{'2.1': 6, '3.1': 18, '3.2': 2, '11.1': 12, '11.2': 1, '17.1': 7, '17.2': 7, '19.1': 9, '19.2': 10, '25.1': 14, '41.1': 13, '41.2': 17, '43.1': 13, '43.2': 3, '49.1': 8, '59.1': 1, '59.2': 9, '67.1': 13, '67.2': 11, '73.1': 7, '73.2': 7, '83.1': 15, '83.2': 2, '89.1': 6, '89.2': 1, '97.1': 4, '97.2': 9};1;1;x + 18
699.2;83;{'2.1': 29, '3.1': 82, '3.2': 48, '11.1': 26, '11.2': 61, '17.1': 63, '17.2': 76, '19.1': 14, '19.2': 45, '25.1': 71, '41.1': 8, '41.2': 44, '43.1': 43, '43.2': 21, '49.1': 81, '59.1': 27, '59.2': 33, '67.1': 53, '67.2': 69, '73.1': 61, '73.2': 10, '83.1': 14, '83.2': 27, '89.1': 70, '89.2': 23, '97.1': 53, '97.2': 16};1;1;x + 82
699.2;347;{'2.1': 163, '3.1': 1, '3.2': 85, '11.1': 275, '11.2': 262, '17.1': 26, '17.2': 35, '19.1': 185, '19.2': 166, '25.1': 178, '41.1': 35, '41.2': 285, '43.1': 183, '43.2': 222, '49.1': 98, '59.1': 89, '59.2': 344, '67.1': 37, '67.2': 64, '73.1': 79, '73.2': 62, '83.1': 61, '83.2': 103, '89.1': 34, '89.2': 202, '97.1': 178, '97.2': 27};1;1;x + 346
704.1;17;{'2.1': 0, '3.1': 11, '3.2': 7, '11.1': 1, '11.2': 13, '17.1': 14, '17.2': 5, '19.1': 3, '19.2': 16, '25.1': 5, '41.1': 11, '41.2': 10, '43.1': 12, '43.2': 16, '49.1': 15, '59.1': 16, '59.2': 4, '67.1': 13, '67.2': 16, '73.1': 14, '73.2': 3, '83.1': 6, '83.2': 1, '89.1': 7, '89.2': 2, '97.1': 7, '97.2': 0};1;1;x + 16
704.1;17;{'2.1': 0, '3.1': 6, '3.2': 10, '11.1': 16, '11.2': 4, '17.1': 14, '17.2': 5, '19.1': 14, '19.2': 1, '25.1': 5, '41.1': 11, '41.2': 10, '43.1': 5, '43.2': 1, '49.1': 15, '59.1': 1, '59.2': 13, '67.1': 4, '67.2': 1, '73.1': 14, '73.2': 3, '83.1': 11, '83.2': 16, '89.1': 7, '89.2': 2, '97.1': 7, '97.2': 0};1;1;x + 16
706.1;467;{'2.1': 1, '3.1': 378, '3.2': 123, '11.1': 379, '11.2': 358, '17.1': 83, '17.2': 113, '19.1': 382, '19.2': 16, '25.1': 209, '41.1': 448, '41.2': 139, '43.1': 120, '43.2': 329, '49.1': 92, '59.1': 310, '59.2': 115, '67.1': 451, '67.2': 70, '73.1': 366, '73.2': 142, '83.1': 414, '83.2': 67, '89.1': 462, '89.2': 104, '97.1': 13, '97.2': 211};1;1;x + 466
706.1;1021;{'2.1': 1020, '3.1': 350, '3.2': 651, '11.1': 581, '11.2': 508, '17.1': 551, '17.2': 892, '19.1': 518, '19.2': 328, '25.1': 849, '41.1': 922, '41.2': 990, '43.1': 139, '43.2': 614, '49.1': 234, '59.1': 60, '59.2': 263, '67.1': 696, '67.2': 124, '73.1': 972, '73.2': 939, '83.1': 194, '83.2': 443, '89.1': 506, '89.2': 528, '97.1': 771, '97.2': 962};1;1;x + 1020
708.2;17;{'2.1': 0, '3.1': 1, '3.2': 10, '11.1': 16, '11.2': 14, '17.1': 12, '17.2': 14, '19.1': 10, '19.2': 16, '25.1': 11, '41.1': 8, '41.2': 16, '43.1': 0, '43.2': 3, '49.1': 12, '59.1': 8, '59.2': 1, '67.1': 1, '67.2': 12, '73.1': 5, '73.2': 9, '83.1': 8, '83.2': 3, '89.1': 15, '89.2': 9, '97.1': 16, '97.2': 3};1;1;x + 16
716.1;31;{'2.1': 0, '3.1': 14, '3.2': 9, '11.1': 9, '11.2': 10, '17.1': 19, '17.2': 25, '19.1': 15, '19.2': 25, '25.1': 15, '41.1': 6, '41.2': 11, '43.1': 5, '43.2': 4, '49.1': 29, '59.1': 10, '59.2': 10, '67.1': 12, '67.2': 10, '73.1': 8, '73.2': 8, '83.1': 20, '83.2': 30, '89.1': 8, '89.2': 3, '97.1': 29, '97.2': 17};1;1;x + 30
723.2;373;{'2.1': 145, '3.1': 372, '3.2': 294, '11.1': 67, '11.2': 322, '17.1': 353, '17.2': 318, '19.1': 209, '19.2': 291, '25.1': 309, '41.1': 242, '41.2': 120, '43.1': 8, '43.2': 227, '49.1': 257, '59.1': 13, '59.2': 215, '67.1': 251, '67.2': 327, '73.1': 204, '73.2': 25, '83.1': 112, '83.2': 48, '89.1': 102, '89.2': 172, '97.1': 247, '97.2': 152};1;1;x + 372
726.2;13;{'2.1': 1, '3.1': 1, '3.2': 7, '11.1': 12, '11.2': 1, '17.1': 1, '17.2': 11, '19.1': 8, '19.2': 7, '25.1': 0, '41.1': 3, '41.2': 7, '43.1': 3, '43.2': 3, '49.1': 8, '59.1': 7, '59.2': 2, '67.1': 5, '67.2': 0, '73.1': 5, '73.2': 6, '83.1': 11, '83.2': 6, '89.1': 0, '89.2': 1, '97.1': 8, '97.2': 1};1;1;x + 12
729.1;17;{'2.1': 7, '3.1': 0, '3.2': 9, '11.1': 9, '11.2': 16, '17.1': 4, '17.2': 3, '19.1': 13, '19.2': 13, '25.1': 13, '41.1': 16, '41.2': 11, '43.1': 15, '43.2': 0, '49.1': 11, '59.1': 12, '59.2': 2, '67.1': 7, '67.2': 11, '73.1': 0, '73.2': 5, '83.1': 2, '83.2': 5, '89.1': 8, '89.2': 11, '97.1': 4, '97.2': 11};1;1;x + 16
729.2;17;{'2.1': 12, '3.1': 0, '3.2': 16, '11.1': 2, '11.2': 8, '17.1': 3, '17.2': 8, '19.1': 14, '19.2': 16, '25.1': 0, '41.1': 14, '41.2': 10, '43.1': 0, '43.2': 2, '49.1': 11, '59.1': 15, '59.2': 11, '67.1': 15, '67.2': 7, '73.1': 9, '73.2': 0, '83.1': 7, '83.2': 12, '89.1': 0, '89.2': 2, '97.1': 12, '97.2': 13};1;1;x + 16
731.1;31;{'2.1': 29, '3.1': 28, '3.2': 6, '11.1': 24, '11.2': 24, '17.1': 1, '17.2': 1, '19.1': 21, '19.2': 18, '25.1': 12, '41.1': 18, '41.2': 13, '43.1': 30, '43.2': 2, '49.1': 25, '59.1': 10, '59.2': 25, '67.1': 20, '67.2': 19, '73.1': 9, '73.2': 21, '83.1': 11, '83.2': 18, '89.1': 25, '89.2': 26, '97.1': 30, '97.2': 26};1;1;x + 30
731.1;89;{'2.1': 40, '3.1': 22, '3.2': 8, '11.1': 54, '11.2': 33, '17.1': 1, '17.2': 41, '19.1': 80, '19.2': 88, '25.1': 69, '41.1': 35, '41.2': 9, '43.1': 1, '43.2': 78, '49.1': 70, '59.1': 22, '59.2': 80, '67.1': 88, '67.2': 60, '73.1': 27, '73.2': 26, '83.1': 33, '83.2': 60, '89.1': 40, '89.2': 79, '97.1': 86, '97.2': 61};1;1;x + 88
731.1;179;{'2.1': 58, '3.1': 71, '3.2': 124, '11.1': 20, '11.2': 123, '17.1': 178, '17.2': 45, '19.1': 133, '19.2': 118, '25.1': 150, '41.1': 1, '41.2': 59, '43.1': 1, '43.2': 93, '49.1': 178, '59.1': 134, '59.2': 79, '67.1': 153, '67.2': 9, '73.1': 97, '73.2': 62, '83.1': 120, '83.2': 157, '89.1': 51, '89.2': 98, '97.1': 92, '97.2': 0};1;1;x + 178
731.2;19;{'2.1': 6, '3.1': 12, '3.2': 9, '11.1': 1, '11.2': 16, '17.1': 1, '17.2': 14, '19.1': 5, '19.2': 14, '25.1': 1, '41.1': 15, '41.2': 16, '43.1': 18, '43.2': 1, '49.1': 7, '59.1': 1, '59.2': 16, '67.1': 2, '67.2': 4, '73.1': 0, '73.2': 6, '83.1': 15, '83.2': 2, '89.1': 13, '89.2': 16, '97.1': 12, '97.2': 15};1;1;x + 18
731.2;31;{'2.1': 24, '3.1': 8, '3.2': 27, '11.1': 4, '11.2': 14, '17.1': 30, '17.2': 26, '19.1': 20, '19.2': 6, '25.1': 5, '41.1': 25, '41.2': 7, '43.1': 20, '43.2': 30, '49.1': 2, '59.1': 22, '59.2': 14, '67.1': 28, '67.2': 7, '73.1': 4, '73.2': 20, '83.1': 30, '83.2': 14, '89.1': 24, '89.2': 15, '97.1': 26, '97.2': 1};1;1;x + 30
731.2;67;{'2.1': 23, '3.1': 31, '3.2': 35, '11.1': 47, '11.2': 12, '17.1': 66, '17.2': 55, '19.1': 47, '19.2': 42, '25.1': 64, '41.1': 31, '41.2': 40, '43.1': 31, '43.2': 1, '49.1': 6, '59.1': 28, '59.2': 47, '67.1': 3, '67.2': 56, '73.1': 61, '73.2': 11, '83.1': 26, '83.2': 39, '89.1': 3, '89.2': 10, '97.1': 16, '97.2': 34};1;1;x + 66
731.2;761;{'2.1': 107, '3.1': 432, '3.2': 553, '11.1': 725, '11.2': 614, '17.1': 1, '17.2': 735, '19.1': 147, '19.2': 44, '25.1': 444, '41.1': 550, '41.2': 369, '43.1': 162, '43.2': 760, '49.1': 558, '59.1': 449, '59.2': 640, '67.1': 363, '67.2': 484, '73.1': 496, '73.2': 46, '83.1': 366, '83.2': 10, '89.1': 9, '89.2': 159, '97.1': 744, '97.2': 203};1;1;x + 760
737.1;11;{'2.1': 7, '3.1': 7, '3.2': 4, '11.1': 10, '11.2': 7, '17.1': 10, '17.2': 0, '19.1': 4, '19.2': 7, '25.1': 1, '41.1': 6, '41.2': 9, '43.1': 2, '43.2': 8, '49.1': 5, '59.1': 9, '59.2': 1, '67.1': 1, '67.2': 8, '73.1': 9, '73.2': 10, '83.1': 4, '83.2': 1, '89.1': 5, '89.2': 9, '97.1': 0, '97.2': 0};1;1;x + 10
737.1;787;{'2.1': 659, '3.1': 536, '3.2': 104, '11.1': 1, '11.2': 72, '17.1': 580, '17.2': 397, '19.1': 631, '19.2': 229, '25.1': 295, '41.1': 596, '41.2': 455, '43.1': 43, '43.2': 530, '49.1': 353, '59.1': 168, '59.2': 733, '67.1': 786, '67.2': 725, '73.1': 81, '73.2': 309, '83.1': 413, '83.2': 401, '89.1': 367, '89.2': 32, '97.1': 676, '97.2': 299};1;1;x + 786
737.2;617;{'2.1': 172, '3.1': 66, '3.2': 382, '11.1': 1, '11.2': 582, '17.1': 474, '17.2': 162, '19.1': 368, '19.2': 95, '25.1': 427, '41.1': 377, '41.2': 82, '43.1': 282, '43.2': 468, '49.1': 363, '59.1': 70, '59.2': 454, '67.1': 37, '67.2': 616, '73.1': 60, '73.2': 301, '83.1': 446, '83.2': 32, '89.1': 105, '89.2': 356, '97.1': 341, '97.2': 146};1;1;x + 616
739.1;5;{'2.1': 1, '3.1': 4, '3.2': 1, '11.1': 2, '11.2': 1, '17.1': 4, '17.2': 0, '19.1': 4, '19.2': 2, '25.1': 2, '41.1': 4, '41.2': 4, '43.1': 4, '43.2': 1, '49.1': 0, '59.1': 0, '59.2': 0, '67.1': 3, '67.2': 3, '73.1': 4, '73.2': 0, '83.1': 2, '83.2': 0, '89.1': 2, '89.2': 1, '97.1': 2, '97.2': 2};1;1;x + 4
739.1;7;{'2.1': 6, '3.1': 3, '3.2': 3, '11.1': 0, '11.2': 3, '17.1': 0, '17.2': 5, '19.1': 2, '19.2': 5, '25.1': 5, '41.1': 4, '41.2': 0, '43.1': 3, '43.2': 2, '49.1': 0, '59.1': 2, '59.2': 4, '67.1': 0, '67.2': 5, '73.1': 3, '73.2': 5, '83.1': 4, '83.2': 1, '89.1': 5, '89.2': 4, '97.1': 5, '97.2': 0};1;1;x + 6
739.1;41;{'2.1': 9*X1 + 38, '3.1': 17*X1 + 8, '3.2': 7*X1 + 25, '11.1': 27*X1 + 8, '11.2': 18*X1 + 8, '17.1': 27*X1 + 26, '17.2': 25*X1 + 5, '19.1': 34*X1 + 23, '19.2': 3*X1, '25.1': 5*X1 + 31, '41.1': 16*X1 + 40, '41.2': 37*X1 + 3, '43.1': 4*X1 + 14, '43.2': 24*X1 + 18, '49.1': 12*X1 + 15, '59.1': 2*X1 + 21, '59.2': 30*X1 + 29, '67.1': 32*X1 + 21, '67.2': 20*X1 + 28, '73.1': 29*X1 + 5, '73.2': 21*X1 + 2, '83.1': 30*X1 + 13, '83.2': 33*X1 + 40, '89.1': 11*X1 + 14, '89.2': 28*X1 + 25, '97.1': 26*X1 + 37, '97.2': 8*X1 + 23};1;1;x^2 + 38*x + 6
739.1;349;{'2.1': 156, '3.1': 203, '3.2': 191, '11.1': 255, '11.2': 104, '17.1': 182, '17.2': 106, '19.1': 307, '19.2': 182, '25.1': 280, '41.1': 319, '41.2': 333, '43.1': 116, '43.2': 252, '49.1': 336, '59.1': 184, '59.2': 334, '67.1': 346, '67.2': 126, '73.1': 246, '73.2': 256, '83.1': 37, '83.2': 109, '89.1': 276, '89.2': 169, '97.1': 55, '97.2': 237};1;1;x + 348
747.2;17;{'2.1': 13, '3.1': 0, '3.2': 1, '11.1': 7, '11.2': 4, '17.1': 7, '17.2': 13, '19.1': 9, '19.2': 5, '25.1': 9, '41.1': 6, '41.2': 2, '43.1': 11, '43.2': 5, '49.1': 5, '59.1': 0, '59.2': 3, '67.1': 0, '67.2': 4, '73.1': 11, '73.2': 2, '83.1': 7, '83.2': 1, '89.1': 1, '89.2': 6, '97.1': 2, '97.2': 6};1;1;x + 16
747.2;23;{'2.1': 18, '3.1': 0, '3.2': 14, '11.1': 0, '11.2': 1, '17.1': 13, '17.2': 20, '19.1': 9, '19.2': 5, '25.1': 20, '41.1': 21, '41.2': 2, '43.1': 4, '43.2': 21, '49.1': 17, '59.1': 4, '59.2': 0, '67.1': 0, '67.2': 18, '73.1': 2, '73.2': 13, '83.1': 22, '83.2': 22, '89.1': 13, '89.2': 14, '97.1': 7, '97.2': 3};1;1;x + 22
747.3;3;{'2.1': X1, '3.1': 1, '3.2': 1, '11.1': 2, '11.2': X1 + 1, '17.1': X1, '17.2': 1, '19.1': 2*X1 + 2, '19.2': 2, '25.1': X1 + 2, '41.1': 2*X1 + 2, '41.2': 2*X1 + 2, '43.1': 2*X1, '43.2': 2*X1 + 1, '49.1': X1, '59.1': 2, '59.2': 2*X1 + 1, '67.1': 0, '67.2': X1 + 2, '73.1': 1, '73.2': X1 + 1, '83.1': 1, '83.2': 1, '89.1': X1 + 2, '89.2': 2, '97.1': X1 + 1, '97.2': 2*X1};1;1;x^2 + 2*x + 2
748.2;37;{'2.1': 0, '3.1': 17, '3.2': 3, '11.1': 1, '11.2': 31, '17.1': 10, '17.2': 1, '19.1': 24, '19.2': 9, '25.1': 13, '41.1': 7, '41.2': 7, '43.1': 3, '43.2': 10, '49.1': 30, '59.1': 7, '59.2': 3, '67.1': 16, '67.2': 2, '73.1': 20, '73.2': 36, '83.1': 7, '83.2': 24, '89.1': 1, '89.2': 26, '97.1': 2, '97.2': 4};1;1;x + 36
753.1;2;{'2.1': X1, '3.1': 1, '3.2': 0, '11.1': 1, '11.2': 1, '17.1': 1, '17.2': 0, '19.1': 1, '19.2': 0, '25.1': 0, '41.1': 1, '41.2': 0, '43.1': 1, '43.2': 0, '49.1': 1, '59.1': 0, '59.2': 0, '67.1': 0, '67.2': 0, '73.1': 0, '73.2': 1, '83.1': 0, '83.2': 0, '89.1': 1, '89.2': 0, '97.1': 1, '97.2': 0};1;1;x^2 + x + 1
753.1;13;{'2.1': 2, '3.1': 1, '3.2': 12, '11.1': 1, '11.2': 10, '17.1': 2, '17.2': 4, '19.1': 0, '19.2': 2, '25.1': 4, '41.1': 9, '41.2': 12, '43.1': 12, '43.2': 10, '49.1': 8, '59.1': 1, '59.2': 7, '67.1': 2, '67.2': 4, '73.1': 6, '73.2': 11, '83.1': 6, '83.2': 10, '89.1': 2, '89.2': 2, '97.1': 2, '97.2': 10};1;1;x + 12
753.1;23;{'2.1': 9, '3.1': 22, '3.2': 11, '11.1': 19, '11.2': 21, '17.1': 6, '17.2': 3, '19.1': 16, '19.2': 15, '25.1': 7, '41.1': 6, '41.2': 2, '43.1': 22, '43.2': 4, '49.1': 20, '59.1': 6, '59.2': 5, '67.1': 20, '67.2': 19, '73.1': 1, '73.2': 17, '83.1': 10, '83.2': 22, '89.1': 6, '89.2': 9, '97.1': 8, '97.2': 2};1;1;x + 22
753.1;151;{'2.1': 16, '3.1': 1, '3.2': 92, '11.1': 72, '11.2': 139, '17.1': 21, '17.2': 46, '19.1': 150, '19.2': 35, '25.1': 13, '41.1': 73, '41.2': 130, '43.1': 35, '43.2': 112, '49.1': 35, '59.1': 14, '59.2': 136, '67.1': 143, '67.2': 83, '73.1': 135, '73.2': 140, '83.1': 11, '83.2': 49, '89.1': 81, '89.2': 16, '97.1': 36, '97.2': 83};1;1;x + 150
753.2;251;{'2.1': 14, '3.1': 250, '3.2': 188, '11.1': 131, '11.2': 193, '17.1': 231, '17.2': 1, '19.1': 55, '19.2': 79, '25.1': 45, '41.1': 8, '41.2': 49, '43.1': 124, '43.2': 238, '49.1': 148, '59.1': 65, '59.2': 100, '67.1': 58, '67.2': 149, '73.1': 231, '73.2': 174, '83.1': 179, '83.2': 247, '89.1': 48, '89.2': 227, '97.1': 159, '97.2': 213};1;1;x + 250
758.1;11;{'2.1': 10, '3.1': 6, '3.2': 3, '11.1': 9, '11.2': 4, '17.1': 0, '17.2': 9, '19.1': 0, '19.2': 6, '25.1': 0, '41.1': 2, '41.2': 2, '43.1': 10, '43.2': 4, '49.1': 3, '59.1': 3, '59.2': 9, '67.1': 2, '67.2': 4, '73.1': 7, '73.2': 1, '83.1': 5, '83.2': 1, '89.1': 9, '89.2': 6, '97.1': 7, '97.2': 5};1;1;x + 10
761.1;3;{'2.1': X1^2 + X1 + 1, '3.1': 2*X1^2 + X1 + 1, '3.2': 2*X1^2 + 2, '11.1': 2*X1^2 + 2, '11.2': X1^2 + 2*X1 + 1, '17.1': 0, '17.2': 2*X1 + 2, '19.1': 2*X1^2, '19.2': X1 + 1, '25.1': X1^2 + 2, '41.1': 2*X1^2 + 2*X1 + 2, '41.2': 2, '43.1': 2*X1^2 + 2*X1, '43.2': X1^2 + 1, '49.1': X1^2 + 1, '59.1': X1 + 2, '59.2': X1^2 + X1 + 2, '67.1': 2*X1^2 + 2*X1 + 1, '67.2': X1^2 + 1, '73.1': X1^2 + 1, '73.2': 2*X1^2 + 2, '83.1': X1^2, '83.2': X1^2 + 2*X1 + 2, '89.1': X1^2 + 2*X1 + 1, '89.2': 2*X1^2, '97.1': X1 + 2, '97.2': 2*X1 + 1};1;1;x^3 + 2*x + 1
761.1;163;{'2.1': 87, '3.1': 34, '3.2': 109, '11.1': 161, '11.2': 137, '17.1': 127, '17.2': 83, '19.1': 12, '19.2': 52, '25.1': 45, '41.1': 91, '41.2': 23, '43.1': 36, '43.2': 156, '49.1': 107, '59.1': 4, '59.2': 80, '67.1': 91, '67.2': 149, '73.1': 152, '73.2': 69, '83.1': 51, '83.2': 31, '89.1': 82, '89.2': 137, '97.1': 40, '97.2': 64};1;1;x + 162
761.1;743;{'2.1': 111, '3.1': 314, '3.2': 633, '11.1': 107, '11.2': 471, '17.1': 538, '17.2': 719, '19.1': 547, '19.2': 356, '25.1': 533, '41.1': 232, '41.2': 450, '43.1': 181, '43.2': 108, '49.1': 621, '59.1': 422, '59.2': 737, '67.1': 238, '67.2': 108, '73.1': 114, '73.2': 457, '83.1': 347, '83.2': 145, '89.1': 205, '89.2': 333, '97.1': 352, '97.2': 162};1;1;x + 742
769.1;2;{'2.1': 1, '3.1': X1^2 + X1 + 1, '3.2': X1 + 1, '11.1': X1^2 + 1, '11.2': 0, '17.1': X1^2 + X1 + 1, '17.2': X1^2 + 1, '19.1': 0, '19.2': 0, '25.1': X1 + 1, '41.1': X1 + 1, '41.2': X1^2 + X1 + 1, '43.1': 0, '43.2': 0, '49.1': 0, '59.1': 0, '59.2': X1^2 + 1, '67.1': 0, '67.2': X1^2 + 1, '73.1': X1^2 + X1 + 1, '73.2': 0, '83.1': 0, '83.2': X1 + 1, '89.1': 0, '89.2': 0, '97.1': 0, '97.2': X1^2 + 1};1;2;x^3 + x + 1
769.1;2;{'2.1': 0, '3.1': X1 + 1, '3.2': X1^2 + 1, '11.1': X1^2 + X1 + 1, '11.2': 0, '17.1': X1 + 1, '17.2': X1^2 + X1 + 1, '19.1': 0, '19.2': 0, '25.1': X1^2 + 1, '41.1': X1^2 + 1, '41.2': X1 + 1, '43.1': 0, '43.2': 0, '49.1': 0, '59.1': 0, '59.2': X1^2 + X1 + 1, '67.1': 0, '67.2': X1^2 + X1 + 1, '73.1': X1 + 1, '73.2': 0, '83.1': 0, '83.2': X1^2 + 1, '89.1': 0, '89.2': 0, '97.1': 0, '97.2': X1^2 + X1 + 1};1;2;x^3 + x + 1
769.1;11;{'2.1': 10, '3.1': 8, '3.2': 5, '11.1': 6, '11.2': 3, '17.1': 8, '17.2': 2, '19.1': 6, '19.2': 0, '25.1': 3, '41.1': 10, '41.2': 4, '43.1': 1, '43.2': 0, '49.1': 10, '59.1': 1, '59.2': 7, '67.1': 5, '67.2': 4, '73.1': 3, '73.2': 6, '83.1': 5, '83.2': 1, '89.1': 9, '89.2': 7, '97.1': 6, '97.2': 8};1;1;x + 10
769.1;127849;{'2.1': 91989, '3.1': 45297, '3.2': 68307, '11.1': 73884, '11.2': 98446, '17.1': 50456, '17.2': 98672, '19.1': 36406, '19.2': 88372, '25.1': 6540, '41.1': 87958, '41.2': 62864, '43.1': 116978, '43.2': 118408, '49.1': 28764, '59.1': 103152, '59.2': 46720, '67.1': 102709, '67.2': 21031, '73.1': 115694, '73.2': 5388, '83.1': 11136, '83.2': 113574, '89.1': 126391, '89.2': 14864, '97.1': 107869, '97.2': 111884};1;1;x + 127848
771.1;47;{'2.1': 23, '3.1': 1, '3.2': 22, '11.1': 38, '11.2': 33, '17.1': 34, '17.2': 26, '19.1': 33, '19.2': 30, '25.1': 18, '41.1': 11, '41.2': 16, '43.1': 11, '43.2': 18, '49.1': 29, '59.1': 16, '59.2': 28, '67.1': 39, '67.2': 32, '73.1': 4, '73.2': 11, '83.1': 34, '83.2': 27, '89.1': 23, '89.2': 37, '97.1': 6, '97.2': 46};1;1;x + 46
771.2;2;{'2.1': 1, '3.1': 1, '3.2': X1, '11.1': X1, '11.2': X1 + 1, '17.1': 0, '17.2': X1 + 1, '19.1': 0, '19.2': 0, '25.1': X1 + 1, '41.1': X1, '41.2': X1, '43.1': 0, '43.2': 0, '49.1': X1, '59.1': 0, '59.2': 0, '67.1': X1 + 1, '67.2': 0, '73.1': X1 + 1, '73.2': 0, '83.1': X1, '83.2': 0, '89.1': 0, '89.2': X1 + 1, '97.1': 0, '97.2': X1};1;2;x^2 + x + 1
771.2;5821;{'2.1': 4862, '3.1': 1, '3.2': 3527, '11.1': 5448, '11.2': 3857, '17.1': 2118, '17.2': 1910, '19.1': 630, '19.2': 1491, '25.1': 2758, '41.1': 2368, '41.2': 2417, '43.1': 5156, '43.2': 3246, '49.1': 5264, '59.1': 2029, '59.2': 2480, '67.1': 1400, '67.2': 1579, '73.1': 2594, '73.2': 2892, '83.1': 561, '83.2': 3314, '89.1': 628, '89.2': 4319, '97.1': 2056, '97.2': 2476};1;1;x + 5820
774.2;13;{'2.1': 1, '3.1': 0, '3.2': 3, '11.1': 2, '11.2': 12, '17.1': 2, '17.2': 10, '19.1': 3, '19.2': 8, '25.1': 2, '41.1': 11, '41.2': 1, '43.1': 11, '43.2': 12, '49.1': 8, '59.1': 7, '59.2': 9, '67.1': 12, '67.2': 6, '73.1': 6, '73.2': 11, '83.1': 2, '83.2': 2, '89.1': 10, '89.2': 12, '97.1': 5, '97.2': 2};1;1;x + 12
776.1;137;{'2.1': 0, '3.1': 41, '3.2': 90, '11.1': 130, '11.2': 14, '17.1': 23, '17.2': 112, '19.1': 22, '19.2': 12, '25.1': 66, '41.1': 37, '41.2': 22, '43.1': 59, '43.2': 76, '49.1': 58, '59.1': 48, '59.2': 135, '67.1': 12, '67.2': 71, '73.1': 27, '73.2': 129, '83.1': 106, '83.2': 62, '89.1': 76, '89.2': 54, '97.1': 136, '97.2': 58};1;1;x + 136
779.1;19;{'2.1': 5, '3.1': 18, '3.2': 11, '11.1': 6, '11.2': 14, '17.1': 9, '17.2': 13, '19.1': 1, '19.2': 18, '25.1': 15, '41.1': 1, '41.2': 11, '43.1': 17, '43.2': 18, '49.1': 16, '59.1': 3, '59.2': 18, '67.1': 14, '67.2': 15, '73.1': 9, '73.2': 11, '83.1': 18, '83.2': 16, '89.1': 1, '89.2': 18, '97.1': 0, '97.2': 7};1;1;x + 18
779.1;29;{'2.1': 25, '3.1': 21, '3.2': 11, '11.1': 19, '11.2': 25, '17.1': 19, '17.2': 10, '19.1': 28, '19.2': 23, '25.1': 11, '41.1': 1, '41.2': 1, '43.1': 6, '43.2': 21, '49.1': 13, '59.1': 13, '59.2': 4, '67.1': 17, '67.2': 15, '73.1': 17, '73.2': 22, '83.1': 9, '83.2': 16, '89.1': 21, '89.2': 19, '97.1': 9, '97.2': 5};1;1;x + 28
779.1;37;{'2.1': 20, '3.1': 6, '3.2': 33, '11.1': 14, '11.2': 9, '17.1': 25, '17.2': 21, '19.1': 1, '19.2': 2, '25.1': 21, '41.1': 36, '41.2': 18, '43.1': 16, '43.2': 5, '49.1': 1, '59.1': 36, '59.2': 0, '67.1': 30, '67.2': 0, '73.1': 33, '73.2': 5, '83.1': 10, '83.2': 24, '89.1': 18, '89.2': 0, '97.1': 22, '97.2': 31};1;1;x + 36
779.2;2;{'2.1': X1^3 + X1 + 1, '3.1': X1^3 + X1, '3.2': X1^3 + X1^2 + X1 + 1, '11.1': X1^2 + X1 + 1, '11.2': X1^2 + X1, '17.1': X1^3 + X1 + 1, '17.2': X1^2 + X1, '19.1': 1, '19.2': X1^3 + X1 + 1, '25.1': X1^3 + X1 + 1, '41.1': X1^2, '41.2': 1, '43.1': X1^3 + X1^2 + 1, '43.2': X1^2, '49.1': X1^3 + X1^2 + 1, '59.1': X1^3 + X1^2, '59.2': X1^2 + 1, '67.1': X1 + 1, '67.2': X1^3 + X1^2 + 1, '73.1': X1^2, '73.2': X1^3 + X1^2, '83.1': X1^2 + X1, '83.2': X1^3 + X1, '89.1': X1^2, '89.2': X1^2, '97.1': X1 + 1, '97.2': X1^3 + 1};1;2;x^4 + x + 1
779.2;29;{'2.1': 28, '3.1': 17, '3.2': 13, '11.1': 18, '11.2': 21, '17.1': 10, '17.2': 17, '19.1': 1, '19.2': 25, '25.1': 14, '41.1': 26, '41.2': 28, '43.1': 9, '43.2': 13, '49.1': 10, '59.1': 3, '59.2': 22, '67.1': 25, '67.2': 0, '73.1': 28, '73.2': 5, '83.1': 2, '83.2': 23, '89.1': 6, '89.2': 1, '97.1': 10, '97.2': 23};1;1;x + 28
786.2;3;{'2.1': 2, '3.1': 2, '3.2': 2*X1^2 + X1 + 2, '11.1': X1^2 + 2*X1 + 1, '11.2': X1^2 + 2*X1 + 1, '17.1': 2*X1^2 + 2*X1 + 2, '17.2': X1^2 + X1, '19.1': X1^2, '19.2': X1^2 + 2*X1, '25.1': 2*X1^2 + 2*X1 + 2, '41.1': 1, '41.2': 2*X1, '43.1': 2*X1^2, '43.2': 2*X1^2 + 2*X1 + 2, '49.1': X1^2 + X1, '59.1': 2*X1^2 + X1, '59.2': 2*X1, '67.1': 2*X1 + 1, '67.2': X1^2 + X1 + 2, '73.1': 2*X1 + 2, '73.2': X1^2 + 2*X1 + 1, '83.1': 2*X1^2 + 2, '83.2': X1^2 + X1, '89.1': X1^2 + X1, '89.2': 2*X1^2 + X1 + 1, '97.1': 2*X1 + 1, '97.2': 2*X1^2 + X1};1;1;x^3 + 2*x + 1
787.1;19;{'2.1': 7, '3.1': 3, '3.2': 12, '11.1': 8, '11.2': 16, '17.1': 17, '17.2': 4, '19.1': 7, '19.2': 9, '25.1': 11, '41.1': 18, '41.2': 1, '43.1': 0, '43.2': 11, '49.1': 9, '59.1': 6, '59.2': 6, '67.1': 5, '67.2': 11, '73.1': 14, '73.2': 17, '83.1': 17, '83.2': 13, '89.1': 8, '89.2': 16, '97.1': 0, '97.2': 16};1;1;x + 18
787.1;19;{'2.1': 12, '3.1': 13, '3.2': 3, '11.1': 10, '11.2': 12, '17.1': 14, '17.2': 3, '19.1': 15, '19.2': 14, '25.1': 8, '41.1': 7, '41.2': 11, '43.1': 0, '43.2': 5, '49.1': 13, '59.1': 8, '59.2': 14, '67.1': 0, '67.2': 3, '73.1': 15, '73.2': 9, '83.1': 17, '83.2': 16, '89.1': 14, '89.2': 17, '97.1': 14, '97.2': 1};1;1;x + 18
787.1;293;{'2.1': 188, '3.1': 155, '3.2': 287, '11.1': 42, '11.2': 149, '17.1': 130, '17.2': 224, '19.1': 193, '19.2': 216, '25.1': 286, '41.1': 223, '41.2': 213, '43.1': 215, '43.2': 39, '49.1': 266, '59.1': 30, '59.2': 284, '67.1': 225, '67.2': 169, '73.1': 21, '73.2': 243, '83.1': 213, '83.2': 48, '89.1': 29, '89.2': 74, '97.1': 135, '97.2': 287};1;1;x + 292
787.1;337;{'2.1': 163, '3.1': 52, '3.2': 93, '11.1': 294, '11.2': 302, '17.1': 142, '17.2': 174, '19.1': 251, '19.2': 223, '25.1': 49, '41.1': 238, '41.2': 44, '43.1': 17, '43.2': 196, '49.1': 238, '59.1': 38, '59.2': 295, '67.1': 68, '67.2': 297, '73.1': 253, '73.2': 125, '83.1': 20, '83.2': 316, '89.1': 57, '89.2': 227, '97.1': 242, '97.2': 325};1;1;x + 336
801.1;3;{'2.1': X1, '3.1': 0, '3.2': 2*X1 + 1, '11.1': X1 + 1, '11.2': 2*X1, '17.1': 1, '17.2': X1 + 2, '19.1': 2, '19.2': X1 + 2, '25.1': 0, '41.1': 2*X1 + 1, '41.2': 0, '43.1': 0, '43.2': 1, '49.1': X1 + 2, '59.1': 1, '59.2': X1 + 2, '67.1': 2*X1 + 1, '67.2': 2*X1 + 2, '73.1': 2*X1 + 2, '73.2': 2*X1 + 2, '83.1': 2*X1, '83.2': 2*X1, '89.1': 2, '89.2': 0, '97.1': X1 + 2, '97.2': 2*X1};1;1;x^2 + 2*x + 2
801.1;17;{'2.1': 5, '3.1': 0, '3.2': 8, '11.1': 16, '11.2': 2, '17.1': 7, '17.2': 11, '19.1': 4, '19.2': 11, '25.1': 5, '41.1': 1, '41.2': 2, '43.1': 11, '43.2': 4, '49.1': 9, '59.1': 15, '59.2': 8, '67.1': 12, '67.2': 4, '73.1': 0, '73.2': 12, '83.1': 2, '83.2': 14, '89.1': 16, '89.2': 10, '97.1': 10, '97.2': 9};1;1;x + 16
801.1;23;{'2.1': 8, '3.1': 0, '3.2': 11, '11.1': 5, '11.2': 3, '17.1': 21, '17.2': 18, '19.1': 17, '19.2': 6, '25.1': 8, '41.1': 2, '41.2': 1, '43.1': 20, '43.2': 20, '49.1': 5, '59.1': 6, '59.2': 7, '67.1': 7, '67.2': 9, '73.1': 0, '73.2': 4, '83.1': 16, '83.2': 8, '89.1': 1, '89.2': 4, '97.1': 12, '97.2': 8};1;1;x + 22
801.2;23;{'2.1': 4, '3.1': 0, '3.2': 7, '11.1': 5, '11.2': 18, '17.1': 4, '17.2': 1, '19.1': 15, '19.2': 17, '25.1': 5, '41.1': 5, '41.2': 13, '43.1': 15, '43.2': 14, '49.1': 15, '59.1': 6, '59.2': 13, '67.1': 2, '67.2': 11, '73.1': 19, '73.2': 19, '83.1': 16, '83.2': 4, '89.1': 11, '89.2': 1, '97.1': 18, '97.2': 17};1;1;x + 22
801.2;71;{'2.1': 27, '3.1': 0, '3.2': 10, '11.1': 48, '11.2': 21, '17.1': 64, '17.2': 59, '19.1': 61, '19.2': 68, '25.1': 49, '41.1': 59, '41.2': 65, '43.1': 32, '43.2': 69, '49.1': 29, '59.1': 36, '59.2': 19, '67.1': 64, '67.2': 67, '73.1': 54, '73.2': 57, '83.1': 59, '83.2': 19, '89.1': 28, '89.2': 70, '97.1': 56, '97.2': 32};1;1;x + 70
802.1;331;{'2.1': 1, '3.1': 35, '3.2': 248, '11.1': 142, '11.2': 219, '17.1': 220, '17.2': 307, '19.1': 26, '19.2': 313, '25.1': 171, '41.1': 75, '41.2': 247, '43.1': 187, '43.2': 238, '49.1': 88, '59.1': 179, '59.2': 243, '67.1': 194, '67.2': 290, '73.1': 180, '73.2': 17, '83.1': 80, '83.2': 91, '89.1': 75, '89.2': 219, '97.1': 1, '97.2': 13};1;1;x + 330
802.1;3547;{'2.1': 3546, '3.1': 2861, '3.2': 259, '11.1': 1368, '11.2': 1137, '17.1': 3203, '17.2': 1075, '19.1': 863, '19.2': 2007, '25.1': 3296, '41.1': 873, '41.2': 3388, '43.1': 2344, '43.2': 2199, '49.1': 2464, '59.1': 2899, '59.2': 2717, '67.1': 1325, '67.2': 762, '73.1': 1535, '73.2': 2892, '83.1': 451, '83.2': 1349, '89.1': 455, '89.2': 421, '97.1': 1150, '97.2': 2941};1;1;x + 3546
803.1;13;{'2.1': 1, '3.1': 5, '3.2': 9, '11.1': 1, '11.2': 8, '17.1': 3, '17.2': 0, '19.1': 4, '19.2': 7, '25.1': 7, '41.1': 8, '41.2': 9, '43.1': 5, '43.2': 0, '49.1': 11, '59.1': 9, '59.2': 7, '67.1': 7, '67.2': 10, '73.1': 1, '73.2': 4, '83.1': 4, '83.2': 6, '89.1': 7, '89.2': 11, '97.1': 8, '97.2': 5};1;1;x + 12
803.2;7;{'2.1': 5, '3.1': 5, '3.2': 5, '11.1': 1, '11.2': 1, '17.1': 5, '17.2': 1, '19.1': 1, '19.2': 1, '25.1': 2, '41.1': 4, '41.2': 3, '43.1': 3, '43.2': 0, '49.1': 3, '59.1': 2, '59.2': 4, '67.1': 3, '67.2': 2, '73.1': 3, '73.2': 6, '83.1': 0, '83.2': 0, '89.1': 2, '89.2': 5, '97.1': 0, '97.2': 2};1;1;x + 6
803.2;11;{'2.1': 7, '3.1': 3, '3.2': 7, '11.1': 1, '11.2': 4, '17.1': 9, '17.2': 8, '19.1': 1, '19.2': 2, '25.1': 0, '41.1': 8, '41.2': 1, '43.1': 3, '43.2': 4, '49.1': 9, '59.1': 8, '59.2': 1, '67.1': 5, '67.2': 4, '73.1': 10, '73.2': 1, '83.1': 6, '83.2': 8, '89.1': 7, '89.2': 6, '97.1': 9, '97.2': 6};1;1;x + 10
804.1;23;{'2.1': 0, '3.1': 22, '3.2': 9, '11.1': 19, '11.2': 10, '17.1': 7, '17.2': 8, '19.1': 9, '19.2': 20, '25.1': 22, '41.1': 12, '41.2': 18, '43.1': 11, '43.2': 0, '49.1': 2, '59.1': 6, '59.2': 10, '67.1': 22, '67.2': 18, '73.1': 13, '73.2': 11, '83.1': 14, '83.2': 3, '89.1': 22, '89.2': 5, '97.1': 1, '97.2': 19};1;1;x + 22
809.1;191;{'2.1': 171, '3.1': 159, '3.2': 18, '11.1': 111, '11.2': 76, '17.1': 167, '17.2': 179, '19.1': 119, '19.2': 25, '25.1': 28, '41.1': 189, '41.2': 77, '43.1': 182, '43.2': 184, '49.1': 52, '59.1': 93, '59.2': 181, '67.1': 156, '67.2': 64, '73.1': 9, '73.2': 14, '83.1': 120, '83.2': 154, '89.1': 143, '89.2': 156, '97.1': 119, '97.2': 76};1;1;x + 190
809.1;347;{'2.1': 54, '3.1': 4, '3.2': 293, '11.1': 292, '11.2': 291, '17.1': 307, '17.2': 344, '19.1': 24, '19.2': 243, '25.1': 128, '41.1': 57, '41.2': 49, '43.1': 39, '43.2': 266, '49.1': 240, '59.1': 137, '59.2': 17, '67.1': 98, '67.2': 343, '73.1': 233, '73.2': 314, '83.1': 238, '83.2': 216, '89.1': 11, '89.2': 92, '97.1': 316, '97.2': 217};1;1;x + 346
811.1;1487;{'2.1': 847, '3.1': 703, '3.2': 314, '11.1': 1259, '11.2': 1090, '17.1': 370, '17.2': 854, '19.1': 1029, '19.2': 1114, '25.1': 13, '41.1': 1254, '41.2': 1422, '43.1': 271, '43.2': 1431, '49.1': 638, '59.1': 1181, '59.2': 739, '67.1': 1148, '67.2': 1011, '73.1': 1337, '73.2': 1165, '83.1': 240, '83.2': 972, '89.1': 1228, '89.2': 1022, '97.1': 945, '97.2': 687};1;1;x + 1486
811.1;1831;{'2.1': 500, '3.1': 205, '3.2': 461, '11.1': 491, '11.2': 885, '17.1': 1654, '17.2': 230, '19.1': 891, '19.2': 965, '25.1': 1668, '41.1': 1618, '41.2': 1442, '43.1': 838, '43.2': 437, '49.1': 507, '59.1': 591, '59.2': 1034, '67.1': 1749, '67.2': 1166, '73.1': 961, '73.2': 1349, '83.1': 614, '83.2': 404, '89.1': 1521, '89.2': 1202, '97.1': 162, '97.2': 928};1;1;x + 1830
811.1;2617;{'2.1': 1965, '3.1': 103, '3.2': 1660, '11.1': 2352, '11.2': 234, '17.1': 2546, '17.2': 972, '19.1': 1823, '19.2': 1458, '25.1': 1732, '41.1': 2244, '41.2': 1872, '43.1': 504, '43.2': 1104, '49.1': 1305, '59.1': 1264, '59.2': 712, '67.1': 2448, '67.2': 199, '73.1': 121, '73.2': 1675, '83.1': 2060, '83.2': 1198, '89.1': 470, '89.2': 2348, '97.1': 654, '97.2': 1822};1;1;x + 2616
817.1;23;{'2.1': 3, '3.1': 12, '3.2': 8, '11.1': 15, '11.2': 19, '17.1': 5, '17.2': 7, '19.1': 1, '19.2': 10, '25.1': 10, '41.1': 1, '41.2': 16, '43.1': 1, '43.2': 5, '49.1': 17, '59.1': 5, '59.2': 7, '67.1': 1, '67.2': 4, '73.1': 12, '73.2': 22, '83.1': 20, '83.2': 14, '89.1': 22, '89.2': 8, '97.1': 7, '97.2': 22};1;1;x + 22
817.1;47;{'2.1': 19, '3.1': 37, '3.2': 22, '11.1': 1, '11.2': 21, '17.1': 29, '17.2': 14, '19.1': 46, '19.2': 13, '25.1': 40, '41.1': 43, '41.2': 22, '43.1': 1, '43.2': 27, '49.1': 21, '59.1': 5, '59.2': 25, '67.1': 23, '67.2': 10, '73.1': 16, '73.2': 6, '83.1': 42, '83.2': 36, '89.1': 32, '89.2': 7, '97.1': 19, '97.2': 26};1;1;x + 46
817.1;809;{'2.1': 23, '3.1': 633, '3.2': 201, '11.1': 565, '11.2': 26, '17.1': 387, '17.2': 567, '19.1': 808, '19.2': 267, '25.1': 754, '41.1': 456, '41.2': 713, '43.1': 1, '43.2': 85, '49.1': 128, '59.1': 383, '59.2': 451, '67.1': 457, '67.2': 521, '73.1': 392, '73.2': 463, '83.1': 595, '83.2': 569, '89.1': 464, '89.2': 781, '97.1': 342, '97.2': 775};1;1;x + 808
817.2;107;{'2.1': 7, '3.1': 6, '3.2': 78, '11.1': 95, '11.2': 53, '17.1': 89, '17.2': 30, '19.1': 106, '19.2': 75, '25.1': 16, '41.1': 50, '41.2': 44, '43.1': 25, '43.2': 106, '49.1': 1, '59.1': 16, '59.2': 23, '67.1': 19, '67.2': 55, '73.1': 92, '73.2': 17, '83.1': 5, '83.2': 48, '89.1': 27, '89.2': 0, '97.1': 87, '97.2': 70};1;1;x + 106
817.2;353;{'2.1': 288, '3.1': 309, '3.2': 261, '11.1': 117, '11.2': 204, '17.1': 137, '17.2': 197, '19.1': 352, '19.2': 76, '25.1': 322, '41.1': 115, '41.2': 63, '43.1': 322, '43.2': 1, '49.1': 312, '59.1': 258, '59.2': 325, '67.1': 220, '67.2': 111, '73.1': 258, '73.2': 121, '83.1': 97, '83.2': 273, '89.1': 173, '89.2': 174, '97.1': 246, '97.2': 233};1;1;x + 352
817.2;206483;{'2.1': 193750, '3.1': 125632, '3.2': 85029, '11.1': 17391, '11.2': 26037, '17.1': 113049, '17.2': 173847, '19.1': 1, '19.2': 122336, '25.1': 122702, '41.1': 183542, '41.2': 158687, '43.1': 166400, '43.2': 206482, '49.1': 103904, '59.1': 92644, '59.2': 130577, '67.1': 200669, '67.2': 138394, '73.1': 120681, '73.2': 70617, '83.1': 36061, '83.2': 164819, '89.1': 109553, '89.2': 126285, '97.1': 124933, '97.2': 129626};1;1;x + 206482
818.1;743;{'2.1': 742, '3.1': 314, '3.2': 168, '11.1': 568, '11.2': 451, '17.1': 196, '17.2': 708, '19.1': 482, '19.2': 93, '25.1': 93, '41.1': 438, '41.2': 598, '43.1': 45, '43.2': 145, '49.1': 742, '59.1': 77, '59.2': 350, '67.1': 378, '67.2': 740, '73.1': 570, '73.2': 139, '83.1': 362, '83.2': 464, '89.1': 559, '89.2': 720, '97.1': 671, '97.2': 13};1;1;x + 742
822.1;2;{'2.1': 1, '3.1': 1, '3.2': X1, '11.1': X1 + 1, '11.2': 0, '17.1': X1 + 1, '17.2': 0, '19.1': X1, '19.2': X1, '25.1': 0, '41.1': 0, '41.2': 0, '43.1': X1 + 1, '43.2': 0, '49.1': 0, '59.1': 0, '59.2': X1 + 1, '67.1': X1 + 1, '67.2': 0, '73.1': X1, '73.2': X1, '83.1': X1 + 1, '83.2': X1, '89.1': 0, '89.2': 0, '97.1': X1 + 1, '97.2': 0};1;2;x^2 + x + 1
822.2;3;{'2.1': 2, '3.1': 1, '3.2': X1, '11.1': X1 + 1, '11.2': 2*X1, '17.1': 1, '17.2': X1, '19.1': X1 + 1, '19.2': 2*X1 + 1, '25.1': 2*X1 + 2, '41.1': X1, '41.2': 0, '43.1': 2*X1 + 1, '43.2': 2*X1, '49.1': 2, '59.1': 2*X1 + 2, '59.2': 2*X1 + 2, '67.1': X1 + 2, '67.2': X1 + 1, '73.1': 1, '73.2': X1 + 2, '83.1': X1, '83.2': 2*X1, '89.1': 2, '89.2': 2*X1, '97.1': 1, '97.2': 2*X1};1;1;x^2 + 2*x + 2
822.2;23;{'2.1': 1, '3.1': 22, '3.2': 17, '11.1': 15, '11.2': 13, '17.1': 8, '17.2': 7, '19.1': 5, '19.2': 8, '25.1': 12, '41.1': 7, '41.2': 14, '43.1': 4, '43.2': 8, '49.1': 5, '59.1': 12, '59.2': 1, '67.1': 9, '67.2': 12, '73.1': 4, '73.2': 21, '83.1': 2, '83.2': 9, '89.1': 2, '89.2': 15, '97.1': 5, '97.2': 0};1;1;x + 22
825.1;13;{'2.1': 7, '3.1': 12, '3.2': 1, '11.1': 1, '11.2': 5, '17.1': 8, '17.2': 11, '19.1': 3, '19.2': 2, '25.1': 12, '41.1': 1, '41.2': 10, '43.1': 7, '43.2': 9, '49.1': 1, '59.1': 6, '59.2': 4, '67.1': 7, '67.2': 2, '73.1': 4, '73.2': 3, '83.1': 8, '83.2': 9, '89.1': 3, '89.2': 12, '97.1': 5, '97.2': 8};1;1;x + 12
825.1;19;{'2.1': 5, '3.1': 1, '3.2': 10, '11.1': 1, '11.2': 3, '17.1': 1, '17.2': 0, '19.1': 15, '19.2': 15, '25.1': 1, '41.1': 6, '41.2': 13, '43.1': 1, '43.2': 2, '49.1': 7, '59.1': 13, '59.2': 8, '67.1': 11, '67.2': 14, '73.1': 5, '73.2': 8, '83.1': 9, '83.2': 1, '89.1': 10, '89.2': 3, '97.1': 16, '97.2': 3};1;1;x + 18
825.1;227;{'2.1': 23, '3.1': 1, '3.2': 43, '11.1': 226, '11.2': 224, '17.1': 167, '17.2': 90, '19.1': 33, '19.2': 106, '25.1': 226, '41.1': 30, '41.2': 188, '43.1': 122, '43.2': 124, '49.1': 8, '59.1': 81, '59.2': 106, '67.1': 117, '67.2': 89, '73.1': 99, '73.2': 43, '83.1': 59, '83.2': 90, '89.1': 212, '89.2': 26, '97.1': 28, '97.2': 209};1;1;x + 226
825.2;23;{'2.1': 15, '3.1': 1, '3.2': 6, '11.1': 15, '11.2': 22, '17.1': 12, '17.2': 8, '19.1': 0, '19.2': 10, '25.1': 22, '41.1': 16, '41.2': 8, '43.1': 11, '43.2': 14, '49.1': 0, '59.1': 7, '59.2': 5, '67.1': 22, '67.2': 14, '73.1': 16, '73.2': 21, '83.1': 8, '83.2': 8, '89.1': 4, '89.2': 7, '97.1': 9, '97.2': 12};1;1;x + 22
827.1;311;{'2.1': 73, '3.1': 214, '3.2': 184, '11.1': 127, '11.2': 5, '17.1': 200, '17.2': 76, '19.1': 156, '19.2': 214, '25.1': 25, '41.1': 197, '41.2': 43, '43.1': 68, '43.2': 226, '49.1': 24, '59.1': 64, '59.2': 130, '67.1': 200, '67.2': 20, '73.1': 3, '73.2': 27, '83.1': 221, '83.2': 91, '89.1': 246, '89.2': 149, '97.1': 123, '97.2': 243};1;1;x + 310
827.1;1621;{'2.1': 172, '3.1': 206, '3.2': 259, '11.1': 797, '11.2': 924, '17.1': 226, '17.2': 1414, '19.1': 740, '19.2': 728, '25.1': 1190, '41.1': 251, '41.2': 1219, '43.1': 792, '43.2': 1067, '49.1': 1552, '59.1': 385, '59.2': 544, '67.1': 1116, '67.2': 1440, '73.1': 1255, '73.2': 129, '83.1': 16, '83.2': 591, '89.1': 1294, '89.2': 701, '97.1': 731, '97.2': 802};1;1;x + 1620
827.1;4219;{'2.1': 2638, '3.1': 438, '3.2': 1034, '11.1': 3962, '11.2': 3048, '17.1': 1727, '17.2': 377, '19.1': 3354, '19.2': 2352, '25.1': 1980, '41.1': 4111, '41.2': 2953, '43.1': 2104, '43.2': 3188, '49.1': 281, '59.1': 329, '59.2': 621, '67.1': 568, '67.2': 157, '73.1': 2127, '73.2': 670, '83.1': 3434, '83.2': 3948, '89.1': 3698, '89.2': 3737, '97.1': 3888, '97.2': 1640};1;1;x + 4218
833.1;2371;{'2.1': 1336, '3.1': 536, '3.2': 298, '11.1': 1082, '11.2': 2300, '17.1': 2370, '17.2': 602, '19.1': 1775, '19.2': 1594, '25.1': 1638, '41.1': 59, '41.2': 690, '43.1': 2069, '43.2': 2103, '49.1': 1, '59.1': 1149, '59.2': 108, '67.1': 716, '67.2': 1774, '73.1': 766, '73.2': 206, '83.1': 1464, '83.2': 1844, '89.1': 409, '89.2': 1783, '97.1': 421, '97.2': 242};1;1;x + 2370
834.1;13;{'2.1': 12, '3.1': 1, '3.2': 5, '11.1': 0, '11.2': 10, '17.1': 7, '17.2': 10, '19.1': 2, '19.2': 9, '25.1': 10, '41.1': 5, '41.2': 3, '43.1': 10, '43.2': 10, '49.1': 12, '59.1': 12, '59.2': 4, '67.1': 11, '67.2': 5, '73.1': 9, '73.2': 8, '83.1': 6, '83.2': 2, '89.1': 11, '89.2': 8, '97.1': 2, '97.2': 1};1;1;x + 12
836.2;23;{'2.1': 0, '3.1': 12, '3.2': 5, '11.1': 1, '11.2': 22, '17.1': 11, '17.2': 5, '19.1': 0, '19.2': 1, '25.1': 19, '41.1': 5, '41.2': 4, '43.1': 10, '43.2': 5, '49.1': 12, '59.1': 9, '59.2': 10, '67.1': 17, '67.2': 17, '73.1': 17, '73.2': 6, '83.1': 5, '83.2': 20, '89.1': 10, '89.2': 11, '97.1': 21, '97.2': 2};1;1;x + 22
838.1;29;{'2.1': 1, '3.1': 4, '3.2': 28, '11.1': 14, '11.2': 10, '17.1': 25, '17.2': 4, '19.1': 16, '19.2': 7, '25.1': 17, '41.1': 6, '41.2': 16, '43.1': 1, '43.2': 9, '49.1': 20, '59.1': 7, '59.2': 14, '67.1': 1, '67.2': 17, '73.1': 14, '73.2': 15, '83.1': 26, '83.2': 15, '89.1': 22, '89.2': 1, '97.1': 8, '97.2': 19};1;1;x + 28
838.1;107;{'2.1': 106, '3.1': 20, '3.2': 74, '11.1': 75, '11.2': 43, '17.1': 24, '17.2': 47, '19.1': 52, '19.2': 19, '25.1': 28, '41.1': 14, '41.2': 53, '43.1': 50, '43.2': 84, '49.1': 100, '59.1': 68, '59.2': 60, '67.1': 93, '67.2': 61, '73.1': 52, '73.2': 42, '83.1': 29, '83.2': 47, '89.1': 58, '89.2': 74, '97.1': 89, '97.2': 56};1;1;x + 106
841.1;113;{'2.1': 31, '3.1': 99*X1 + 30, '3.2': 14*X1 + 88, '11.1': 63*X1 + 11, '11.2': 50*X1 + 89, '17.1': 38*X1 + 75, '17.2': 75*X1 + 79, '19.1': 83*X1 + 13, '19.2': 30*X1 + 105, '25.1': 23, '41.1': 88*X1 + 67, '41.2': 25*X1 + 106, '43.1': 65*X1 + 74, '43.2': 48*X1 + 63, '49.1': 75, '59.1': 30*X1 + 76, '59.2': 83*X1 + 97, '67.1': 90*X1 + 94, '67.2': 23*X1 + 44, '73.1': 97*X1 + 55, '73.2': 16*X1 + 89, '83.1': 12*X1 + 73, '83.2': 101*X1 + 104, '89.1': 30*X1 + 12, '89.2': 83*X1 + 33, '97.1': 71*X1 + 26, '97.2': 42*X1 + 87};1;1;x^2 + 101*x + 3
843.1;29;{'2.1': 23, '3.1': 1, '3.2': 5, '11.1': 15, '11.2': 21, '17.1': 26, '17.2': 19, '19.1': 21, '19.2': 20, '25.1': 2, '41.1': 16, '41.2': 13, '43.1': 16, '43.2': 5, '49.1': 25, '59.1': 6, '59.2': 26, '67.1': 8, '67.2': 24, '73.1': 15, '73.2': 20, '83.1': 4, '83.2': 8, '89.1': 18, '89.2': 15, '97.1': 5, '97.2': 3};1;1;x + 28
843.1;251;{'2.1': 15, '3.1': 250, '3.2': 20, '11.1': 180, '11.2': 140, '17.1': 93, '17.2': 119, '19.1': 61, '19.2': 11, '25.1': 249, '41.1': 18, '41.2': 144, '43.1': 22, '43.2': 147, '49.1': 232, '59.1': 201, '59.2': 250, '67.1': 132, '67.2': 152, '73.1': 107, '73.2': 228, '83.1': 5, '83.2': 152, '89.1': 159, '89.2': 146, '97.1': 127, '97.2': 17};1;1;x + 250
844.1;41;{'2.1': 0, '3.1': 29, '3.2': 13, '11.1': 11, '11.2': 21, '17.1': 31, '17.2': 38, '19.1': 6, '19.2': 36, '25.1': 32, '41.1': 18, '41.2': 20, '43.1': 17, '43.2': 19, '49.1': 22, '59.1': 2, '59.2': 22, '67.1': 3, '67.2': 32, '73.1': 40, '73.2': 36, '83.1': 9, '83.2': 21, '89.1': 19, '89.2': 19, '97.1': 25, '97.2': 10};1;1;x + 40
849.1;2;{'2.1': X1^3 + X1^2, '3.1': 1, '3.2': X1^2 + X1 + 1, '11.1': 0, '11.2': X1^2 + X1, '17.1': 0, '17.2': 0, '19.1': X1^2 + X1 + 1, '19.2': 0, '25.1': X1^2 + X1, '41.1': 0, '41.2': X1^2 + X1 + 1, '43.1': X1^2 + X1, '43.2': 0, '49.1': X1^2 + X1 + 1, '59.1': X1^2 + X1 + 1, '59.2': 0, '67.1': X1^2 + X1, '67.2': 0, '73.1': 0, '73.2': 0, '83.1': 0, '83.2': X1^2 + X1 + 1, '89.1': 0, '89.2': X1^2 + X1, '97.1': 0, '97.2': 0};1;1;x^4 + x + 1
849.1;2;{'2.1': 0, '3.1': 1, '3.2': X1 + 1, '11.1': 0, '11.2': X1, '17.1': 0, '17.2': 0, '19.1': X1 + 1, '19.2': 0, '25.1': X1, '41.1': 0, '41.2': X1 + 1, '43.1': X1, '43.2': 0, '49.1': X1 + 1, '59.1': X1 + 1, '59.2': 0, '67.1': X1, '67.2': 0, '73.1': 0, '73.2': 0, '83.1': 0, '83.2': X1 + 1, '89.1': 0, '89.2': X1, '97.1': 0, '97.2': 0};1;2;x^2 + x + 1
849.1;11;{'2.1': 2, '3.1': 10, '3.2': 10, '11.1': 6, '11.2': 6, '17.1': 1, '17.2': 0, '19.1': 1, '19.2': 1, '25.1': 4, '41.1': 6, '41.2': 5, '43.1': 0, '43.2': 7, '49.1': 3, '59.1': 0, '59.2': 0, '67.1': 5, '67.2': 6, '73.1': 10, '73.2': 9, '83.1': 9, '83.2': 7, '89.1': 3, '89.2': 9, '97.1': 10, '97.2': 9};1;1;x + 10
849.2;7;{'2.1': 6, '3.1': 1, '3.2': 6, '11.1': 6, '11.2': 6, '17.1': 2, '17.2': 5, '19.1': 6, '19.2': 3, '25.1': 2, '41.1': 2, '41.2': 0, '43.1': 0, '43.2': 6, '49.1': 6, '59.1': 2, '59.2': 0, '67.1': 0, '67.2': 2, '73.1': 0, '73.2': 3, '83.1': 3, '83.2': 4, '89.1': 1, '89.2': 5, '97.1': 4, '97.2': 1};1;1;x + 6
849.2;7;{'2.1': 2, '3.1': 6, '3.2': 0, '11.1': 1, '11.2': 0, '17.1': 2, '17.2': 0, '19.1': 4, '19.2': 2, '25.1': 3, '41.1': 1, '41.2': 6, '43.1': 6, '43.2': 3, '49.1': 6, '59.1': 1, '59.2': 4, '67.1': 6, '67.2': 2, '73.1': 4, '73.2': 6, '83.1': 5, '83.2': 5, '89.1': 4, '89.2': 6, '97.1': 6, '97.2': 4};1;1;x + 6
849.2;271;{'2.1': 83, '3.1': 270, '3.2': 128, '11.1': 99, '11.2': 122, '17.1': 98, '17.2': 2, '19.1': 238, '19.2': 88, '25.1': 41, '41.1': 176, '41.2': 266, '43.1': 40, '43.2': 138, '49.1': 183, '59.1': 89, '59.2': 21, '67.1': 131, '67.2': 114, '73.1': 31, '73.2': 268, '83.1': 190, '83.2': 6, '89.1': 7, '89.2': 155, '97.1': 187, '97.2': 21};1;1;x + 270
849.2;1409;{'2.1': 65, '3.1': 1, '3.2': 205, '11.1': 801, '11.2': 455, '17.1': 1136, '17.2': 544, '19.1': 859, '19.2': 1070, '25.1': 535, '41.1': 1357, '41.2': 764, '43.1': 609, '43.2': 1251, '49.1': 295, '59.1': 1152, '59.2': 1023, '67.1': 758, '67.2': 1177, '73.1': 638, '73.2': 943, '83.1': 843, '83.2': 1002, '89.1': 361, '89.2': 627, '97.1': 1141, '97.2': 54};1;1;x + 1408
850.1;11;{'2.1': 10, '3.1': 5, '3.2': 0, '11.1': 5, '11.2': 3, '17.1': 10, '17.2': 7, '19.1': 4, '19.2': 9, '25.1': 1, '41.1': 2, '41.2': 6, '43.1': 2, '43.2': 2, '49.1': 8, '59.1': 7, '59.2': 7, '67.1': 3, '67.2': 1, '73.1': 1, '73.2': 8, '83.1': 6, '83.2': 2, '89.1': 6, '89.2': 6, '97.1': 4, '97.2': 5};1;1;x + 10
850.1;41;{'2.1': 40, '3.1': 37, '3.2': 29, '11.1': 28, '11.2': 27, '17.1': 1, '17.2': 39, '19.1': 27, '19.2': 27, '25.1': 40, '41.1': 32, '41.2': 2, '43.1': 3, '43.2': 38, '49.1': 0, '59.1': 21, '59.2': 37, '67.1': 36, '67.2': 28, '73.1': 15, '73.2': 28, '83.1': 0, '83.2': 14, '89.1': 31, '89.2': 3, '97.1': 36, '97.2': 22};1;1;x + 40
850.1;83;{'2.1': 1, '3.1': 22, '3.2': 73, '11.1': 36, '11.2': 58, '17.1': 82, '17.2': 55, '19.1': 38, '19.2': 47, '25.1': 82, '41.1': 64, '41.2': 40, '43.1': 73, '43.2': 4, '49.1': 78, '59.1': 66, '59.2': 81, '67.1': 0, '67.2': 37, '73.1': 28, '73.2': 72, '83.1': 33, '83.2': 62, '89.1': 35, '89.2': 54, '97.1': 41, '97.2': 30};1;1;x + 82
856.1;257;{'2.1': 0, '3.1': 125, '3.2': 35, '11.1': 113, '11.2': 24, '17.1': 175, '17.2': 10, '19.1': 56, '19.2': 103, '25.1': 109, '41.1': 186, '41.2': 182, '43.1': 10, '43.2': 228, '49.1': 108, '59.1': 252, '59.2': 137, '67.1': 197, '67.2': 19, '73.1': 118, '73.2': 35, '83.1': 28, '83.2': 210, '89.1': 85, '89.2': 148, '97.1': 203, '97.2': 66};1;1;x + 256
857.1;3275971;{'2.1': 2011303, '3.1': 2934783, '3.2': 3193974, '11.1': 1379898, '11.2': 884419, '17.1': 227177, '17.2': 814978, '19.1': 1950174, '19.2': 14107, '25.1': 1989474, '41.1': 1622644, '41.2': 881308, '43.1': 649108, '43.2': 1010905, '49.1': 2262922, '59.1': 1252511, '59.2': 48791, '67.1': 482337, '67.2': 2645976, '73.1': 1506646, '73.2': 2919138, '83.1': 2088739, '83.2': 1162098, '89.1': 460984, '89.2': 1595821, '97.1': 2478352, '97.2': 1301264};1;1;x + 3275970
859.1;59;{'2.1': 29, '3.1': 5, '3.2': 41, '11.1': 11, '11.2': 36, '17.1': 41, '17.2': 10, '19.1': 45, '19.2': 0, '25.1': 16, '41.1': 7, '41.2': 46, '43.1': 5, '43.2': 23, '49.1': 10, '59.1': 34, '59.2': 28, '67.1': 34, '67.2': 12, '73.1': 53, '73.2': 1, '83.1': 0, '83.2': 37, '89.1': 55, '89.2': 6, '97.1': 54, '97.2': 52};1;1;x + 58
859.1;71;{'2.1': 5, '3.1': 14, '3.2': 60, '11.1': 9, '11.2': 7, '17.1': 35, '17.2': 37, '19.1': 58, '19.2': 60, '25.1': 21, '41.1': 57, '41.2': 55, '43.1': 25, '43.2': 63, '49.1': 52, '59.1': 0, '59.2': 50, '67.1': 26, '67.2': 0, '73.1': 62, '73.2': 68, '83.1': 8, '83.2': 18, '89.1': 44, '89.2': 57, '97.1': 61, '97.2': 4};1;1;x + 70
859.1;7499;{'2.1': 5817, '3.1': 6080, '3.2': 1250, '11.1': 454, '11.2': 5568, '17.1': 3637, '17.2': 996, '19.1': 2841, '19.2': 3651, '25.1': 3123, '41.1': 6029, '41.2': 1873, '43.1': 2474, '43.2': 2011, '49.1': 5749, '59.1': 3745, '59.2': 4987, '67.1': 5194, '67.2': 770, '73.1': 2984, '73.2': 498, '83.1': 4371, '83.2': 5367, '89.1': 1347, '89.2': 4205, '97.1': 4538, '97.2': 3055};1;1;x + 7498
866.1;2;{'2.1': 1, '3.1': 1, '3.2': 1, '11.1': 1, '11.2': X1, '17.1': 1, '17.2': X1, '19.1': X1, '19.2': X1 + 1, '25.1': X1, '41.1': 0, '41.2': X1 + 1, '43.1': 1, '43.2': X1 + 1, '49.1': X1, '59.1': 1, '59.2': X1 + 1, '67.1': 1, '67.2': X1 + 1, '73.1': X1 + 1, '73.2': 1, '83.1': X1 + 1, '83.2': 1, '89.1': 0, '89.2': X1, '97.1': 1, '97.2': 1};1;2;x^2 + x + 1
866.1;19;{'2.1': 18, '3.1': 11, '3.2': 8, '11.1': 5, '11.2': 15, '17.1': 5, '17.2': 4, '19.1': 13, '19.2': 7, '25.1': 1, '41.1': 12, '41.2': 1, '43.1': 13, '43.2': 14, '49.1': 14, '59.1': 10, '59.2': 10, '67.1': 8, '67.2': 16, '73.1': 1, '73.2': 10, '83.1': 0, '83.2': 14, '89.1': 18, '89.2': 7, '97.1': 13, '97.2': 1};1;1;x + 18
873.1;17;{'2.1': 16, '3.1': 0, '3.2': 5, '11.1': 13, '11.2': 8, '17.1': 7, '17.2': 8, '19.1': 16, '19.2': 4, '25.1': 1, '41.1': 6, '41.2': 5, '43.1': 7, '43.2': 10, '49.1': 11, '59.1': 8, '59.2': 15, '67.1': 6, '67.2': 1, '73.1': 14, '73.2': 10, '83.1': 2, '83.2': 4, '89.1': 12, '89.2': 14, '97.1': 16, '97.2': 2};1;1;x + 16
873.1;43;{'2.1': 18, '3.1': 0, '3.2': 7, '11.1': 32, '11.2': 41, '17.1': 15, '17.2': 10, '19.1': 18, '19.2': 8, '25.1': 22, '41.1': 24, '41.2': 11, '43.1': 8, '43.2': 0, '49.1': 24, '59.1': 10, '59.2': 6, '67.1': 35, '67.2': 22, '73.1': 39, '73.2': 13, '83.1': 19, '83.2': 39, '89.1': 11, '89.2': 4, '97.1': 42, '97.2': 34};1;1;x + 42
873.2;17;{'2.1': 1, '3.1': 0, '3.2': 8, '11.1': 9, '11.2': 4, '17.1': 9, '17.2': 10, '19.1': 4, '19.2': 16, '25.1': 1, '41.1': 12, '41.2': 11, '43.1': 10, '43.2': 7, '49.1': 11, '59.1': 2, '59.2': 9, '67.1': 1, '67.2': 6, '73.1': 10, '73.2': 14, '83.1': 13, '83.2': 15, '89.1': 3, '89.2': 5, '97.1': 2, '97.2': 16};1;1;x + 16
873.2;109;{'2.1': 84, '3.1': 0, '3.2': 10, '11.1': 39, '11.2': 29, '17.1': 38, '17.2': 25, '19.1': 32, '19.2': 51, '25.1': 95, '41.1': 64, '41.2': 91, '43.1': 28, '43.2': 17, '49.1': 36, '59.1': 48, '59.2': 42, '67.1': 27, '67.2': 14, '73.1': 18, '73.2': 62, '83.1': 28, '83.2': 51, '89.1': 86, '89.2': 88, '97.1': 68, '97.2': 108};1;1;x + 108
876.1;31;{'2.1': 0, '3.1': 30, '3.2': 13, '11.1': 28, '11.2': 6, '17.1': 10, '17.2': 25, '19.1': 4, '19.2': 0, '25.1': 27, '41.1': 18, '41.2': 11, '43.1': 8, '43.2': 21, '49.1': 14, '59.1': 7, '59.2': 28, '67.1': 0, '67.2': 29, '73.1': 30, '73.2': 0, '83.1': 24, '83.2': 17, '89.1': 8, '89.2': 5, '97.1': 15, '97.2': 15};1;1;x + 30
876.2;29;{'2.1': 0, '3.1': 1, '3.2': 6, '11.1': 28, '11.2': 8, '17.1': 13, '17.2': 14, '19.1': 28, '19.2': 1, '25.1': 22, '41.1': 10, '41.2': 15, '43.1': 18, '43.2': 11, '49.1': 7, '59.1': 25, '59.2': 23, '67.1': 11, '67.2': 16, '73.1': 7, '73.2': 1, '83.1': 21, '83.2': 10, '89.1': 28, '89.2': 11, '97.1': 1, '97.2': 0};1;1;x + 28
881.1;359;{'2.1': 15, '3.1': 171, '3.2': 234, '11.1': 196, '11.2': 218, '17.1': 29, '17.2': 346, '19.1': 161, '19.2': 104, '25.1': 185, '41.1': 289, '41.2': 102, '43.1': 51, '43.2': 150, '49.1': 132, '59.1': 205, '59.2': 73, '67.1': 49, '67.2': 299, '73.1': 169, '73.2': 240, '83.1': 65, '83.2': 353, '89.1': 11, '89.2': 87, '97.1': 90, '97.2': 120};1;1;x + 358
881.1;631;{'2.1': 308, '3.1': 100, '3.2': 368, '11.1': 80, '11.2': 421, '17.1': 181, '17.2': 514, '19.1': 416, '19.2': 525, '25.1': 215, '41.1': 190, '41.2': 562, '43.1': 511, '43.2': 316, '49.1': 403, '59.1': 581, '59.2': 543, '67.1': 435, '67.2': 478, '73.1': 520, '73.2': 160, '83.1': 530, '83.2': 153, '89.1': 102, '89.2': 586, '97.1': 474, '97.2': 474};1;1;x + 630
881.1;1951;{'2.1': 403, '3.1': 1779, '3.2': 725, '11.1': 1027, '11.2': 884, '17.1': 909, '17.2': 1300, '19.1': 394, '19.2': 789, '25.1': 532, '41.1': 1146, '41.2': 1366, '43.1': 1941, '43.2': 1177, '49.1': 1943, '59.1': 1283, '59.2': 540, '67.1': 643, '67.2': 902, '73.1': 704, '73.2': 53, '83.1': 731, '83.2': 692, '89.1': 1550, '89.2': 1518, '97.1': 947, '97.2': 1160};1;1;x + 1950
883.1;7;{'2.1': 5*X1 + 4, '3.1': X1 + 5, '3.2': 3*X1 + 2, '11.1': 2*X1 + 3, '11.2': 3, '17.1': 6*X1 + 6, '17.2': 4*X1 + 3, '19.1': 5*X1 + 6, '19.2': 5*X1 + 1, '25.1': 6*X1 + 2, '41.1': 5*X1 + 5, '41.2': 4, '43.1': 3*X1 + 3, '43.2': 4*X1 + 4, '49.1': 2, '59.1': 6*X1 + 2, '59.2': 5*X1 + 6, '67.1': 5*X1 + 4, '67.2': 4*X1 + 5, '73.1': 1, '73.2': 5*X1 + 2, '83.1': 2*X1 + 3, '83.2': 6*X1 + 5, '89.1': 1, '89.2': 4*X1 + 3, '97.1': 1, '97.2': 4*X1};1;1;x^2 + 6*x + 3
883.1;11;{'2.1': 6, '3.1': 9, '3.2': 6, '11.1': 10, '11.2': 7, '17.1': 10, '17.2': 8, '19.1': 10, '19.2': 0, '25.1': 3, '41.1': 4, '41.2': 5, '43.1': 1, '43.2': 1, '49.1': 7, '59.1': 3, '59.2': 7, '67.1': 0, '67.2': 3, '73.1': 8, '73.2': 7, '83.1': 1, '83.2': 10, '89.1': 2, '89.2': 6, '97.1': 0, '97.2': 9};1;1;x + 10
883.1;13;{'2.1': 0, '3.1': 9, '3.2': 11, '11.1': 11, '11.2': 12, '17.1': 4, '17.2': 0, '19.1': 4, '19.2': 4, '25.1': 11, '41.1': 7, '41.2': 0, '43.1': 0, '43.2': 6, '49.1': 8, '59.1': 9, '59.2': 5, '67.1': 2, '67.2': 12, '73.1': 9, '73.2': 11, '83.1': 12, '83.2': 7, '89.1': 4, '89.2': 8, '97.1': 1, '97.2': 0};1;1;x + 12
883.1;1231;{'2.1': 147, '3.1': 717, '3.2': 570, '11.1': 228, '11.2': 1088, '17.1': 1083, '17.2': 39, '19.1': 435, '19.2': 1092, '25.1': 13, '41.1': 1190, '41.2': 465, '43.1': 592, '43.2': 790, '49.1': 662, '59.1': 927, '59.2': 661, '67.1': 749, '67.2': 262, '73.1': 1122, '73.2': 510, '83.1': 946, '83.2': 1035, '89.1': 1097, '89.2': 389, '97.1': 459, '97.2': 1053};1;1;x + 1230
883.1;11719;{'2.1': 7484, '3.1': 1503, '3.2': 1228, '11.1': 4224, '11.2': 10478, '17.1': 4015, '17.2': 9057, '19.1': 11580, '19.2': 5383, '25.1': 11011, '41.1': 151, '41.2': 174, '43.1': 6180, '43.2': 2886, '49.1': 7346, '59.1': 3252, '59.2': 5996, '67.1': 2232, '67.2': 5474, '73.1': 2011, '73.2': 4267, '83.1': 8730, '83.2': 3978, '89.1': 8300, '89.2': 3264, '97.1': 8166, '97.2': 2805};1;1;x + 11718
886.1;11;{'2.1': 10, '3.1': 4, '3.2': 6, '11.1': 9, '11.2': 4, '17.1': 0, '17.2': 4, '19.1': 10, '19.2': 4, '25.1': 8, '41.1': 3, '41.2': 0, '43.1': 0, '43.2': 1, '49.1': 1, '59.1': 0, '59.2': 6, '67.1': 9, '67.2': 0, '73.1': 6, '73.2': 4, '83.1': 6, '83.2': 0, '89.1': 1, '89.2': 5, '97.1': 8, '97.2': 2};1;1;x + 10
886.1;523;{'2.1': 522, '3.1': 49, '3.2': 37, '11.1': 256, '11.2': 482, '17.1': 476, '17.2': 190, '19.1': 236, '19.2': 297, '25.1': 507, '41.1': 94, '41.2': 272, '43.1': 251, '43.2': 263, '49.1': 444, '59.1': 433, '59.2': 327, '67.1': 338, '67.2': 139, '73.1': 285, '73.2': 403, '83.1': 233, '83.2': 62, '89.1': 376, '89.2': 303, '97.1': 477, '97.2': 153};1;1;x + 522
886.1;3623;{'2.1': 1, '3.1': 2869, '3.2': 2476, '11.1': 292, '11.2': 3048, '17.1': 406, '17.2': 1283, '19.1': 422, '19.2': 3560, '25.1': 740, '41.1': 1643, '41.2': 2864, '43.1': 1210, '43.2': 638, '49.1': 2730, '59.1': 3320, '59.2': 2718, '67.1': 1318, '67.2': 877, '73.1': 1583, '73.2': 1674, '83.1': 2471, '83.2': 3424, '89.1': 219, '89.2': 3261, '97.1': 1399, '97.2': 140};1;1;x + 3622
891.1;17;{'2.1': 6, '3.1': 0, '3.2': 10, '11.1': 1, '11.2': 0, '17.1': 8, '17.2': 3, '19.1': 7, '19.2': 4, '25.1': 8, '41.1': 3, '41.2': 15, '43.1': 11, '43.2': 2, '49.1': 10, '59.1': 9, '59.2': 10, '67.1': 14, '67.2': 8, '73.1': 11, '73.2': 1, '83.1': 13, '83.2': 5, '89.1': 12, '89.2': 12, '97.1': 10, '97.2': 0};1;1;x + 16
898.1;11;{'2.1': 10, '3.1': 0, '3.2': 5, '11.1': 3, '11.2': 9, '17.1': 8, '17.2': 6, '19.1': 8, '19.2': 6, '25.1': 3, '41.1': 10, '41.2': 10, '43.1': 6, '43.2': 0, '49.1': 9, '59.1': 9, '59.2': 8, '67.1': 8, '67.2': 8, '73.1': 8, '73.2': 4, '83.1': 9, '83.2': 9, '89.1': 9, '89.2': 6, '97.1': 8, '97.2': 10};1;1;x + 10
898.1;17;{'2.1': 16, '3.1': 12, '3.2': 14, '11.1': 8, '11.2': 5, '17.1': 4, '17.2': 15, '19.1': 5, '19.2': 12, '25.1': 10, '41.1': 0, '41.2': 14, '43.1': 10, '43.2': 13, '49.1': 4, '59.1': 16, '59.2': 13, '67.1': 12, '67.2': 6, '73.1': 8, '73.2': 3, '83.1': 1, '83.2': 8, '89.1': 12, '89.2': 3, '97.1': 9, '97.2': 13};1;1;x + 16
898.1;977;{'2.1': 1, '3.1': 768, '3.2': 801, '11.1': 183, '11.2': 155, '17.1': 748, '17.2': 50, '19.1': 287, '19.2': 817, '25.1': 907, '41.1': 310, '41.2': 506, '43.1': 457, '43.2': 238, '49.1': 482, '59.1': 22, '59.2': 672, '67.1': 921, '67.2': 180, '73.1': 554, '73.2': 836, '83.1': 938, '83.2': 721, '89.1': 576, '89.2': 0, '97.1': 652, '97.2': 849};1;1;x + 976
902.2;191;{'2.1': 1, '3.1': 66, '3.2': 177, '11.1': 190, '11.2': 144, '17.1': 165, '17.2': 40, '19.1': 27, '19.2': 56, '25.1': 138, '41.1': 167, '41.2': 190, '43.1': 152, '43.2': 3, '49.1': 43, '59.1': 37, '59.2': 81, '67.1': 122, '67.2': 49, '73.1': 49, '73.2': 163, '83.1': 14, '83.2': 129, '89.1': 170, '89.2': 69, '97.1': 106, '97.2': 13};1;1;x + 190
904.1;97;{'2.1': 0, '3.1': 70, '3.2': 29, '11.1': 80, '11.2': 34, '17.1': 41, '17.2': 84, '19.1': 28, '19.2': 38, '25.1': 21, '41.1': 43, '41.2': 53, '43.1': 32, '43.2': 17, '49.1': 64, '59.1': 12, '59.2': 68, '67.1': 75, '67.2': 94, '73.1': 42, '73.2': 6, '83.1': 95, '83.2': 26, '89.1': 96, '89.2': 58, '97.1': 27, '97.2': 48};1;1;x + 96
907.1;41;{'2.1': 31, '3.1': 6, '3.2': 30, '11.1': 7, '11.2': 28, '17.1': 32, '17.2': 2, '19.1': 6, '19.2': 27, '25.1': 26, '41.1': 13, '41.2': 5, '43.1': 17, '43.2': 2, '49.1': 38, '59.1': 22, '59.2': 9, '67.1': 34, '67.2': 30, '73.1': 18, '73.2': 33, '83.1': 12, '83.2': 1, '89.1': 22, '89.2': 37, '97.1': 13, '97.2': 23};1;1;x + 40
907.1;61;{'2.1': 51, '3.1': 14, '3.2': 54, '11.1': 34, '11.2': 36, '17.1': 41, '17.2': 24, '19.1': 53, '19.2': 50, '25.1': 8, '41.1': 2, '41.2': 42, '43.1': 19, '43.2': 20, '49.1': 60, '59.1': 51, '59.2': 22, '67.1': 15, '67.2': 9, '73.1': 56, '73.2': 14, '83.1': 46, '83.2': 36, '89.1': 42, '89.2': 15, '97.1': 21, '97.2': 38};1;1;x + 60
907.1;311;{'2.1': 116, '3.1': 46, '3.2': 298, '11.1': 305, '11.2': 308, '17.1': 97, '17.2': 201, '19.1': 185, '19.2': 83, '25.1': 79, '41.1': 89, '41.2': 127, '43.1': 222, '43.2': 290, '49.1': 308, '59.1': 212, '59.2': 230, '67.1': 152, '67.2': 173, '73.1': 153, '73.2': 43, '83.1': 222, '83.2': 157, '89.1': 79, '89.2': 280, '97.1': 162, '97.2': 186};1;1;x + 310
907.1;2099;{'2.1': 2049, '3.1': 942, '3.2': 617, '11.1': 1560, '11.2': 872, '17.1': 1212, '17.2': 794, '19.1': 353, '19.2': 1333, '25.1': 965, '41.1': 1175, '41.2': 808, '43.1': 1022, '43.2': 1270, '49.1': 904, '59.1': 6, '59.2': 1547, '67.1': 1526, '67.2': 1494, '73.1': 1823, '73.2': 518, '83.1': 518, '83.2': 2061, '89.1': 1069, '89.2': 1840, '97.1': 396, '97.2': 163};1;1;x + 2098
912.2;3;{'2.1': 0, '3.1': 2, '3.2': 2*X1 + 2, '11.1': 2*X1 + 1, '11.2': X1, '17.1': X1 + 1, '17.2': 2, '19.1': 2*X1 + 2, '19.2': 2, '25.1': X1 + 1, '41.1': X1 + 2, '41.2': X1, '43.1': X1 + 2, '43.2': 1, '49.1': 0, '59.1': X1 + 1, '59.2': 2*X1 + 2, '67.1': 1, '67.2': 2*X1 + 2, '73.1': 2*X1, '73.2': X1 + 1, '83.1': X1 + 1, '83.2': X1 + 2, '89.1': 2, '89.2': X1 + 2, '97.1': X1, '97.2': 2*X1 + 1};1;1;x^2 + 2*x + 2
913.1;7;{'2.1': 5, '3.1': 2, '3.2': 0, '11.1': 1, '11.2': 4, '17.1': 5, '17.2': 2, '19.1': 1, '19.2': 4, '25.1': 1, '41.1': 4, '41.2': 6, '43.1': 3, '43.2': 3, '49.1': 5, '59.1': 1, '59.2': 4, '67.1': 2, '67.2': 0, '73.1': 0, '73.2': 6, '83.1': 6, '83.2': 2, '89.1': 6, '89.2': 1, '97.1': 1, '97.2': 1};1;1;x + 6
913.1;373;{'2.1': 124, '3.1': 104, '3.2': 142, '11.1': 1, '11.2': 294, '17.1': 17, '17.2': 135, '19.1': 45, '19.2': 44, '25.1': 47, '41.1': 134, '41.2': 294, '43.1': 137, '43.2': 194, '49.1': 33, '59.1': 151, '59.2': 309, '67.1': 51, '67.2': 173, '73.1': 93, '73.2': 327, '83.1': 372, '83.2': 224, '89.1': 302, '89.2': 70, '97.1': 292, '97.2': 258};1;1;x + 372
913.1;1361;{'2.1': 909, '3.1': 727, '3.2': 1197, '11.1': 1360, '11.2': 879, '17.1': 958, '17.2': 433, '19.1': 135, '19.2': 782, '25.1': 908, '41.1': 1106, '41.2': 845, '43.1': 278, '43.2': 807, '49.1': 281, '59.1': 364, '59.2': 457, '67.1': 1051, '67.2': 625, '73.1': 395, '73.2': 612, '83.1': 1, '83.2': 320, '89.1': 920, '89.2': 1300, '97.1': 685, '97.2': 1309};1;1;x + 1360
913.2;37;{'2.1': 15, '3.1': 4, '3.2': 17, '11.1': 1, '11.2': 28, '17.1': 34, '17.2': 16, '19.1': 1, '19.2': 32, '25.1': 36, '41.1': 22, '41.2': 36, '43.1': 25, '43.2': 3, '49.1': 33, '59.1': 17, '59.2': 19, '67.1': 1, '67.2': 23, '73.1': 8, '73.2': 15, '83.1': 15, '83.2': 36, '89.1': 6, '89.2': 1, '97.1': 3, '97.2': 34};1;1;x + 36
913.2;43;{'2.1': 25, '3.1': 12, '3.2': 26, '11.1': 42, '11.2': 21, '17.1': 38, '17.2': 26, '19.1': 38, '19.2': 38, '25.1': 5, '41.1': 29, '41.2': 26, '43.1': 23, '43.2': 17, '49.1': 16, '59.1': 40, '59.2': 37, '67.1': 24, '67.2': 18, '73.1': 26, '73.2': 17, '83.1': 35, '83.2': 42, '89.1': 3, '89.2': 33, '97.1': 14, '97.2': 5};1;1;x + 42
913.2;11057;{'2.1': 1668, '3.1': 3314, '3.2': 6967, '11.1': 1, '11.2': 6504, '17.1': 4954, '17.2': 2967, '19.1': 3484, '19.2': 688, '25.1': 344, '41.1': 741, '41.2': 8609, '43.1': 99, '43.2': 6877, '49.1': 5276, '59.1': 859, '59.2': 1120, '67.1': 6319, '67.2': 8253, '73.1': 2865, '73.2': 8494, '83.1': 669, '83.2': 11056, '89.1': 9558, '89.2': 2338, '97.1': 4757, '97.2': 8665};1;1;x + 11056
913.2;26713;{'2.1': 23370, '3.1': 25313, '3.2': 7947, '11.1': 26712, '11.2': 6894, '17.1': 14435, '17.2': 5941, '19.1': 2204, '19.2': 20651, '25.1': 16013, '41.1': 982, '41.2': 20719, '43.1': 24642, '43.2': 24338, '49.1': 5154, '59.1': 10305, '59.2': 21430, '67.1': 5835, '67.2': 1487, '73.1': 11369, '73.2': 19104, '83.1': 13835, '83.2': 1, '89.1': 4164, '89.2': 6197, '97.1': 1532, '97.2': 7033};1;1;x + 26712
914.1;7;{'2.1': 6, '3.1': 0, '3.2': 3, '11.1': 0, '11.2': 0, '17.1': 1, '17.2': 2, '19.1': 1, '19.2': 5, '25.1': 3, '41.1': 4, '41.2': 3, '43.1': 1, '43.2': 3, '49.1': 4, '59.1': 5, '59.2': 0, '67.1': 5, '67.2': 2, '73.1': 5, '73.2': 4, '83.1': 5, '83.2': 5, '89.1': 1, '89.2': 2, '97.1': 6, '97.2': 1};1;1;x + 6
914.1;73;{'2.1': 72, '3.1': 42, '3.2': 19, '11.1': 67, '11.2': 41, '17.1': 42, '17.2': 63, '19.1': 51, '19.2': 4, '25.1': 9, '41.1': 28, '41.2': 56, '43.1': 19, '43.2': 40, '49.1': 31, '59.1': 17, '59.2': 7, '67.1': 11, '67.2': 4, '73.1': 67, '73.2': 56, '83.1': 63, '83.2': 57, '89.1': 7, '89.2': 52, '97.1': 30, '97.2': 18};1;1;x + 72
914.1;293;{'2.1': 1, '3.1': 99, '3.2': 106, '11.1': 114, '11.2': 11, '17.1': 15, '17.2': 154, '19.1': 153, '19.2': 128, '25.1': 65, '41.1': 152, '41.2': 53, '43.1': 75, '43.2': 110, '49.1': 72, '59.1': 222, '59.2': 2, '67.1': 79, '67.2': 172, '73.1': 203, '73.2': 97, '83.1': 170, '83.2': 163, '89.1': 13, '89.2': 133, '97.1': 260, '97.2': 154};1;1;x + 292
918.1;13;{'2.1': 1, '3.1': 0, '3.2': 7, '11.1': 5, '11.2': 7, '17.1': 1, '17.2': 6, '19.1': 9, '19.2': 8, '25.1': 6, '41.1': 1, '41.2': 3, '43.1': 0, '43.2': 5, '49.1': 3, '59.1': 11, '59.2': 1, '67.1': 0, '67.2': 3, '73.1': 6, '73.2': 8, '83.1': 12, '83.2': 8, '89.1': 1, '89.2': 2, '97.1': 12, '97.2': 3};1;1;x + 12
921.1;3;{'2.1': 1, '3.1': 1, '3.2': 2*X1, '11.1': 0, '11.2': X1 + 2, '17.1': 2*X1 + 2, '17.2': 2, '19.1': 2*X1, '19.2': 0, '25.1': X1 + 1, '41.1': 2*X1 + 2, '41.2': 1, '43.1': X1 + 1, '43.2': 0, '49.1': X1 + 2, '59.1': 2*X1 + 2, '59.2': 1, '67.1': 2, '67.2': X1 + 2, '73.1': 2*X1 + 1, '73.2': X1, '83.1': 2*X1 + 2, '83.2': 2, '89.1': 2*X1 + 1, '89.2': 1, '97.1': X1, '97.2': 2*X1 + 2};1;1;x^2 + 2*x + 2
921.1;7;{'2.1': 4*X1, '3.1': 6, '3.2': X1 + 1, '11.1': 2*X1 + 1, '11.2': X1 + 1, '17.1': 5*X1 + 6, '17.2': 2*X1 + 4, '19.1': 2*X1, '19.2': 3*X1 + 2, '25.1': 5*X1 + 1, '41.1': 3*X1 + 6, '41.2': 6*X1 + 6, '43.1': 5*X1, '43.2': 2, '49.1': 5, '59.1': 0, '59.2': 5*X1 + 2, '67.1': 5, '67.2': 3*X1 + 3, '73.1': 6*X1 + 2, '73.2': X1, '83.1': 3*X1 + 2, '83.2': X1, '89.1': 6*X1, '89.2': 6*X1 + 2, '97.1': 5*X1 + 6, '97.2': 3*X1 + 5};1;1;x^2 + 6*x + 3
921.1;11;{'2.1': 8, '3.1': 1, '3.2': 0, '11.1': 7, '11.2': 7, '17.1': 3, '17.2': 9, '19.1': 8, '19.2': 10, '25.1': 6, '41.1': 0, '41.2': 5, '43.1': 8, '43.2': 9, '49.1': 1, '59.1': 7, '59.2': 7, '67.1': 9, '67.2': 0, '73.1': 7, '73.2': 2, '83.1': 7, '83.2': 8, '89.1': 1, '89.2': 3, '97.1': 4, '97.2': 9};1;1;x + 10
921.1;107;{'2.1': 104, '3.1': 106, '3.2': 27, '11.1': 80, '11.2': 29, '17.1': 30, '17.2': 51, '19.1': 0, '19.2': 28, '25.1': 55, '41.1': 8, '41.2': 81, '43.1': 4, '43.2': 6, '49.1': 32, '59.1': 5, '59.2': 83, '67.1': 45, '67.2': 60, '73.1': 102, '73.2': 23, '83.1': 16, '83.2': 4, '89.1': 104, '89.2': 73, '97.1': 76, '97.2': 6};1;1;x + 106
921.2;31;{'2.1': 15, '3.1': 30, '3.2': 20, '11.1': 13, '11.2': 13, '17.1': 13, '17.2': 29, '19.1': 24, '19.2': 0, '25.1': 11, '41.1': 19, '41.2': 22, '43.1': 7, '43.2': 15, '49.1': 4, '59.1': 24, '59.2': 20, '67.1': 16, '67.2': 27, '73.1': 9, '73.2': 3, '83.1': 17, '83.2': 24, '89.1': 30, '89.2': 5, '97.1': 20, '97.2': 23};1;1;x + 30
929.1;31;{'2.1': 4, '3.1': 11, '3.2': 26, '11.1': 9, '11.2': 9, '17.1': 22, '17.2': 28, '19.1': 24, '19.2': 15, '25.1': 2, '41.1': 11, '41.2': 30, '43.1': 6, '43.2': 26, '49.1': 18, '59.1': 22, '59.2': 23, '67.1': 26, '67.2': 20, '73.1': 14, '73.2': 22, '83.1': 22, '83.2': 1, '89.1': 8, '89.2': 5, '97.1': 15, '97.2': 26};1;1;x + 30
929.1;100333;{'2.1': 94044, '3.1': 6177, '3.2': 43000, '11.1': 43700, '11.2': 87836, '17.1': 64669, '17.2': 52083, '19.1': 62623, '19.2': 68878, '25.1': 20681, '41.1': 19976, '41.2': 90205, '43.1': 64556, '43.2': 74060, '49.1': 4655, '59.1': 23797, '59.2': 27745, '67.1': 17430, '67.2': 83665, '73.1': 19543, '73.2': 93414, '83.1': 904, '83.2': 50926, '89.1': 28370, '89.2': 54357, '97.1': 80704, '97.2': 100089};1;1;x + 100332
931.1;37;{'2.1': 18, '3.1': 11, '3.2': 3, '11.1': 19, '11.2': 36, '17.1': 28, '17.2': 28, '19.1': 1, '19.2': 9, '25.1': 33, '41.1': 11, '41.2': 2, '43.1': 15, '43.2': 3, '49.1': 1, '59.1': 26, '59.2': 8, '67.1': 15, '67.2': 11, '73.1': 3, '73.2': 21, '83.1': 26, '83.2': 24, '89.1': 9, '89.2': 3, '97.1': 14, '97.2': 0};1;1;x + 36
931.1;887;{'2.1': 78, '3.1': 688, '3.2': 104, '11.1': 149, '11.2': 864, '17.1': 380, '17.2': 206, '19.1': 886, '19.2': 164, '25.1': 647, '41.1': 295, '41.2': 882, '43.1': 819, '43.2': 807, '49.1': 1, '59.1': 363, '59.2': 640, '67.1': 769, '67.2': 581, '73.1': 292, '73.2': 602, '83.1': 524, '83.2': 272, '89.1': 105, '89.2': 667, '97.1': 335, '97.2': 368};1;1;x + 886
931.1;43933;{'2.1': 3781, '3.1': 19305, '3.2': 37088, '11.1': 29905, '11.2': 6227, '17.1': 40560, '17.2': 5239, '19.1': 1, '19.2': 2188, '25.1': 1625, '41.1': 23996, '41.2': 25370, '43.1': 30746, '43.2': 15906, '49.1': 43932, '59.1': 15687, '59.2': 24610, '67.1': 33980, '67.2': 5520, '73.1': 22921, '73.2': 37459, '83.1': 26553, '83.2': 30855, '89.1': 7129, '89.2': 23388, '97.1': 18266, '97.2': 28330};1;1;x + 43932
932.1;11;{'2.1': 0, '3.1': 6, '3.2': 2, '11.1': 1, '11.2': 2, '17.1': 10, '17.2': 7, '19.1': 6, '19.2': 0, '25.1': 2, '41.1': 2, '41.2': 2, '43.1': 1, '43.2': 9, '49.1': 5, '59.1': 10, '59.2': 7, '67.1': 10, '67.2': 5, '73.1': 7, '73.2': 3, '83.1': 4, '83.2': 1, '89.1': 10, '89.2': 5, '97.1': 1, '97.2': 3};1;1;x + 10
932.1;163;{'2.1': 0, '3.1': 107, '3.2': 52, '11.1': 32, '11.2': 84, '17.1': 133, '17.2': 122, '19.1': 67, '19.2': 144, '25.1': 127, '41.1': 115, '41.2': 56, '43.1': 89, '43.2': 130, '49.1': 140, '59.1': 2, '59.2': 3, '67.1': 35, '67.2': 22, '73.1': 155, '73.2': 133, '83.1': 144, '83.2': 82, '89.1': 69, '89.2': 97, '97.1': 84, '97.2': 95};1;1;x + 162
934.1;463;{'2.1': 1, '3.1': 104, '3.2': 22, '11.1': 200, '11.2': 54, '17.1': 255, '17.2': 404, '19.1': 201, '19.2': 298, '25.1': 359, '41.1': 118, '41.2': 388, '43.1': 252, '43.2': 149, '49.1': 459, '59.1': 62, '59.2': 163, '67.1': 142, '67.2': 286, '73.1': 97, '73.2': 378, '83.1': 269, '83.2': 291, '89.1': 103, '89.2': 315, '97.1': 370, '97.2': 372};1;1;x + 462
934.1;1381;{'2.1': 1380, '3.1': 1319, '3.2': 984, '11.1': 1245, '11.2': 866, '17.1': 925, '17.2': 613, '19.1': 1268, '19.2': 1172, '25.1': 395, '41.1': 314, '41.2': 42, '43.1': 633, '43.2': 184, '49.1': 926, '59.1': 1052, '59.2': 542, '67.1': 741, '67.2': 363, '73.1': 766, '73.2': 53, '83.1': 1212, '83.2': 18, '89.1': 798, '89.2': 1376, '97.1': 303, '97.2': 628};1;1;x + 1380
937.1;17;{'2.1': 16, '3.1': 11, '3.2': 6, '11.1': 12, '11.2': 7, '17.1': 15, '17.2': 0, '19.1': 7, '19.2': 14, '25.1': 1, '41.1': 11, '41.2': 5, '43.1': 0, '43.2': 16, '49.1': 15, '59.1': 8, '59.2': 7, '67.1': 10, '67.2': 1, '73.1': 7, '73.2': 15, '83.1': 0, '83.2': 10, '89.1': 16, '89.2': 16, '97.1': 10, '97.2': 9};1;1;x + 16
937.1;3803707;{'2.1': 412547, '3.1': 1688481, '3.2': 3716073, '11.1': 3521350, '11.2': 2353479, '17.1': 2444857, '17.2': 78781, '19.1': 1162190, '19.2': 566939, '25.1': 1811325, '41.1': 276472, '41.2': 2441079, '43.1': 1427698, '43.2': 2226681, '49.1': 3425162, '59.1': 449142, '59.2': 1417535, '67.1': 295227, '67.2': 3051253, '73.1': 1431610, '73.2': 2247174, '83.1': 3471178, '83.2': 1040809, '89.1': 3566241, '89.2': 2280316, '97.1': 955930, '97.2': 2951464};1;1;x + 3803706
939.1;11;{'2.1': 8, '3.1': 10, '3.2': 4, '11.1': 0, '11.2': 7, '17.1': 2, '17.2': 7, '19.1': 3, '19.2': 4, '25.1': 2, '41.1': 9, '41.2': 7, '43.1': 8, '43.2': 0, '49.1': 2, '59.1': 2, '59.2': 8, '67.1': 5, '67.2': 2, '73.1': 2, '73.2': 0, '83.1': 5, '83.2': 2, '89.1': 10, '89.2': 4, '97.1': 9, '97.2': 5};1;1;x + 10
939.1;43;{'2.1': 3, '3.1': 42, '3.2': 5, '11.1': 28, '11.2': 13, '17.1': 6, '17.2': 7, '19.1': 35, '19.2': 27, '25.1': 22, '41.1': 38, '41.2': 40, '43.1': 16, '43.2': 12, '49.1': 21, '59.1': 20, '59.2': 42, '67.1': 25, '67.2': 15, '73.1': 25, '73.2': 9, '83.1': 8, '83.2': 1, '89.1': 3, '89.2': 34, '97.1': 40, '97.2': 35};1;1;x + 42
939.2;3;{'2.1': 2*X1, '3.1': 1, '3.2': 2*X1 + 2, '11.1': 2*X1, '11.2': X1, '17.1': 2*X1 + 2, '17.2': 1, '19.1': X1 + 1, '19.2': 2, '25.1': X1, '41.1': 2*X1, '41.2': 2, '43.1': 2*X1, '43.2': 2*X1, '49.1': 2*X1, '59.1': 2*X1, '59.2': 0, '67.1': X1 + 1, '67.2': 1, '73.1': 2*X1, '73.2': 0, '83.1': 1, '83.2': X1 + 2, '89.1': 2*X1 + 2, '89.2': 2*X1 + 2, '97.1': X1, '97.2': 1};1;1;x^2 + 2*x + 2
939.2;103;{'2.1': 52, '3.1': 1, '3.2': 62, '11.1': 29, '11.2': 83, '17.1': 38, '17.2': 33, '19.1': 70, '19.2': 77, '25.1': 89, '41.1': 62, '41.2': 20, '43.1': 101, '43.2': 30, '49.1': 14, '59.1': 49, '59.2': 33, '67.1': 76, '67.2': 52, '73.1': 37, '73.2': 9, '83.1': 45, '83.2': 53, '89.1': 27, '89.2': 61, '97.1': 38, '97.2': 97};1;1;x + 102
939.2;1033;{'2.1': 849, '3.1': 1032, '3.2': 407, '11.1': 780, '11.2': 975, '17.1': 150, '17.2': 412, '19.1': 372, '19.2': 543, '25.1': 647, '41.1': 780, '41.2': 32, '43.1': 492, '43.2': 246, '49.1': 791, '59.1': 341, '59.2': 560, '67.1': 283, '67.2': 288, '73.1': 725, '73.2': 166, '83.1': 233, '83.2': 467, '89.1': 650, '89.2': 548, '97.1': 892, '97.2': 303};1;1;x + 1032
944.1;7;{'2.1': 0, '3.1': 6, '3.2': 5, '11.1': 4, '11.2': 4, '17.1': 0, '17.2': 6, '19.1': 1, '19.2': 3, '25.1': 5, '41.1': 5, '41.2': 3, '43.1': 6, '43.2': 6, '49.1': 5, '59.1': 6, '59.2': 4, '67.1': 6, '67.2': 3, '73.1': 3, '73.2': 6, '83.1': 3, '83.2': 5, '89.1': 4, '89.2': 3, '97.1': 4, '97.2': 3};1;1;x + 6
944.1;13;{'2.1': 0, '3.1': 7, '3.2': 5, '11.1': 2, '11.2': 7, '17.1': 2, '17.2': 2, '19.1': 5, '19.2': 11, '25.1': 1, '41.1': 11, '41.2': 3, '43.1': 1, '43.2': 12, '49.1': 7, '59.1': 1, '59.2': 8, '67.1': 5, '67.2': 3, '73.1': 3, '73.2': 1, '83.1': 6, '83.2': 9, '89.1': 6, '89.2': 5, '97.1': 6, '97.2': 12};1;1;x + 12
944.1;83;{'2.1': 0, '3.1': 6, '3.2': 35, '11.1': 12, '11.2': 31, '17.1': 63, '17.2': 8, '19.1': 63, '19.2': 29, '25.1': 18, '41.1': 61, '41.2': 10, '43.1': 54, '43.2': 2, '49.1': 20, '59.1': 82, '59.2': 0, '67.1': 12, '67.2': 30, '73.1': 79, '73.2': 55, '83.1': 52, '83.2': 49, '89.1': 54, '89.2': 30, '97.1': 59, '97.2': 30};1;1;x + 82
946.1;3;{'2.1': 2, '3.1': 2*X1, '3.2': 2*X1 + 1, '11.1': 2, '11.2': 2*X1 + 2, '17.1': 2*X1 + 2, '17.2': 2*X1 + 2, '19.1': 1, '19.2': 2*X1, '25.1': 2, '41.1': X1 + 1, '41.2': 2*X1, '43.1': 1, '43.2': 0, '49.1': X1 + 1, '59.1': 0, '59.2': X1 + 1, '67.1': X1 + 2, '67.2': 2*X1 + 1, '73.1': X1, '73.2': X1, '83.1': 0, '83.2': 1, '89.1': X1 + 1, '89.2': 1, '97.1': 2, '97.2': X1};1;1;x^2 + 2*x + 2
946.1;29;{'2.1': 1, '3.1': 5, '3.2': 15, '11.1': 1, '11.2': 2, '17.1': 14, '17.2': 2, '19.1': 19, '19.2': 26, '25.1': 15, '41.1': 9, '41.2': 11, '43.1': 1, '43.2': 22, '49.1': 12, '59.1': 13, '59.2': 10, '67.1': 0, '67.2': 7, '73.1': 16, '73.2': 21, '83.1': 13, '83.2': 26, '89.1': 2, '89.2': 22, '97.1': 8, '97.2': 14};1;1;x + 28
946.1;37;{'2.1': 1, '3.1': 18, '3.2': 28, '11.1': 36, '11.2': 10, '17.1': 16, '17.2': 32, '19.1': 11, '19.2': 6, '25.1': 9, '41.1': 14, '41.2': 15, '43.1': 36, '43.2': 5, '49.1': 17, '59.1': 30, '59.2': 1, '67.1': 22, '67.2': 7, '73.1': 16, '73.2': 0, '83.1': 28, '83.2': 9, '89.1': 30, '89.2': 17, '97.1': 1, '97.2': 32};1;1;x + 36
946.2;13;{'2.1': 12, '3.1': 11, '3.2': 10, '11.1': 1, '11.2': 9, '17.1': 6, '17.2': 8, '19.1': 6, '19.2': 0, '25.1': 5, '41.1': 8, '41.2': 8, '43.1': 3, '43.2': 12, '49.1': 12, '59.1': 1, '59.2': 12, '67.1': 0, '67.2': 4, '73.1': 10, '73.2': 6, '83.1': 7, '83.2': 9, '89.1': 1, '89.2': 1, '97.1': 6, '97.2': 7};1;1;x + 12
946.2;29;{'2.1': 28, '3.1': 28, '3.2': 12, '11.1': 28, '11.2': 28, '17.1': 14, '17.2': 28, '19.1': 22, '19.2': 20, '25.1': 14, '41.1': 11, '41.2': 23, '43.1': 18, '43.2': 1, '49.1': 11, '59.1': 1, '59.2': 18, '67.1': 16, '67.2': 24, '73.1': 0, '73.2': 24, '83.1': 9, '83.2': 21, '89.1': 26, '89.2': 14, '97.1': 20, '97.2': 21};1;1;x + 28
947.1;107;{'2.1': 18, '3.1': 99, '3.2': 81, '11.1': 92, '11.2': 14, '17.1': 50, '17.2': 10, '19.1': 20, '19.2': 89, '25.1': 54, '41.1': 35, '41.2': 67, '43.1': 1, '43.2': 24, '49.1': 105, '59.1': 25, '59.2': 21, '67.1': 13, '67.2': 60, '73.1': 92, '73.2': 24, '83.1': 36, '83.2': 18, '89.1': 25, '89.2': 7, '97.1': 78, '97.2': 83};1;1;x + 106
947.1;537243331;{'2.1': 68118, '3.1': 30085439, '3.2': 222187047, '11.1': 395273089, '11.2': 396134501, '17.1': 22232724, '17.2': 339496002, '19.1': 262621736, '19.2': 444622547, '25.1': 213289421, '41.1': 116446461, '41.2': 415299797, '43.1': 253374189, '43.2': 211670927, '49.1': 363921146, '59.1': 510893081, '59.2': 360422607, '67.1': 428712105, '67.2': 156710767, '73.1': 164755037, '73.2': 386688412, '83.1': 18670466, '83.2': 126866099, '89.1': 347829551, '89.2': 457292584, '97.1': 359040636, '97.2': 93461982};1;1;x + 537243330
950.1;13;{'2.1': 12, '3.1': 6, '3.2': 7, '11.1': 9, '11.2': 7, '17.1': 4, '17.2': 8, '19.1': 12, '19.2': 5, '25.1': 1, '41.1': 9, '41.2': 0, '43.1': 12, '43.2': 6, '49.1': 3, '59.1': 2, '59.2': 9, '67.1': 8, '67.2': 12, '73.1': 2, '73.2': 11, '83.1': 4, '83.2': 3, '89.1': 11, '89.2': 4, '97.1': 12, '97.2': 3};1;1;x + 12
950.1;223;{'2.1': 1, '3.1': 51, '3.2': 69, '11.1': 178, '11.2': 79, '17.1': 186, '17.2': 119, '19.1': 1, '19.2': 89, '25.1': 1, '41.1': 44, '41.2': 185, '43.1': 65, '43.2': 201, '49.1': 213, '59.1': 145, '59.2': 184, '67.1': 213, '67.2': 178, '73.1': 165, '73.2': 192, '83.1': 85, '83.2': 81, '89.1': 127, '89.2': 12, '97.1': 43, '97.2': 72};1;1;x + 222
953.1;23;{'2.1': 14, '3.1': 10, '3.2': 11, '11.1': 2, '11.2': 7, '17.1': 16, '17.2': 7, '19.1': 22, '19.2': 4, '25.1': 1, '41.1': 3, '41.2': 3, '43.1': 17, '43.2': 15, '49.1': 19, '59.1': 20, '59.2': 11, '67.1': 19, '67.2': 14, '73.1': 20, '73.2': 20, '83.1': 4, '83.2': 3, '89.1': 1, '89.2': 22, '97.1': 7, '97.2': 17};1;1;x + 22
953.1;3307;{'2.1': 166, '3.1': 2151, '3.2': 852, '11.1': 59, '11.2': 1232, '17.1': 866, '17.2': 1406, '19.1': 1882, '19.2': 738, '25.1': 155, '41.1': 2872, '41.2': 2728, '43.1': 0, '43.2': 752, '49.1': 855, '59.1': 748, '59.2': 507, '67.1': 2098, '67.2': 1515, '73.1': 1352, '73.2': 48, '83.1': 672, '83.2': 715, '89.1': 804, '89.2': 669, '97.1': 2795, '97.2': 2741};1;1;x + 3306
953.1;179693;{'2.1': 168843, '3.1': 7118, '3.2': 125085, '11.1': 97783, '11.2': 175877, '17.1': 138116, '17.2': 148248, '19.1': 25284, '19.2': 52673, '25.1': 151920, '41.1': 132963, '41.2': 178444, '43.1': 55750, '43.2': 165649, '49.1': 163768, '59.1': 54081, '59.2': 115877, '67.1': 141288, '67.2': 68012, '73.1': 110860, '73.2': 165198, '83.1': 52571, '83.2': 77090, '89.1': 50295, '89.2': 129766, '97.1': 131466, '97.2': 67640};1;1;x + 179692
961.1;23;{'2.1': 6, '3.1': 20, '3.2': 15, '11.1': 11, '11.2': 17, '17.1': 14, '17.2': 9, '19.1': 8, '19.2': 8, '25.1': 12, '41.1': 2, '41.2': 19, '43.1': 8, '43.2': 22, '49.1': 12, '59.1': 22, '59.2': 5, '67.1': 12, '67.2': 1, '73.1': 3, '73.2': 15, '83.1': 0, '83.2': 3, '89.1': 4, '89.2': 6, '97.1': 18, '97.2': 0};1;1;x + 22
961.1;23;{'2.1': 6, '3.1': 15, '3.2': 20, '11.1': 17, '11.2': 11, '17.1': 9, '17.2': 14, '19.1': 8, '19.2': 8, '25.1': 12, '41.1': 19, '41.2': 2, '43.1': 22, '43.2': 8, '49.1': 12, '59.1': 5, '59.2': 22, '67.1': 1, '67.2': 12, '73.1': 15, '73.2': 3, '83.1': 3, '83.2': 0, '89.1': 6, '89.2': 4, '97.1': 0, '97.2': 18};1;1;x + 22
963.1;29;{'2.1': 8, '3.1': 0, '3.2': 8, '11.1': 2, '11.2': 18, '17.1': 12, '17.2': 21, '19.1': 15, '19.2': 28, '25.1': 27, '41.1': 10, '41.2': 23, '43.1': 22, '43.2': 16, '49.1': 22, '59.1': 9, '59.2': 19, '67.1': 22, '67.2': 16, '73.1': 3, '73.2': 17, '83.1': 17, '83.2': 25, '89.1': 18, '89.2': 15, '97.1': 0, '97.2': 25};1;1;x + 28
963.1;41;{'2.1': 4, '3.1': 0, '3.2': 24, '11.1': 8, '11.2': 9, '17.1': 23, '17.2': 8, '19.1': 5, '19.2': 29, '25.1': 35, '41.1': 12, '41.2': 29, '43.1': 11, '43.2': 18, '49.1': 21, '59.1': 32, '59.2': 22, '67.1': 37, '67.2': 16, '73.1': 22, '73.2': 19, '83.1': 3, '83.2': 25, '89.1': 11, '89.2': 29, '97.1': 13, '97.2': 31};1;1;x + 40
963.2;13;{'2.1': 7, '3.1': 0, '3.2': 5, '11.1': 9, '11.2': 2, '17.1': 6, '17.2': 7, '19.1': 9, '19.2': 5, '25.1': 3, '41.1': 10, '41.2': 3, '43.1': 6, '43.2': 2, '49.1': 2, '59.1': 5, '59.2': 8, '67.1': 11, '67.2': 6, '73.1': 5, '73.2': 12, '83.1': 11, '83.2': 9, '89.1': 9, '89.2': 1, '97.1': 7, '97.2': 6};1;1;x + 12
963.2;89;{'2.1': 3, '3.1': 0, '3.2': 9, '11.1': 7, '11.2': 59, '17.1': 42, '17.2': 6, '19.1': 48, '19.2': 49, '25.1': 12, '41.1': 14, '41.2': 4, '43.1': 87, '43.2': 36, '49.1': 76, '59.1': 61, '59.2': 4, '67.1': 55, '67.2': 82, '73.1': 49, '73.2': 56, '83.1': 31, '83.2': 69, '89.1': 36, '89.2': 76, '97.1': 29, '97.2': 38};1;1;x + 88
963.3;17;{'2.1': 10, '3.1': 16, '3.2': 1, '11.1': 12, '11.2': 13, '17.1': 4, '17.2': 13, '19.1': 1, '19.2': 10, '25.1': 0, '41.1': 1, '41.2': 12, '43.1': 1, '43.2': 6, '49.1': 14, '59.1': 0, '59.2': 8, '67.1': 14, '67.2': 6, '73.1': 10, '73.2': 13, '83.1': 2, '83.2': 12, '89.1': 16, '89.2': 0, '97.1': 15, '97.2': 6};1;1;x + 16
964.1;127;{'2.1': 0, '3.1': 110, '3.2': 13, '11.1': 96, '11.2': 53, '17.1': 9, '17.2': 94, '19.1': 49, '19.2': 10, '25.1': 53, '41.1': 116, '41.2': 105, '43.1': 61, '43.2': 19, '49.1': 18, '59.1': 17, '59.2': 11, '67.1': 64, '67.2': 1, '73.1': 124, '73.2': 4, '83.1': 107, '83.2': 68, '89.1': 45, '89.2': 49, '97.1': 42, '97.2': 118};1;1;x + 126
969.1;3;{'2.1': 2*X1^2 + X1 + 2, '3.1': 1, '3.2': 2*X1^2 + 2*X1, '11.1': 2*X1^2 + X1 + 1, '11.2': X1 + 2, '17.1': 1, '17.2': X1 + 1, '19.1': 1, '19.2': X1^2 + 2, '25.1': 2*X1^2 + X1, '41.1': X1^2 + 2*X1 + 2, '41.2': 2*X1^2 + 2, '43.1': 2*X1^2 + X1 + 1, '43.2': 2*X1^2 + X1 + 1, '49.1': 2*X1^2 + X1 + 1, '59.1': 2*X1^2 + 2*X1 + 1, '59.2': 2*X1^2 + 2*X1 + 2, '67.1': X1 + 1, '67.2': 2*X1^2 + 2*X1 + 2, '73.1': 2*X1^2 + 2*X1 + 1, '73.2': X1^2 + 2*X1, '83.1': 2*X1^2 + X1, '83.2': X1^2 + 2*X1, '89.1': X1 + 2, '89.2': X1^2 + X1 + 1, '97.1': X1^2 + 2*X1, '97.2': X1};1;1;x^3 + 2*x + 1
969.1;53;{'2.1': 8, '3.1': 1, '3.2': 48, '11.1': 35, '11.2': 52, '17.1': 52, '17.2': 12, '19.1': 52, '19.2': 29, '25.1': 44, '41.1': 28, '41.2': 26, '43.1': 49, '43.2': 44, '49.1': 29, '59.1': 5, '59.2': 8, '67.1': 50, '67.2': 1, '73.1': 26, '73.2': 49, '83.1': 6, '83.2': 31, '89.1': 5, '89.2': 4, '97.1': 13, '97.2': 20};1;1;x + 52
969.3;3;{'2.1': 2*X1 + 2, '3.1': 2, '3.2': X1, '11.1': 1, '11.2': X1 + 2, '17.1': X1, '17.2': 2, '19.1': 2, '19.2': 0, '25.1': X1 + 1, '41.1': X1 + 1, '41.2': X1, '43.1': 0, '43.2': X1 + 2, '49.1': 2*X1, '59.1': 1, '59.2': 2, '67.1': 2*X1 + 2, '67.2': 2*X1, '73.1': 2, '73.2': 0, '83.1': X1 + 2, '83.2': X1 + 1, '89.1': 2*X1, '89.2': X1 + 1, '97.1': X1 + 1, '97.2': 2*X1};1;1;x^2 + 2*x + 2
969.3;7;{'2.1': 5*X1 + 4, '3.1': 1, '3.2': 6, '11.1': 4*X1 + 6, '11.2': 5*X1, '17.1': X1 + 4, '17.2': 6, '19.1': 6, '19.2': 3, '25.1': 4*X1 + 6, '41.1': 6*X1 + 1, '41.2': 6*X1 + 5, '43.1': 4*X1, '43.2': 4*X1 + 5, '49.1': 3*X1 + 3, '59.1': 2*X1 + 2, '59.2': 2*X1 + 1, '67.1': 6*X1 + 4, '67.2': X1 + 3, '73.1': X1 + 2, '73.2': 5*X1 + 1, '83.1': 4*X1, '83.2': 4*X1 + 6, '89.1': 2*X1 + 5, '89.2': 2*X1 + 3, '97.1': 3*X1 + 4, '97.2': X1 + 6};1;1;x^2 + 6*x + 3
969.3;11;{'2.1': 1, '3.1': 1, '3.2': 6, '11.1': 8, '11.2': 1, '17.1': 10, '17.2': 1, '19.1': 1, '19.2': 10, '25.1': 0, '41.1': 9, '41.2': 0, '43.1': 8, '43.2': 7, '49.1': 2, '59.1': 7, '59.2': 5, '67.1': 6, '67.2': 9, '73.1': 10, '73.2': 8, '83.1': 1, '83.2': 3, '89.1': 8, '89.2': 1, '97.1': 10, '97.2': 2};1;1;x + 10
969.3;43;{'2.1': 27, '3.1': 1, '3.2': 9, '11.1': 24, '11.2': 9, '17.1': 38, '17.2': 1, '19.1': 1, '19.2': 18, '25.1': 23, '41.1': 37, '41.2': 6, '43.1': 18, '43.2': 13, '49.1': 29, '59.1': 18, '59.2': 29, '67.1': 8, '67.2': 27, '73.1': 41, '73.2': 40, '83.1': 14, '83.2': 36, '89.1': 33, '89.2': 10, '97.1': 42, '97.2': 31};1;1;x + 42
969.4;37;{'2.1': 28, '3.1': 1, '3.2': 35, '11.1': 11, '11.2': 31, '17.1': 17, '17.2': 36, '19.1': 32, '19.2': 36, '25.1': 5, '41.1': 3, '41.2': 11, '43.1': 19, '43.2': 12, '49.1': 27, '59.1': 33, '59.2': 12, '67.1': 13, '67.2': 30, '73.1': 35, '73.2': 20, '83.1': 15, '83.2': 15, '89.1': 3, '89.2': 6, '97.1': 3, '97.2': 10};1;1;x + 36
969.4;149;{'2.1': 60, '3.1': 1, '3.2': 67, '11.1': 45, '11.2': 95, '17.1': 72, '17.2': 1, '19.1': 26, '19.2': 1, '25.1': 17, '41.1': 43, '41.2': 73, '43.1': 50, '43.2': 16, '49.1': 62, '59.1': 41, '59.2': 31, '67.1': 32, '67.2': 1, '73.1': 23, '73.2': 65, '83.1': 125, '83.2': 108, '89.1': 107, '89.2': 13, '97.1': 50, '97.2': 43};1;1;x + 148
971.1;17;{'2.1': 2, '3.1': 1, '3.2': 15, '11.1': 8, '11.2': 13, '17.1': 11, '17.2': 8, '19.1': 0, '19.2': 5, '25.1': 10, '41.1': 6, '41.2': 11, '43.1': 7, '43.2': 12, '49.1': 8, '59.1': 9, '59.2': 9, '67.1': 10, '67.2': 12, '73.1': 7, '73.2': 10, '83.1': 10, '83.2': 4, '89.1': 13, '89.2': 1, '97.1': 8, '97.2': 5};1;1;x + 16
971.1;19;{'2.1': 16, '3.1': 3, '3.2': 9, '11.1': 14, '11.2': 0, '17.1': 11, '17.2': 9, '19.1': 5, '19.2': 13, '25.1': 16, '41.1': 11, '41.2': 6, '43.1': 6, '43.2': 18, '49.1': 5, '59.1': 12, '59.2': 16, '67.1': 5, '67.2': 1, '73.1': 18, '73.2': 16, '83.1': 16, '83.2': 9, '89.1': 0, '89.2': 6, '97.1': 0, '97.2': 0};1;1;x + 18
971.1;31;{'2.1': 7, '3.1': 18, '3.2': 20, '11.1': 22, '11.2': 22, '17.1': 0, '17.2': 21, '19.1': 25, '19.2': 1, '25.1': 15, '41.1': 23, '41.2': 4, '43.1': 3, '43.2': 14, '49.1': 15, '59.1': 23, '59.2': 6, '67.1': 1, '67.2': 0, '73.1': 19, '73.2': 25, '83.1': 22, '83.2': 12, '89.1': 2, '89.2': 4, '97.1': 5, '97.2': 13};1;1;x + 30
971.1;512429;{'2.1': 297658, '3.1': 294068, '3.2': 437772, '11.1': 257397, '11.2': 197408, '17.1': 5165, '17.2': 478949, '19.1': 92576, '19.2': 105829, '25.1': 153190, '41.1': 231206, '41.2': 184937, '43.1': 118287, '43.2': 9132, '49.1': 338109, '59.1': 236129, '59.2': 296284, '67.1': 382074, '67.2': 355264, '73.1': 116466, '73.2': 393201, '83.1': 71663, '83.2': 490847, '89.1': 246466, '89.2': 61086, '97.1': 470898, '97.2': 226434};1;1;x + 512428
977.1;13;{'2.1': 9, '3.1': 4, '3.2': 8, '11.1': 2, '11.2': 5, '17.1': 6, '17.2': 5, '19.1': 4, '19.2': 4, '25.1': 9, '41.1': 9, '41.2': 5, '43.1': 5, '43.2': 3, '49.1': 7, '59.1': 2, '59.2': 7, '67.1': 7, '67.2': 3, '73.1': 5, '73.2': 8, '83.1': 5, '83.2': 1, '89.1': 0, '89.2': 4, '97.1': 10, '97.2': 3};1;1;x + 12
977.1;31;{'2.1': 22, '3.1': 21, '3.2': 21, '11.1': 25, '11.2': 30, '17.1': 5, '17.2': 29, '19.1': 7, '19.2': 4, '25.1': 13, '41.1': 28, '41.2': 9, '43.1': 11, '43.2': 3, '49.1': 12, '59.1': 28, '59.2': 26, '67.1': 23, '67.2': 0, '73.1': 28, '73.2': 27, '83.1': 28, '83.2': 9, '89.1': 13, '89.2': 9, '97.1': 30, '97.2': 27};1;1;x + 30
977.1;151;{'2.1': 123, '3.1': 140, '3.2': 43, '11.1': 113, '11.2': 25, '17.1': 115, '17.2': 85, '19.1': 76, '19.2': 118, '25.1': 5, '41.1': 72, '41.2': 111, '43.1': 76, '43.2': 22, '49.1': 97, '59.1': 142, '59.2': 146, '67.1': 59, '67.2': 115, '73.1': 81, '73.2': 140, '83.1': 67, '83.2': 60, '89.1': 26, '89.2': 124, '97.1': 34, '97.2': 55};1;1;x + 150
977.1;293;{'2.1': 208, '3.1': 167, '3.2': 258, '11.1': 113, '11.2': 257, '17.1': 257, '17.2': 43, '19.1': 250, '19.2': 41, '25.1': 47, '41.1': 169, '41.2': 74, '43.1': 81, '43.2': 291, '49.1': 287, '59.1': 244, '59.2': 280, '67.1': 241, '67.2': 183, '73.1': 247, '73.2': 65, '83.1': 101, '83.2': 27, '89.1': 265, '89.2': 240, '97.1': 189, '97.2': 130};1;1;x + 292
978.1;43;{'2.1': 42, '3.1': 1, '3.2': 19, '11.1': 15, '11.2': 38, '17.1': 37, '17.2': 35, '19.1': 37, '19.2': 28, '25.1': 0, '41.1': 34, '41.2': 26, '43.1': 34, '43.2': 31, '49.1': 22, '59.1': 30, '59.2': 7, '67.1': 5, '67.2': 14, '73.1': 22, '73.2': 12, '83.1': 24, '83.2': 32, '89.1': 29, '89.2': 35, '97.1': 20, '97.2': 9};1;1;x + 42
979.1;17;{'2.1': 13, '3.1': 3, '3.2': 5, '11.1': 1, '11.2': 3, '17.1': 16, '17.2': 7, '19.1': 13, '19.2': 8, '25.1': 7, '41.1': 10, '41.2': 8, '43.1': 6, '43.2': 8, '49.1': 1, '59.1': 10, '59.2': 11, '67.1': 2, '67.2': 14, '73.1': 14, '73.2': 4, '83.1': 12, '83.2': 1, '89.1': 1, '89.2': 14, '97.1': 4, '97.2': 12};1;1;x + 16
979.1;653;{'2.1': 173, '3.1': 418, '3.2': 299, '11.1': 652, '11.2': 269, '17.1': 322, '17.2': 548, '19.1': 159, '19.2': 434, '25.1': 241, '41.1': 361, '41.2': 629, '43.1': 214, '43.2': 221, '49.1': 206, '59.1': 109, '59.2': 183, '67.1': 293, '67.2': 505, '73.1': 545, '73.2': 246, '83.1': 350, '83.2': 639, '89.1': 1, '89.2': 315, '97.1': 223, '97.2': 644};1;1;x + 652
979.2;5;{'2.1': 3*X1, '3.1': 3*X1 + 4, '3.2': X1, '11.1': 1, '11.2': 3*X1 + 2, '17.1': 3*X1 + 2, '17.2': 4*X1 + 2, '19.1': X1 + 2, '19.2': 4*X1 + 3, '25.1': 3*X1 + 2, '41.1': 3*X1 + 4, '41.2': X1 + 3, '43.1': 3*X1 + 3, '43.2': 3*X1, '49.1': 2*X1 + 3, '59.1': 3*X1 + 1, '59.2': 4*X1 + 2, '67.1': 0, '67.2': 1, '73.1': 4*X1 + 3, '73.2': X1 + 1, '83.1': X1 + 1, '83.2': X1, '89.1': 3*X1 + 2, '89.2': 1, '97.1': X1 + 4, '97.2': 2*X1 + 2};1;1;x^2 + 4*x + 2
979.2;13;{'2.1': 6, '3.1': 12, '3.2': 9, '11.1': 1, '11.2': 12, '17.1': 10, '17.2': 11, '19.1': 12, '19.2': 0, '25.1': 4, '41.1': 2, '41.2': 10, '43.1': 7, '43.2': 0, '49.1': 1, '59.1': 10, '59.2': 11, '67.1': 2, '67.2': 6, '73.1': 4, '73.2': 9, '83.1': 2, '83.2': 6, '89.1': 2, '89.2': 12, '97.1': 12, '97.2': 7};1;1;x + 12
979.2;97;{'2.1': 24, '3.1': 30, '3.2': 80, '11.1': 1, '11.2': 20, '17.1': 12, '17.2': 59, '19.1': 55, '19.2': 13, '25.1': 25, '41.1': 83, '41.2': 1, '43.1': 94, '43.2': 40, '49.1': 89, '59.1': 16, '59.2': 2, '67.1': 38, '67.2': 14, '73.1': 86, '73.2': 64, '83.1': 42, '83.2': 25, '89.1': 87, '89.2': 96, '97.1': 53, '97.2': 55};1;1;x + 96
979.2;137;{'2.1': 114, '3.1': 53, '3.2': 61, '11.1': 136, '11.2': 92, '17.1': 38, '17.2': 89, '19.1': 120, '19.2': 12, '25.1': 47, '41.1': 81, '41.2': 84, '43.1': 89, '43.2': 102, '49.1': 39, '59.1': 101, '59.2': 56, '67.1': 129, '67.2': 60, '73.1': 110, '73.2': 4, '83.1': 70, '83.2': 49, '89.1': 71, '89.2': 1, '97.1': 134, '97.2': 57};1;1;x + 136
982.1;17;{'2.1': 1, '3.1': 5, '3.2': 12, '11.1': 9, '11.2': 0, '17.1': 5, '17.2': 2, '19.1': 16, '19.2': 11, '25.1': 6, '41.1': 7, '41.2': 4, '43.1': 11, '43.2': 7, '49.1': 5, '59.1': 12, '59.2': 12, '67.1': 9, '67.2': 1, '73.1': 16, '73.2': 11, '83.1': 5, '83.2': 7, '89.1': 7, '89.2': 12, '97.1': 11, '97.2': 8};1;1;x + 16
982.1;19;{'2.1': 1, '3.1': 7, '3.2': 2, '11.1': 14, '11.2': 16, '17.1': 5, '17.2': 7, '19.1': 12, '19.2': 3, '25.1': 9, '41.1': 3, '41.2': 9, '43.1': 12, '43.2': 3, '49.1': 4, '59.1': 18, '59.2': 10, '67.1': 4, '67.2': 15, '73.1': 4, '73.2': 9, '83.1': 6, '83.2': 9, '89.1': 9, '89.2': 4, '97.1': 9, '97.2': 13};1;1;x + 18
982.1;31;{'2.1': 30, '3.1': 10, '3.2': 5, '11.1': 12, '11.2': 30, '17.1': 2, '17.2': 25, '19.1': 6, '19.2': 22, '25.1': 24, '41.1': 4, '41.2': 27, '43.1': 17, '43.2': 11, '49.1': 9, '59.1': 17, '59.2': 8, '67.1': 25, '67.2': 23, '73.1': 11, '73.2': 4, '83.1': 9, '83.2': 0, '89.1': 2, '89.2': 8, '97.1': 1, '97.2': 17};1;1;x + 30
993.1;23;{'2.1': 0, '3.1': 1, '3.2': 5, '11.1': 2, '11.2': 16, '17.1': 18, '17.2': 13, '19.1': 7, '19.2': 15, '25.1': 7, '41.1': 7, '41.2': 10, '43.1': 14, '43.2': 5, '49.1': 4, '59.1': 20, '59.2': 15, '67.1': 0, '67.2': 12, '73.1': 19, '73.2': 0, '83.1': 4, '83.2': 10, '89.1': 7, '89.2': 14, '97.1': 10, '97.2': 15};1;1;x + 22
993.1;149;{'2.1': 61, '3.1': 148, '3.2': 127, '11.1': 72, '11.2': 126, '17.1': 3, '17.2': 79, '19.1': 88, '19.2': 135, '25.1': 13, '41.1': 101, '41.2': 145, '43.1': 23, '43.2': 139, '49.1': 28, '59.1': 52, '59.2': 128, '67.1': 37, '67.2': 113, '73.1': 143, '73.2': 17, '83.1': 143, '83.2': 18, '89.1': 5, '89.2': 62, '97.1': 97, '97.2': 13};1;1;x + 148
993.1;197;{'2.1': 181, '3.1': 1, '3.2': 25, '11.1': 85, '11.2': 196, '17.1': 180, '17.2': 123, '19.1': 123, '19.2': 71, '25.1': 56, '41.1': 108, '41.2': 187, '43.1': 49, '43.2': 87, '49.1': 113, '59.1': 18, '59.2': 142, '67.1': 77, '67.2': 120, '73.1': 113, '73.2': 87, '83.1': 86, '83.2': 98, '89.1': 2, '89.2': 177, '97.1': 194, '97.2': 100};1;1;x + 196
993.2;317;{'2.1': 5, '3.1': 1, '3.2': 84, '11.1': 144, '11.2': 158, '17.1': 7, '17.2': 259, '19.1': 248, '19.2': 245, '25.1': 158, '41.1': 48, '41.2': 58, '43.1': 315, '43.2': 157, '49.1': 110, '59.1': 148, '59.2': 238, '67.1': 146, '67.2': 168, '73.1': 19, '73.2': 32, '83.1': 289, '83.2': 268, '89.1': 40, '89.2': 300, '97.1': 52, '97.2': 93};1;1;x + 316
993.2;27277;{'2.1': 15029, '3.1': 27276, '3.2': 5638, '11.1': 844, '11.2': 21475, '17.1': 5917, '17.2': 10742, '19.1': 24140, '19.2': 23266, '25.1': 17186, '41.1': 22138, '41.2': 25038, '43.1': 22225, '43.2': 5941, '49.1': 8933, '59.1': 12335, '59.2': 7458, '67.1': 21490, '67.2': 10837, '73.1': 15041, '73.2': 11541, '83.1': 23219, '83.2': 14490, '89.1': 22071, '89.2': 19655, '97.1': 26684, '97.2': 21946};1;1;x + 27276
996.2;19;{'2.1': 0, '3.1': 1, '3.2': 7, '11.1': 14, '11.2': 8, '17.1': 16, '17.2': 3, '19.1': 2, '19.2': 15, '25.1': 16, '41.1': 7, '41.2': 18, '43.1': 17, '43.2': 2, '49.1': 16, '59.1': 9, '59.2': 15, '67.1': 13, '67.2': 9, '73.1': 2, '73.2': 7, '83.1': 14, '83.2': 1, '89.1': 10, '89.2': 3, '97.1': 5, '97.2': 15};1;1;x + 18
998.1;571;{'2.1': 1, '3.1': 106, '3.2': 287, '11.1': 427, '11.2': 320, '17.1': 311, '17.2': 541, '19.1': 531, '19.2': 281, '25.1': 96, '41.1': 517, '41.2': 295, '43.1': 216, '43.2': 71, '49.1': 322, '59.1': 269, '59.2': 398, '67.1': 330, '67.2': 27, '73.1': 285, '73.2': 457, '83.1': 257, '83.2': 380, '89.1': 429, '89.2': 253, '97.1': 214, '97.2': 109};1;1;x + 570
