level;p;3.1;3.2;4.1;5.1;5.2;11.1;23.1;23.2;31.1;31.2;37.1;37.2;47.1;47.2;49.1;53.1;53.2;59.1;59.2;67.1;67.2;71.1;71.2;89.1;89.2;97.1;97.2;dim;generalized-dim;Coeff_minpoly
1.1;2;1;1;0;1;1;0;1;1;1;1;1;1;0;0;0;0;0;1;1;1;1;1;1;1;1;1;1;1;1;x + 1
23.1;2;0;1;1;0;1;1;1;0;1;0;1;0;1;0;1;0;1;1;0;0;0;1;0;0;0;1;0;1;1;x + 1
55.1;7;5;3;3;1;4;6;0;1;0;3;5;6;4;2;0;1;3;2;6;5;4;3;4;4;6;0;5;1;1;x + 6
59.1;3;0;1;1;0;0;2;2;1;0;1;0;1;2;2;1;0;1;1;2;2;1;1;0;0;1;0;1;1;1;x + 2
60.1;3;2;0;2;2;0;1;0;2;1;0;0;2;1;1;2;1;1;0;2;2;0;1;1;2;2;0;1;1;1;x + 2
60.2;3;2;2;1;2;2;1;1;2;1;2;1;1;1;0;2;2;0;0;2;0;1;0;1;0;0;0;1;1;1;x + 2
69.2;17;1;9;15;4;13;14;16;16;16;5;6;2;6;3;16;15;13;14;10;7;2;14;4;2;14;10;10;1;1;x + 16
71.1;2;[ 0, 0 ];[ 0, 1 ];[ 1, 0 ];[ 1, 1 ];[ 0, 1 ];[ 0, 0 ];[ 1, 1 ];[ 0, 1 ];[ 1, 1 ];[ 1, 1 ];[ 0, 0 ];[ 0, 0 ];[ 0, 0 ];[ 0, 0 ];[ 0, 1 ];[ 0, 0 ];[ 1, 1 ];[ 0, 0 ];[ 0, 0 ];[ 0, 0 ];[ 0, 0 ];[ 1, 0 ];[ 0, 1 ];[ 0, 0 ];[ 0, 0 ];[ 0, 0 ];[ 0, 0 ];1;1;x^2 + x + 1
75.3;2;1;1;1;1;0;0;0;0;0;1;0;0;1;1;0;0;1;0;0;0;1;1;0;1;0;0;0;1;2;x + 1
75.3;2;1;1;1;1;0;0;0;0;0;1;0;0;1;1;0;0;1;0;0;0;1;1;0;1;0;0;0;1;2;x + 1
89.1;2;1;0;0;0;0;1;1;0;0;0;1;0;1;1;0;0;0;0;0;0;0;0;0;1;1;0;0;1;1;x + 1
89.1;17;9;11;2;1;11;3;7;13;8;0;2;13;15;11;9;8;13;15;9;7;14;12;5;16;13;7;8;1;1;x + 16
92.1;3;0;0;2;0;1;2;1;0;2;2;0;2;2;0;1;1;0;1;0;1;1;1;0;0;0;2;2;1;1;x + 2
92.1;3;1;2;2;1;2;0;1;0;2;1;2;0;0;0;0;0;2;1;1;0;1;2;0;2;0;0;2;1;1;x + 2
93.2;3;1;0;0;2;0;2;0;2;1;1;2;0;1;0;2;1;2;1;0;1;0;0;0;0;0;1;1;1;1;x + 2
93.1;2;[ 1, 0 ];[ 0, 1 ];[ 0, 0 ];[ 0, 0 ];[ 1, 1 ];[ 0, 1 ];[ 0, 0 ];[ 0, 0 ];[ 1, 0 ];[ 1, 1 ];[ 0, 1 ];[ 0, 0 ];[ 1, 1 ];[ 0, 0 ];[ 1, 1 ];[ 0, 0 ];[ 0, 0 ];[ 0, 0 ];[ 1, 1 ];[ 0, 0 ];[ 0, 0 ];[ 0, 0 ];[ 0, 1 ];[ 0, 0 ];[ 0, 0 ];[ 0, 0 ];[ 0, 0 ];1;1;x^2 + x + 1
100.2;2;1;1;1;1;1;0;0;0;1;1;1;1;0;0;1;1;1;0;0;0;0;1;1;1;1;0;0;1;4;x + 1
100.2;2;1;1;1;1;1;0;0;0;1;1;1;1;0;0;1;1;1;0;0;0;0;1;1;1;1;0;0;1;4;x + 1
100.2;2;1;1;1;1;1;0;0;0;1;1;1;1;0;0;1;1;1;0;0;0;0;1;1;1;1;0;0;1;4;x + 1
100.2;2;1;1;1;1;1;0;0;0;1;1;1;1;0;0;1;1;1;0;0;0;0;1;1;1;1;0;0;1;4;x + 1
103.1;19;6;14;6;14;15;14;0;14;5;16;11;7;10;17;4;13;8;12;10;5;7;1;11;1;10;4;3;1;1;x + 18
111.1;31;30;7;2;19;12;15;16;28;5;3;1;3;5;1;3;13;28;27;3;13;18;22;2;3;23;19;12;1;1;x + 30
113.1;127;54;6;90;77;40;5;49;115;89;107;67;73;12;77;98;17;103;97;1;44;90;47;82;22;117;51;70;1;1;x + 126
124.1;7;[ 4, 1 ];[ 0, 5 ];[ 1, 0 ];[ 2, 6 ];[ 3, 4 ];[ 4, 2 ];[ 1, 1 ];[ 4, 2 ];[ 6, 0 ];[ 3, 4 ];[ 6, 6 ];[ 1, 2 ];[ 1, 0 ];[ 2, 3 ];[ 5, 5 ];[ 0, 6 ];[ 0, 4 ];[ 4, 1 ];[ 3, 1 ];[ 5, 0 ];[ 3, 3 ];[ 5, 6 ];[ 1, 0 ];[ 4, 2 ];[ 3, 4 ];[ 6, 2 ];[ 0, 4 ];1;1;x^2 + 6*x + 3
125.1;2;[ 0, 1 ];[ 0, 0 ];[ 0, 0 ];[ 0, 0 ];[ 0, 0 ];[ 0, 0 ];[ 0, 0 ];[ 1, 1 ];[ 0, 0 ];[ 0, 0 ];[ 0, 1 ];[ 0, 0 ];[ 1, 1 ];[ 0, 0 ];[ 0, 0 ];[ 0, 1 ];[ 0, 0 ];[ 0, 1 ];[ 1, 1 ];[ 0, 0 ];[ 0, 0 ];[ 0, 1 ];[ 1, 1 ];[ 0, 0 ];[ 0, 0 ];[ 0, 0 ];[ 1, 1 ];1;1;x^2 + x + 1
135.2;5;0;0;0;1;4;2;2;1;2;1;4;3;2;2;1;0;0;4;1;2;4;4;0;4;3;2;3;1;1;x + 4
137.1;11;5;8;1;6;6;7;8;1;10;6;7;4;9;0;3;4;10;0;6;7;7;10;3;4;3;9;3;1;1;x + 10
141.1;2;1;0;1;1;1;1;0;1;0;1;0;0;1;1;1;1;0;0;1;0;1;0;1;0;0;0;0;1;2;x + 1
141.1;2;1;0;1;1;1;1;0;1;0;1;0;0;1;1;1;1;0;0;1;0;1;0;1;0;0;0;0;1;2;x + 1
141.2;3;1;2;2;0;2;0;1;2;0;1;1;1;0;1;2;0;0;1;1;1;2;1;2;2;2;0;2;1;1;x + 2
147.1;7;1;1;4;4;6;1;2;3;1;4;6;3;4;4;6;6;4;1;2;0;2;5;4;3;5;5;0;1;1;x + 6
155.2;3;1;2;2;2;2;1;0;0;1;1;2;1;0;0;1;1;2;2;2;0;1;0;1;2;1;2;0;1;1;x + 2
155.2;7;1;5;5;6;0;3;5;1;3;1;2;2;3;3;1;5;2;1;5;5;5;2;5;1;1;4;6;1;1;x + 6
155.2;29;20;14;20;1;14;13;7;28;7;28;21;18;16;21;14;22;2;5;27;4;27;25;28;2;26;2;16;1;1;x + 28
155.1;3;0;0;1;1;0;2;2;2;2;0;2;1;0;0;2;1;0;1;0;2;0;1;2;1;1;2;1;1;2;x + 2
155.1;3;0;0;1;1;0;2;2;2;2;0;2;1;0;0;2;1;0;1;0;2;0;1;2;1;1;2;1;1;2;x + 2
155.1;7;0;4;0;6;6;6;3;4;1;5;4;4;0;5;1;6;4;5;4;5;5;1;6;5;6;0;6;1;1;x + 6
157.1;5;3;4;2;1;1;1;2;0;0;4;2;2;0;3;1;1;3;0;1;2;1;1;0;0;3;4;1;1;1;x + 4
157.1;127;98;8;115;107;98;34;71;111;17;87;43;91;125;8;61;48;124;67;101;104;113;7;84;33;87;95;13;1;1;x + 126
159.1;5;4;0;4;1;2;0;2;0;1;0;3;2;2;2;4;1;1;1;4;4;1;3;4;1;0;2;2;1;1;x + 4
159.1;53;1;6;12;38;16;52;5;52;6;10;39;24;29;16;16;52;35;17;32;0;32;23;28;1;24;40;47;1;1;x + 52
159.2;3;[ 2, 0 ];[ 0, 2 ];[ 1, 2 ];[ 1, 2 ];[ 2, 1 ];[ 2, 1 ];[ 0, 1 ];[ 1, 0 ];[ 0, 0 ];[ 2, 0 ];[ 0, 1 ];[ 1, 0 ];[ 1, 1 ];[ 2, 2 ];[ 1, 2 ];[ 2, 1 ];[ 1, 0 ];[ 1, 0 ];[ 0, 1 ];[ 2, 1 ];[ 2, 2 ];[ 1, 2 ];[ 1, 1 ];[ 0, 0 ];[ 2, 1 ];[ 2, 1 ];[ 2, 2 ];1;1;x^2 + 2*x + 2
169.1;2;[ 0, 1, 1, 0 ];[ 0, 1, 1, 0 ];[ 1, 1, 1, 1 ];[ 0, 0, 0, 0 ];[ 0, 0, 0, 0 ];[ 0, 0, 0, 0 ];[ 1, 1, 1, 0 ];[ 1, 1, 1, 0 ];[ 0, 0, 0, 0 ];[ 0, 0, 0, 0 ];[ 0, 0, 0, 0 ];[ 0, 0, 0, 0 ];[ 0, 0, 0, 0 ];[ 0, 0, 0, 0 ];[ 0, 1, 1, 0 ];[ 0, 1, 1, 0 ];[ 0, 1, 1, 0 ];[ 0, 0, 0, 0 ];[ 0, 0, 0, 0 ];[ 0, 0, 0, 0 ];[ 0, 0, 0, 0 ];[ 0, 0, 0, 0 ];[ 0, 0, 0, 0 ];[ 0, 0, 0, 0 ];[ 0, 0, 0, 0 ];[ 0, 0, 0, 0 ];[ 0, 0, 0, 0 ];1;1;x^4 + x + 1
177.2;29;1;7;24;12;4;5;25;14;9;12;26;28;20;14;22;10;26;16;28;26;20;24;3;1;14;2;25;1;1;x + 28
179.1;11;7;10;2;2;2;5;9;7;8;9;0;7;7;5;4;9;9;3;9;5;1;10;5;9;4;10;1;1;1;x + 10
179.1;11;1;9;6;2;10;0;10;1;9;8;1;2;1;5;2;9;10;0;5;3;4;6;0;1;0;5;4;1;1;x + 10
179.1;13;2;0;9;11;2;4;12;4;1;12;0;0;9;12;10;5;12;2;0;6;9;1;8;12;2;3;8;1;1;x + 12
180.2;3;0;0;2;1;2;2;1;0;0;2;1;0;1;1;0;0;0;2;2;2;1;2;0;0;1;1;2;1;1;x + 2
180.2;5;0;3;4;3;1;2;4;2;3;2;1;1;0;2;4;3;0;0;1;4;0;1;1;0;3;3;1;1;1;x + 4
180.1;7;0;4;6;1;3;5;1;2;3;0;1;5;3;3;1;5;1;0;0;4;3;0;6;0;0;0;3;1;1;x + 6
181.1;17;15;12;10;8;8;11;15;5;16;16;14;6;8;1;3;16;13;11;15;5;15;10;16;5;7;11;0;1;1;x + 16
181.1;103;33;77;41;68;43;41;102;56;95;22;34;59;47;78;17;101;24;95;8;8;57;35;11;24;41;15;45;1;1;x + 102
185.2;5;0;2;1;4;4;3;3;4;3;1;4;4;0;0;0;1;2;2;2;2;1;1;0;4;4;0;1;1;1;x + 4
188.1;2;[ 0, 1 ];[ 0, 0 ];[ 1, 0 ];[ 0, 0 ];[ 1, 1 ];[ 0, 0 ];[ 1, 1 ];[ 0, 1 ];[ 0, 0 ];[ 0, 0 ];[ 0, 0 ];[ 0, 0 ];[ 1, 0 ];[ 0, 0 ];[ 0, 0 ];[ 0, 1 ];[ 0, 1 ];[ 1, 1 ];[ 0, 0 ];[ 0, 1 ];[ 1, 1 ];[ 0, 1 ];[ 0, 0 ];[ 0, 1 ];[ 0, 1 ];[ 0, 1 ];[ 1, 1 ];1;1;x^2 + x + 1
191.1;2;0;1;1;0;0;0;1;0;0;0;1;0;0;0;1;1;0;1;0;0;1;1;1;1;0;0;0;1;1;x + 1
191.1;41;34;8;23;39;18;9;17;32;9;25;34;16;12;32;34;4;32;24;17;39;24;6;1;24;26;8;5;1;1;x + 40
192.1;3;1;0;0;0;1;0;2;1;2;1;2;1;1;0;0;2;0;1;1;1;2;1;0;0;0;1;2;1;1;x + 2
192.1;3;1;1;0;0;1;2;0;0;1;1;0;2;0;2;1;2;2;1;0;1;2;2;1;1;0;1;1;1;1;x + 2
199.1;131;36;88;103;111;76;37;107;129;18;52;45;15;111;101;31;77;34;5;130;77;97;66;9;18;27;40;75;1;1;x + 130
201.1;3;[ 2, 0 ];[ 0, 1 ];[ 2, 2 ];[ 0, 2 ];[ 2, 0 ];[ 2, 0 ];[ 1, 0 ];[ 1, 2 ];[ 1, 1 ];[ 0, 0 ];[ 2, 2 ];[ 2, 1 ];[ 2, 2 ];[ 2, 2 ];[ 1, 2 ];[ 0, 2 ];[ 1, 1 ];[ 2, 2 ];[ 1, 2 ];[ 1, 0 ];[ 2, 2 ];[ 0, 1 ];[ 2, 0 ];[ 0, 0 ];[ 1, 1 ];[ 2, 0 ];[ 0, 2 ];1;1;x^2 + 2*x + 2
201.1;7;6;4;3;0;2;0;3;2;0;2;6;4;1;5;3;6;1;5;3;6;6;0;4;4;6;2;0;1;1;x + 6
201.2;3;1;2;0;2;0;0;2;2;2;0;1;1;0;2;2;0;0;2;1;1;2;1;0;0;1;0;2;1;1;x + 2
207.2;7;0;6;4;0;1;6;5;1;1;1;5;0;3;0;6;4;2;5;3;5;3;1;2;0;5;3;5;1;1;x + 6
212.1;2;[ 0, 0 ];[ 0, 1 ];[ 1, 0 ];[ 0, 0 ];[ 0, 1 ];[ 1, 1 ];[ 0, 1 ];[ 0, 0 ];[ 0, 0 ];[ 1, 1 ];[ 1, 1 ];[ 1, 1 ];[ 0, 1 ];[ 1, 1 ];[ 0, 1 ];[ 1, 0 ];[ 0, 0 ];[ 0, 0 ];[ 0, 0 ];[ 0, 0 ];[ 0, 1 ];[ 1, 1 ];[ 0, 0 ];[ 0, 0 ];[ 0, 0 ];[ 1, 1 ];[ 0, 1 ];1;2;x^2 + x + 1
212.1;2;[ 0, 0 ];[ 0, 1 ];[ 1, 0 ];[ 0, 0 ];[ 0, 1 ];[ 1, 1 ];[ 0, 1 ];[ 0, 0 ];[ 0, 0 ];[ 1, 1 ];[ 1, 1 ];[ 1, 1 ];[ 0, 1 ];[ 1, 1 ];[ 0, 1 ];[ 1, 0 ];[ 0, 0 ];[ 0, 0 ];[ 0, 0 ];[ 0, 0 ];[ 0, 1 ];[ 1, 1 ];[ 0, 0 ];[ 0, 0 ];[ 0, 0 ];[ 1, 1 ];[ 0, 1 ];1;2;x^2 + x + 1
213.2;2;[ 1, 0 ];[ 0, 1 ];[ 0, 0 ];[ 0, 1 ];[ 0, 0 ];[ 0, 0 ];[ 1, 1 ];[ 1, 1 ];[ 0, 1 ];[ 0, 0 ];[ 0, 1 ];[ 1, 1 ];[ 0, 1 ];[ 1, 1 ];[ 0, 0 ];[ 0, 0 ];[ 0, 0 ];[ 0, 0 ];[ 0, 0 ];[ 0, 0 ];[ 1, 1 ];[ 0, 0 ];[ 1, 0 ];[ 0, 0 ];[ 0, 0 ];[ 1, 1 ];[ 0, 0 ];1;1;x^2 + x + 1
213.2;13;1;7;12;11;7;2;11;6;7;5;11;12;10;5;8;7;4;6;4;1;6;9;12;3;7;11;4;1;1;x + 12
213.1;3;2;1;0;0;0;2;0;1;1;1;2;2;1;0;1;1;2;2;2;1;2;1;0;2;0;0;0;1;1;x + 2
213.1;37;1;22;24;15;20;17;8;6;35;12;30;28;6;13;25;33;22;15;2;28;28;36;35;9;26;6;13;1;1;x + 36
220.1;3;1;2;2;1;1;1;1;1;2;2;2;2;0;2;1;2;0;2;0;1;1;0;1;0;2;0;1;1;1;x + 2
223.1;2;[ 0, 0 ];[ 0, 1 ];[ 0, 1 ];[ 0, 1 ];[ 1, 0 ];[ 1, 1 ];[ 0, 0 ];[ 1, 0 ];[ 1, 0 ];[ 1, 1 ];[ 0, 0 ];[ 1, 0 ];[ 1, 0 ];[ 0, 1 ];[ 0, 1 ];[ 0, 0 ];[ 1, 0 ];[ 1, 0 ];[ 1, 1 ];[ 1, 1 ];[ 1, 0 ];[ 0, 1 ];[ 1, 0 ];[ 1, 1 ];[ 1, 0 ];[ 1, 1 ];[ 1, 0 ];1;1;x^2 + x + 1
223.1;3;2;2;1;2;1;2;1;1;2;0;0;2;0;2;0;1;0;0;1;2;1;0;2;1;0;1;2;1;1;x + 2
223.1;719;533;574;11;128;343;665;243;197;711;665;510;433;505;482;435;95;28;431;226;627;80;263;288;333;633;610;420;1;1;x + 718
229.1;7;6;2;0;2;1;4;3;0;4;6;0;3;5;4;3;2;6;5;1;1;3;2;1;3;5;4;5;1;1;x + 6
229.1;8693;455;5502;5849;607;321;953;1937;225;2677;4105;4129;4480;144;7720;7565;251;950;2975;6759;6460;4235;420;6473;6643;160;5037;2117;1;1;x + 8692
235.2;3;[ 2, 2 ];[ 1, 2 ];[ 2, 2 ];[ 2, 0 ];[ 2, 1 ];[ 0, 0 ];[ 2, 1 ];[ 2, 0 ];[ 1, 0 ];[ 2, 2 ];[ 0, 2 ];[ 2, 1 ];[ 1, 0 ];[ 2, 0 ];[ 0, 1 ];[ 2, 1 ];[ 1, 2 ];[ 1, 2 ];[ 2, 1 ];[ 0, 1 ];[ 2, 1 ];[ 1, 0 ];[ 2, 1 ];[ 0, 1 ];[ 1, 2 ];[ 0, 0 ];[ 0, 2 ];1;1;x^2 + 2*x + 2
235.2;13;0;9;9;12;7;8;10;2;4;4;12;9;8;1;11;12;11;1;11;8;12;8;12;1;9;5;2;1;1;x + 12
236.1;19;6;4;18;3;10;4;7;16;5;3;14;11;12;16;9;3;8;18;14;16;11;18;1;9;6;5;16;1;1;x + 18
236.1;37;26;20;1;36;6;21;15;6;19;29;18;30;4;36;18;14;3;36;5;24;24;20;25;8;22;19;6;1;1;x + 36
240.2;3;[ 1, 0 ];[ 0, 2 ];[ 0, 0 ];[ 0, 2 ];[ 1, 0 ];[ 2, 2 ];[ 2, 0 ];[ 2, 0 ];[ 0, 0 ];[ 1, 0 ];[ 2, 2 ];[ 0, 2 ];[ 0, 1 ];[ 1, 1 ];[ 1, 2 ];[ 0, 0 ];[ 1, 0 ];[ 1, 2 ];[ 0, 0 ];[ 2, 0 ];[ 0, 2 ];[ 0, 0 ];[ 2, 1 ];[ 1, 0 ];[ 2, 1 ];[ 1, 1 ];[ 1, 1 ];1;1;x^2 + 2*x + 2
243.1;2;0;0;1;1;0;1;0;1;1;0;0;0;0;0;0;0;1;1;0;1;0;0;0;1;0;0;0;1;1;x + 1
243.1;7;0;3;5;4;2;0;5;2;3;5;0;0;3;3;6;1;5;6;6;2;4;0;5;4;1;0;5;1;1;x + 6
245.1;2;1;0;1;1;1;1;1;0;0;0;1;0;0;0;1;1;0;0;1;0;0;0;0;1;1;0;0;1;4;x + 1
245.1;2;1;0;1;1;1;1;1;0;0;0;1;0;0;0;1;1;0;0;1;0;0;0;0;1;1;0;0;1;4;x + 1
245.1;2;1;0;1;1;1;1;1;0;0;0;1;0;0;0;1;1;0;0;1;0;0;0;0;1;1;0;0;1;4;x + 1
245.1;2;1;0;1;1;1;1;1;0;0;0;1;0;0;0;1;1;0;0;1;0;0;0;0;1;1;0;0;1;4;x + 1
251.1;7;1;4;0;0;5;4;0;6;2;0;4;5;0;6;3;0;2;2;6;4;2;6;4;1;5;5;0;1;1;x + 6
251.1;1229;795;8;1050;634;231;169;813;524;847;121;336;751;870;579;504;1073;711;447;1031;935;911;592;386;3;974;774;1029;1;1;x + 1228
253.1;41;18;23;6;8;7;1;40;8;31;14;36;2;19;33;17;2;18;12;16;28;26;38;37;26;25;28;18;1;1;x + 40
257.1;2;1;0;1;0;1;0;0;1;0;1;1;0;1;0;0;1;0;1;1;0;0;0;0;1;1;1;0;1;2;x + 1
257.1;2;1;0;1;0;1;0;0;1;0;1;1;0;1;0;0;1;0;1;1;0;0;0;0;1;1;1;0;1;2;x + 1
257.1;71;14;6;22;34;44;60;40;47;5;50;67;44;63;67;48;18;27;33;63;51;15;27;2;21;36;12;47;1;1;x + 70
265.1;3;[ 0, 1, 0 ];[ 2, 1, 2 ];[ 0, 2, 1 ];[ 2, 0, 0 ];[ 2, 2, 0 ];[ 2, 2, 2 ];[ 2, 1, 0 ];[ 0, 2, 2 ];[ 0, 0, 0 ];[ 0, 2, 2 ];[ 1, 1, 2 ];[ 1, 1, 0 ];[ 2, 2, 2 ];[ 0, 2, 0 ];[ 0, 2, 2 ];[ 1, 0, 0 ];[ 2, 1, 0 ];[ 2, 0, 1 ];[ 2, 1, 0 ];[ 2, 2, 0 ];[ 1, 2, 0 ];[ 0, 2, 2 ];[ 2, 2, 0 ];[ 0, 1, 2 ];[ 0, 1, 2 ];[ 2, 2, 2 ];[ 2, 1, 2 ];1;1;x^3 + 2*x + 1
265.2;3;2;1;1;2;0;1;2;2;0;2;1;1;0;0;0;0;1;2;2;1;1;1;0;0;0;0;2;1;1;x + 2
265.2;17;2;6;4;16;13;3;11;8;6;7;1;6;3;10;13;15;16;2;14;8;13;0;5;5;4;15;16;1;1;x + 16
268.1;5;0;1;4;2;2;0;1;0;0;3;4;0;0;4;2;2;3;2;1;1;1;4;4;0;4;3;3;1;1;x + 4
268.1;11;9;0;1;10;4;7;10;0;7;1;7;0;5;7;5;9;1;1;7;10;0;6;5;0;10;5;10;1;1;x + 10
268.1;23;21;15;22;4;21;7;3;18;11;6;8;20;4;19;17;19;9;19;3;1;7;0;2;10;3;10;5;1;1;x + 22
269.1;2;[ 0, 0 ];[ 0, 1 ];[ 0, 0 ];[ 1, 1 ];[ 1, 1 ];[ 1, 1 ];[ 0, 0 ];[ 0, 0 ];[ 0, 0 ];[ 0, 1 ];[ 0, 0 ];[ 0, 0 ];[ 0, 0 ];[ 0, 1 ];[ 0, 0 ];[ 0, 0 ];[ 0, 0 ];[ 0, 0 ];[ 0, 0 ];[ 0, 0 ];[ 0, 0 ];[ 1, 1 ];[ 0, 0 ];[ 0, 0 ];[ 1, 1 ];[ 1, 1 ];[ 0, 1 ];1;1;x^2 + x + 1
269.1;163;89;32;124;87;1;113;1;134;93;22;88;38;54;72;162;1;140;96;18;142;120;110;85;25;117;48;9;1;1;x + 162
275.1;7;5;4;4;0;3;1;0;1;0;4;5;1;4;5;0;1;4;2;6;2;4;3;4;3;1;0;5;1;1;x + 6
276.1;41;1;23;40;6;21;40;40;40;5;6;22;3;32;26;17;1;16;31;19;7;1;3;1;21;4;25;9;1;1;x + 40
276.2;3;2;2;2;1;2;1;2;2;2;1;0;2;1;0;1;2;0;0;0;1;2;2;0;0;2;0;2;1;1;x + 2
279.2;7;0;4;4;3;0;2;4;0;0;6;6;2;1;2;6;0;1;1;1;2;2;0;4;4;2;2;5;1;1;x + 6
279.1;3;0;2;0;0;1;1;0;2;2;0;2;0;0;0;0;0;0;1;0;0;1;1;0;0;1;1;2;1;1;x + 2
289.1;2;0;0;0;0;0;0;0;0;0;0;0;0;1;1;1;1;1;1;1;1;1;0;0;1;1;0;0;1;1;x + 1
289.1;3;0;2;0;2;0;2;1;0;2;1;1;1;1;2;1;0;0;2;2;2;2;1;0;0;1;2;1;1;1;x + 2
289.1;3;2;0;0;0;2;2;0;1;1;2;1;1;2;1;1;0;0;2;2;2;2;0;1;1;0;1;2;1;1;x + 2
291.2;61;1;44;47;24;35;6;59;33;22;48;41;47;25;12;35;27;56;46;52;50;29;34;3;56;17;40;60;1;1;x + 60
291.1;3;1;1;1;2;1;1;1;2;0;1;0;1;0;1;1;2;2;1;0;0;2;0;1;2;0;1;2;1;1;x + 2
291.1;7;6;6;2;3;0;4;6;5;0;3;6;1;5;1;1;6;4;1;4;1;5;5;4;6;0;6;4;1;1;x + 6
295.2;53;23;33;5;1;52;39;24;28;41;32;41;25;49;48;7;36;41;38;52;32;50;51;8;19;7;27;13;1;1;x + 52
295.1;5;1;0;0;4;0;4;1;2;2;1;1;3;4;2;2;3;2;1;3;1;3;1;1;0;4;4;3;1;1;x + 4
295.1;13;8;2;10;12;9;12;1;0;4;6;8;0;3;0;2;7;6;1;2;8;10;9;2;1;9;9;6;1;1;x + 12
297.1;2;[ 0, 0 ];[ 0, 0 ];[ 0, 1 ];[ 0, 0 ];[ 1, 0 ];[ 1, 0 ];[ 0, 0 ];[ 1, 0 ];[ 0, 0 ];[ 0, 0 ];[ 0, 0 ];[ 0, 0 ];[ 0, 0 ];[ 1, 0 ];[ 0, 0 ];[ 0, 0 ];[ 1, 0 ];[ 0, 0 ];[ 1, 0 ];[ 0, 0 ];[ 0, 0 ];[ 1, 0 ];[ 0, 0 ];[ 1, 0 ];[ 0, 0 ];[ 1, 0 ];[ 1, 0 ];1;1;x^2 + x + 1
300.1;3;2;0;1;0;0;2;0;2;2;0;0;1;1;2;1;1;2;0;2;1;0;1;1;1;1;0;1;1;1;x + 2
309.1;5;1;2;2;4;1;0;2;1;3;0;0;1;4;4;1;4;2;1;0;0;4;2;3;1;3;4;2;1;1;x + 4
309.1;5;4;4;1;4;2;4;1;4;4;2;2;4;3;4;3;3;1;0;1;1;0;1;4;1;1;2;3;1;1;x + 4
309.1;5;4;3;3;2;0;3;0;4;0;3;0;3;3;2;2;0;1;0;2;0;4;3;1;4;0;0;3;1;1;x + 4
309.2;7;6;5;5;5;6;3;6;3;0;1;3;2;4;4;6;4;6;1;0;0;4;6;3;2;0;4;5;1;1;x + 6
309.2;7;1;3;1;2;4;4;1;3;6;4;1;2;4;1;5;0;2;3;3;0;3;1;6;3;0;4;2;1;1;x + 6
309.2;11;10;1;9;3;5;3;1;2;7;0;0;5;6;9;5;3;5;6;7;2;7;1;7;10;8;9;3;1;1;x + 10
309.2;23;1;9;16;2;17;16;4;20;11;6;13;17;22;4;19;17;12;14;0;16;13;19;18;4;5;14;4;1;1;x + 22
311.1;2;0;0;1;1;1;1;1;1;0;0;1;0;1;0;0;1;0;0;0;1;0;0;0;0;0;0;1;1;1;x + 1
311.1;59;29;42;10;48;54;46;50;57;58;5;57;18;0;58;37;48;27;29;32;47;46;46;45;10;58;23;8;1;1;x + 58
311.1;79;63;6;35;47;21;28;73;15;19;72;66;1;33;30;69;25;64;26;67;67;54;48;21;32;29;42;76;1;1;x + 78
313.1;2;0;1;1;0;1;0;0;1;0;1;0;1;0;1;0;1;0;1;0;0;1;0;1;1;0;1;1;1;2;x + 1
313.1;2;0;1;1;0;1;0;0;1;0;1;0;1;0;1;0;1;0;1;0;0;1;0;1;1;0;1;1;1;2;x + 1
313.1;3;1;1;1;2;2;2;0;2;0;1;2;0;2;1;2;2;2;1;1;1;2;0;0;0;2;2;2;1;1;x + 2
313.1;17;5;5;14;13;7;16;0;2;16;11;12;13;16;13;0;6;10;16;5;16;10;7;16;14;16;5;10;1;1;x + 16
313.1;17;2;6;2;6;10;6;9;7;2;0;16;15;11;1;11;8;2;0;5;3;13;5;4;9;14;9;1;1;1;x + 16
317.1;2;1;0;1;0;1;0;0;0;1;0;1;1;0;1;1;0;0;1;1;0;0;1;0;1;0;1;0;1;2;x + 1
317.1;2;1;0;1;0;1;0;0;0;1;0;1;1;0;1;1;0;0;1;1;0;0;1;0;1;0;1;0;1;2;x + 1
317.1;1103;216;677;1048;881;979;455;404;944;1087;504;480;5;529;709;541;889;755;972;688;47;206;1073;788;680;127;882;333;1;1;x + 1102
324.1;5;0;2;4;4;0;1;2;2;4;2;2;2;3;2;0;2;0;0;4;3;2;1;4;4;1;1;2;1;1;x + 4
331.1;13;11;9;7;6;12;3;11;2;3;11;12;9;3;9;1;12;4;5;0;5;10;7;2;0;8;2;2;1;1;x + 12
331.1;17077;9671;13097;10591;7044;13648;198;1691;9521;1337;15580;8338;11776;7088;13888;11824;9759;3443;8246;10370;6275;9975;70;3157;13605;1930;7753;7581;1;1;x + 17076
333.1;7;0;5;6;2;1;1;4;3;0;1;6;1;1;4;3;6;2;4;0;1;5;1;4;4;0;2;2;1;1;x + 6
333.1;29;0;25;11;2;19;8;25;26;5;9;1;17;14;23;6;23;3;23;27;28;14;14;14;25;20;16;17;1;1;x + 28
335.1;5;2;4;3;4;2;0;1;1;0;1;3;4;2;0;1;4;0;4;0;4;1;1;2;0;0;2;1;1;1;x + 4
335.1;7;2;0;3;1;4;6;2;6;2;3;3;3;1;1;1;4;1;4;1;1;5;4;6;4;5;4;4;1;1;x + 6
335.1;11;9;1;8;1;3;7;5;8;7;2;0;0;7;9;4;0;7;2;2;10;3;0;10;10;9;5;7;1;1;x + 10
335.1;13;6;6;12;12;2;11;3;9;10;5;1;8;0;3;12;7;2;4;9;12;3;2;0;10;11;10;0;1;1;x + 12
335.1;29;10;14;10;1;4;19;20;9;10;15;7;21;27;8;12;6;1;15;1;28;8;25;21;21;26;25;20;1;1;x + 28
335.2;2;[ 1, 0 ];[ 1, 0 ];[ 0, 1 ];[ 1, 0 ];[ 0, 1 ];[ 1, 0 ];[ 0, 0 ];[ 0, 1 ];[ 1, 1 ];[ 1, 1 ];[ 1, 1 ];[ 1, 1 ];[ 1, 1 ];[ 1, 1 ];[ 1, 1 ];[ 0, 0 ];[ 1, 0 ];[ 0, 1 ];[ 0, 1 ];[ 1, 1 ];[ 1, 0 ];[ 1, 0 ];[ 1, 0 ];[ 1, 1 ];[ 0, 0 ];[ 0, 0 ];[ 0, 0 ];1;2;x^2 + x + 1
335.2;2;[ 1, 0 ];[ 1, 0 ];[ 0, 1 ];[ 1, 0 ];[ 0, 1 ];[ 1, 0 ];[ 0, 0 ];[ 0, 1 ];[ 1, 1 ];[ 1, 1 ];[ 1, 1 ];[ 1, 1 ];[ 1, 1 ];[ 1, 1 ];[ 1, 1 ];[ 0, 0 ];[ 1, 0 ];[ 0, 1 ];[ 0, 1 ];[ 1, 1 ];[ 1, 0 ];[ 1, 0 ];[ 1, 0 ];[ 1, 1 ];[ 0, 0 ];[ 0, 0 ];[ 0, 0 ];1;2;x^2 + x + 1
335.2;11;6;2;10;1;8;8;4;0;6;2;8;8;2;7;6;4;2;6;2;3;10;1;8;2;1;10;10;1;1;x + 10
335.2;79;29;31;36;78;59;26;24;17;68;43;44;76;66;76;66;59;78;58;63;34;1;30;39;67;53;20;65;1;1;x + 78
339.1;107;106;51;22;90;61;35;95;64;61;67;51;52;47;93;92;8;36;96;66;47;10;55;42;3;45;95;92;1;1;x + 106
339.1;193;1;70;12;58;130;84;62;108;133;20;189;113;176;7;185;156;57;73;160;80;167;78;95;25;191;171;185;1;1;x + 192
339.2;71;70;53;23;53;57;8;50;41;12;25;35;63;22;63;24;55;33;43;18;8;49;61;9;36;50;5;24;1;1;x + 70
341.1;1069;646;318;477;1026;811;1068;53;530;1;292;68;211;381;439;315;936;157;1021;419;889;814;246;847;741;81;564;882;1;1;x + 1068
345.2;5;4;1;3;1;1;2;4;1;4;0;3;2;2;3;1;1;4;1;1;2;0;1;3;0;4;4;0;1;1;x + 4
345.4;19;18;3;8;5;18;15;18;1;10;13;4;11;14;2;18;7;0;2;11;10;14;7;2;18;13;8;11;1;1;x + 18
345.3;2;1;0;0;1;1;0;1;1;0;0;1;1;1;1;1;0;1;1;0;0;0;0;1;0;0;0;0;1;2;x + 1
345.3;2;1;0;0;1;1;0;1;1;0;0;1;1;1;1;1;0;1;1;0;0;0;0;1;0;0;0;0;1;2;x + 1
353.1;43;10;7;38;35;34;11;19;18;21;36;26;2;8;39;24;36;20;12;25;25;40;28;15;34;12;40;36;1;1;x + 42
353.1;79;49;4;49;78;49;57;10;12;61;55;67;70;6;48;58;47;75;40;7;72;29;16;47;18;72;31;68;1;1;x + 78
355.1;3;[ 0, 1, 0 ];[ 2, 0, 2 ];[ 2, 1, 1 ];[ 1, 0, 0 ];[ 2, 2, 1 ];[ 0, 1, 2 ];[ 0, 0, 1 ];[ 0, 0, 2 ];[ 1, 1, 0 ];[ 0, 2, 2 ];[ 2, 1, 0 ];[ 0, 1, 2 ];[ 1, 2, 0 ];[ 1, 1, 2 ];[ 0, 0, 1 ];[ 0, 1, 0 ];[ 1, 0, 1 ];[ 2, 1, 1 ];[ 2, 2, 1 ];[ 1, 2, 0 ];[ 1, 1, 2 ];[ 1, 0, 0 ];[ 2, 0, 2 ];[ 0, 2, 0 ];[ 0, 0, 2 ];[ 2, 2, 0 ];[ 0, 1, 2 ];1;1;x^3 + 2*x + 1
355.1;23;20;9;4;1;14;20;21;16;12;15;8;17;21;0;19;11;21;8;10;10;17;22;1;21;5;6;19;1;1;x + 22
355.1;101;58;96;70;100;2;84;10;71;8;4;61;91;36;4;71;28;41;44;11;75;77;1;4;43;57;60;79;1;1;x + 100
355.2;3;0;2;0;2;2;0;0;1;2;2;0;1;0;0;1;0;2;0;2;2;0;0;2;0;2;0;0;1;1;x + 2
355.2;7;1;3;0;1;0;3;1;6;5;0;4;2;2;0;3;0;4;3;6;1;2;5;1;6;6;6;6;1;1;x + 6
355.2;2909;1795;2625;2187;2908;840;1034;1190;1832;1885;1914;2064;2135;166;87;1736;2096;738;1931;2867;2093;985;2005;1;2429;650;2099;2698;1;1;x + 2908
361.1;2;[ 0, 1 ];[ 0, 1 ];[ 1, 0 ];[ 0, 1 ];[ 0, 1 ];[ 0, 0 ];[ 0, 0 ];[ 0, 0 ];[ 1, 1 ];[ 1, 1 ];[ 0, 0 ];[ 0, 0 ];[ 0, 0 ];[ 0, 0 ];[ 0, 1 ];[ 0, 0 ];[ 0, 0 ];[ 0, 0 ];[ 0, 0 ];[ 1, 1 ];[ 1, 1 ];[ 0, 1 ];[ 0, 1 ];[ 0, 0 ];[ 0, 0 ];[ 0, 0 ];[ 0, 0 ];1;2;x^2 + x + 1
361.1;2;[ 0, 1 ];[ 0, 1 ];[ 1, 0 ];[ 0, 1 ];[ 0, 1 ];[ 0, 0 ];[ 0, 0 ];[ 0, 0 ];[ 1, 1 ];[ 1, 1 ];[ 0, 0 ];[ 0, 0 ];[ 0, 0 ];[ 0, 0 ];[ 0, 1 ];[ 0, 0 ];[ 0, 0 ];[ 0, 0 ];[ 0, 0 ];[ 1, 1 ];[ 1, 1 ];[ 0, 1 ];[ 0, 1 ];[ 0, 0 ];[ 0, 0 ];[ 0, 0 ];[ 0, 0 ];1;2;x^2 + x + 1
367.1;23;7;12;16;12;21;13;7;5;15;11;2;11;4;12;3;9;5;21;1;2;12;0;0;20;15;22;13;1;1;x + 22
367.1;77263;45468;4194;35329;14273;58510;68672;419;62724;29244;72058;8141;13067;35897;29111;42063;40646;69462;3645;27302;47028;71982;64651;29893;28140;7041;28637;26560;1;1;x + 77262
372.1;3;[ 1, 0 ];[ 0, 2 ];[ 1, 0 ];[ 1, 1 ];[ 0, 1 ];[ 0, 2 ];[ 2, 0 ];[ 1, 2 ];[ 1, 0 ];[ 2, 0 ];[ 2, 1 ];[ 2, 1 ];[ 0, 1 ];[ 0, 0 ];[ 0, 1 ];[ 1, 1 ];[ 2, 2 ];[ 2, 1 ];[ 0, 0 ];[ 0, 1 ];[ 2, 1 ];[ 1, 0 ];[ 2, 2 ];[ 2, 2 ];[ 0, 2 ];[ 0, 0 ];[ 1, 0 ];1;1;x^2 + 2*x + 2
372.1;5;4;2;4;3;2;4;1;1;1;4;1;2;3;1;2;2;4;0;2;1;3;3;3;4;0;2;2;1;1;x + 4
372.1;7;1;1;6;5;1;1;2;0;6;6;3;3;6;2;5;2;1;2;2;6;2;2;3;5;0;0;1;1;1;x + 6
372.2;3;2;2;2;1;0;1;2;2;1;1;2;2;2;2;2;2;2;0;0;0;1;1;1;0;1;2;0;1;1;x + 2
375.2;2;1;1;1;0;1;1;0;1;1;0;1;0;0;1;1;0;0;0;0;0;0;1;1;0;1;0;1;1;4;x + 1
375.2;2;1;1;1;0;1;1;0;1;1;0;1;0;0;1;1;0;0;0;0;0;0;1;1;0;1;0;1;1;4;x + 1
375.2;2;1;1;1;0;1;1;0;1;1;0;1;0;0;1;1;0;0;0;0;0;0;1;1;0;1;0;1;1;4;x + 1
375.2;2;1;1;1;0;1;1;0;1;1;0;1;0;0;1;1;0;0;0;0;0;0;1;1;0;1;0;1;1;4;x + 1
375.1;19;1;3;5;0;18;8;1;6;12;15;2;17;4;18;14;16;9;10;15;10;0;3;7;1;18;13;6;1;1;x + 18
375.1;19;1;16;14;0;1;11;18;6;7;4;2;2;4;1;5;16;10;10;15;9;0;3;7;18;1;6;6;1;1;x + 18
379.1;3;0;0;2;0;2;2;0;0;2;1;2;0;0;2;0;0;2;1;1;1;1;2;1;0;0;2;1;1;1;x + 2
379.1;47;12;15;27;37;24;29;13;22;8;6;5;23;38;21;35;25;36;18;1;0;21;34;26;13;41;9;10;1;1;x + 46
379.1;307;118;169;240;197;6;125;169;94;153;258;160;255;94;112;167;5;124;202;128;71;91;58;148;156;32;286;93;1;1;x + 306
383.1;173;112;52;145;65;73;16;126;67;18;104;152;79;30;152;66;59;165;4;78;70;38;105;50;12;168;167;56;1;1;x + 172
383.1;277;237;222;183;27;221;172;224;28;158;203;155;273;41;274;245;253;246;135;210;230;6;22;262;145;181;63;88;1;1;x + 276
388.1;2;0;1;1;1;0;1;1;0;1;1;0;0;1;0;0;0;0;0;1;1;0;1;0;0;0;1;0;1;4;x + 1
388.1;2;0;1;1;1;0;1;1;0;1;1;0;0;1;0;0;0;0;0;1;1;0;1;0;0;0;1;0;1;4;x + 1
388.1;2;0;1;1;1;0;1;1;0;1;1;0;0;1;0;0;0;0;0;1;1;0;1;0;0;0;1;0;1;4;x + 1
388.1;2;0;1;1;1;0;1;1;0;1;1;0;0;1;0;0;0;0;0;1;1;0;1;0;0;0;1;0;1;4;x + 1
388.1;5;4;1;4;4;3;1;2;1;3;1;0;3;2;2;2;1;2;4;3;1;3;0;3;4;2;1;4;1;1;x + 4
389.1;181;170;167;130;29;74;76;157;85;38;119;43;124;128;83;119;52;16;27;177;130;49;16;78;50;113;5;0;1;1;x + 180
389.1;10663;1900;10203;3274;2275;8751;10463;4759;1624;8585;8315;5257;430;6841;10574;9622;9945;10316;722;8322;8257;6019;369;2635;2703;1980;1539;9299;1;1;x + 10662
397.1;2;[ 0, 0 ];[ 0, 0 ];[ 0, 0 ];[ 0, 0 ];[ 0, 1 ];[ 0, 0 ];[ 0, 0 ];[ 0, 0 ];[ 0, 1 ];[ 1, 1 ];[ 0, 0 ];[ 0, 0 ];[ 0, 0 ];[ 0, 0 ];[ 0, 0 ];[ 1, 1 ];[ 0, 0 ];[ 0, 0 ];[ 1, 1 ];[ 1, 1 ];[ 0, 1 ];[ 0, 0 ];[ 0, 1 ];[ 1, 1 ];[ 0, 0 ];[ 1, 1 ];[ 1, 1 ];1;3;x^2 + x + 1
397.1;2;[ 0, 0 ];[ 0, 0 ];[ 0, 0 ];[ 0, 0 ];[ 0, 1 ];[ 0, 0 ];[ 0, 0 ];[ 0, 0 ];[ 0, 1 ];[ 1, 1 ];[ 0, 0 ];[ 0, 0 ];[ 0, 0 ];[ 0, 0 ];[ 0, 0 ];[ 1, 1 ];[ 0, 0 ];[ 0, 0 ];[ 1, 1 ];[ 1, 1 ];[ 0, 1 ];[ 0, 0 ];[ 0, 1 ];[ 1, 1 ];[ 0, 0 ];[ 1, 1 ];[ 1, 1 ];1;3;x^2 + x + 1
397.1;2;[ 0, 0 ];[ 0, 0 ];[ 0, 0 ];[ 0, 0 ];[ 0, 1 ];[ 0, 0 ];[ 0, 0 ];[ 0, 0 ];[ 0, 1 ];[ 1, 1 ];[ 0, 0 ];[ 0, 0 ];[ 0, 0 ];[ 0, 0 ];[ 0, 0 ];[ 1, 1 ];[ 0, 0 ];[ 0, 0 ];[ 1, 1 ];[ 1, 1 ];[ 0, 1 ];[ 0, 0 ];[ 0, 1 ];[ 1, 1 ];[ 0, 0 ];[ 1, 1 ];[ 1, 1 ];1;3;x^2 + x + 1
397.1;67;39;29;12;41;55;20;23;65;61;5;45;26;51;32;7;27;43;47;44;20;8;58;53;25;27;55;54;1;1;x + 66
397.1;1297;183;353;439;872;506;1035;1073;684;952;892;1108;288;1000;686;1150;625;1178;980;36;238;90;756;727;581;198;1118;198;1;1;x + 1296
401.1;3;2;1;0;2;0;2;1;2;0;0;1;2;0;2;1;2;0;0;2;2;1;2;0;1;0;2;0;1;1;x + 2
401.1;29;[ 4, 25 ];[ 17, 13 ];[ 21, 27 ];[ 7, 6 ];[ 0, 22 ];[ 5, 18 ];[ 8, 26 ];[ 23, 9 ];[ 9, 13 ];[ 28, 12 ];[ 6, 26 ];[ 14, 6 ];[ 0, 5 ];[ 28, 22 ];[ 24, 27 ];[ 14, 26 ];[ 3, 25 ];[ 10, 19 ];[ 17, 8 ];[ 10, 20 ];[ 5, 16 ];[ 27, 21 ];[ 11, 17 ];[ 12, 0 ];[ 6, 3 ];[ 15, 5 ];[ 12, 0 ];1;1;x^2 + 24*x + 2
405.4;2;0;1;1;1;1;0;1;0;1;1;0;1;0;1;0;1;0;0;1;0;1;1;1;1;1;1;0;1;4;x + 1
405.4;2;0;1;1;1;1;0;1;0;1;1;0;1;0;1;0;1;0;0;1;0;1;1;1;1;1;1;0;1;4;x + 1
405.4;2;0;1;1;1;1;0;1;0;1;1;0;1;0;1;0;1;0;0;1;0;1;1;1;1;1;1;0;1;4;x + 1
405.4;2;0;1;1;1;1;0;1;0;1;1;0;1;0;1;0;1;0;0;1;0;1;1;1;1;1;1;0;1;4;x + 1
405.4;5;0;1;2;4;1;0;2;3;1;0;1;1;4;4;4;4;4;2;3;2;2;2;1;1;2;0;3;1;1;x + 4
405.3;5;0;4;0;4;4;1;3;3;1;4;0;1;1;2;1;1;2;3;3;0;3;0;1;4;2;1;2;1;1;x + 4
405.3;11;0;1;6;1;2;1;0;10;2;3;3;9;2;9;9;3;9;4;10;4;4;6;9;8;2;6;3;1;1;x + 10
405.2;5;0;4;1;4;1;0;0;4;4;2;0;0;1;4;3;3;4;1;0;0;4;2;2;4;3;3;1;1;1;x + 4
407.1;3;2;0;1;2;0;2;1;0;0;1;2;2;2;0;2;0;2;1;0;2;0;2;2;0;0;2;2;1;1;x + 2
407.1;7;0;2;6;6;6;1;6;4;2;4;6;5;1;3;6;0;6;4;5;2;2;1;2;5;6;3;3;1;1;x + 6
407.1;127;57;7;24;3;29;126;118;101;28;98;1;96;60;30;111;7;30;102;94;122;98;123;83;106;21;101;91;1;1;x + 126
411.1;23;1;2;22;16;19;12;5;14;15;2;22;17;12;17;12;16;18;4;21;16;21;1;22;6;15;7;15;1;1;x + 22
411.2;239;238;135;79;54;229;55;214;95;171;189;50;57;122;14;60;114;173;76;183;130;48;19;104;217;71;170;171;1;1;x + 238
411.2;263;1;199;117;214;39;153;202;185;51;223;100;28;237;198;88;258;133;101;92;109;18;48;174;142;54;58;183;1;1;x + 262
412.1;2;0;0;1;1;0;0;1;0;0;0;1;0;1;1;0;0;0;1;0;1;1;0;0;1;0;0;0;1;2;x + 1
412.1;2;0;0;1;1;0;0;1;0;0;0;1;0;1;1;0;0;0;1;0;1;1;0;0;1;0;0;0;1;2;x + 1
412.1;3;1;0;2;0;2;1;2;0;1;1;2;1;2;2;0;1;0;2;0;0;2;0;1;2;0;1;1;1;1;x + 2
412.1;17;11;5;16;2;3;13;5;7;16;5;9;11;5;4;6;10;2;13;16;3;13;5;5;1;1;9;11;1;1;x + 16
412.1;1523;260;875;1;625;287;950;594;1252;646;922;551;28;1329;1072;116;893;457;978;463;515;1077;17;825;277;483;1473;451;1;1;x + 1522
419.1;11;4;8;0;6;9;0;0;4;2;1;5;10;0;0;8;5;10;8;0;10;7;9;4;2;10;4;3;1;1;x + 10
419.1;17;6;14;16;4;15;4;15;10;2;11;15;15;11;7;11;5;1;1;7;9;14;12;5;4;5;4;4;1;1;x + 16
419.1;43;14;33;36;9;30;23;14;32;32;2;21;10;6;4;3;3;0;27;0;29;24;3;20;37;4;0;13;1;1;x + 42
421.1;3;1;1;0;1;0;2;0;0;0;1;1;1;0;0;0;1;1;0;2;1;1;2;2;2;1;2;1;1;1;x + 2
421.1;13;7;11;5;10;5;3;1;12;5;10;0;8;10;9;7;12;4;4;1;3;2;10;8;9;10;10;6;1;1;x + 12
421.1;41;22;24;32;36;36;22;35;28;16;13;30;23;8;37;9;32;13;17;17;24;12;21;15;22;33;2;5;1;1;x + 40
421.1;547;235;48;293;383;215;284;192;243;271;337;331;308;524;70;466;49;500;298;507;194;394;477;227;133;455;370;65;1;1;x + 546
423.1;3;[ 0, 0, 0 ];[ 1, 2, 0 ];[ 2, 1, 1 ];[ 2, 1, 2 ];[ 0, 2, 1 ];[ 0, 0, 2 ];[ 2, 1, 0 ];[ 1, 2, 2 ];[ 0, 2, 2 ];[ 2, 1, 1 ];[ 1, 1, 0 ];[ 2, 2, 1 ];[ 2, 0, 0 ];[ 2, 0, 2 ];[ 1, 2, 2 ];[ 2, 0, 2 ];[ 1, 0, 0 ];[ 2, 1, 2 ];[ 1, 0, 1 ];[ 0, 2, 2 ];[ 1, 2, 2 ];[ 0, 0, 1 ];[ 1, 1, 0 ];[ 1, 1, 2 ];[ 1, 2, 2 ];[ 1, 1, 1 ];[ 1, 1, 1 ];1;1;x^3 + 2*x + 1
423.1;7;0;4;6;2;0;1;2;5;6;0;5;5;1;0;4;2;6;5;0;1;4;3;4;4;3;0;6;1;1;x + 6
423.2;5;0;4;4;4;1;1;2;1;0;2;0;4;2;4;4;3;2;0;2;3;2;4;3;3;3;2;2;1;1;x + 4
423.2;109;0;4;84;41;66;65;95;73;36;61;84;39;35;1;42;105;32;40;80;73;89;7;95;22;50;11;46;1;1;x + 108
433.1;7;6;4;5;1;1;2;6;1;5;4;0;4;5;1;1;3;4;5;2;3;3;3;3;5;2;0;1;1;1;x + 6
433.1;709;98;47;705;468;288;571;600;315;271;444;478;313;563;490;541;595;530;503;119;187;104;134;686;629;20;187;141;1;1;x + 708
441.2;2;[ 1, 0 ];[ 1, 0 ];[ 0, 1 ];[ 1, 0 ];[ 1, 0 ];[ 0, 0 ];[ 0, 0 ];[ 0, 0 ];[ 0, 0 ];[ 0, 0 ];[ 1, 0 ];[ 1, 0 ];[ 1, 0 ];[ 1, 0 ];[ 1, 0 ];[ 0, 0 ];[ 0, 0 ];[ 1, 0 ];[ 1, 0 ];[ 1, 0 ];[ 1, 0 ];[ 0, 0 ];[ 0, 0 ];[ 0, 0 ];[ 0, 0 ];[ 0, 0 ];[ 0, 0 ];1;2;x^2 + x + 1
441.2;2;[ 1, 0 ];[ 1, 0 ];[ 0, 1 ];[ 1, 0 ];[ 1, 0 ];[ 0, 0 ];[ 0, 0 ];[ 0, 0 ];[ 0, 0 ];[ 0, 0 ];[ 1, 0 ];[ 1, 0 ];[ 1, 0 ];[ 1, 0 ];[ 1, 0 ];[ 0, 0 ];[ 0, 0 ];[ 1, 0 ];[ 1, 0 ];[ 1, 0 ];[ 1, 0 ];[ 0, 0 ];[ 0, 0 ];[ 0, 0 ];[ 0, 0 ];[ 0, 0 ];[ 0, 0 ];1;2;x^2 + x + 1
443.1;5;[ 2, 2 ];[ 0, 0 ];[ 0, 3 ];[ 2, 3 ];[ 2, 3 ];[ 4, 3 ];[ 3, 2 ];[ 2, 1 ];[ 4, 0 ];[ 4, 3 ];[ 4, 0 ];[ 0, 0 ];[ 2, 0 ];[ 4, 0 ];[ 1, 0 ];[ 2, 0 ];[ 0, 2 ];[ 4, 1 ];[ 0, 2 ];[ 4, 2 ];[ 3, 2 ];[ 0, 1 ];[ 0, 0 ];[ 4, 1 ];[ 4, 4 ];[ 3, 1 ];[ 1, 4 ];1;1;x^2 + 4*x + 2
443.1;193;151;117;77;16;75;83;76;161;184;54;18;10;111;114;175;179;29;13;183;28;25;149;14;35;179;107;68;1;1;x + 192
443.1;983;666;835;527;88;45;541;434;647;99;522;285;923;659;9;32;399;697;7;4;213;748;732;234;412;710;272;509;1;1;x + 982
444.1;3;1;2;1;2;1;2;2;1;0;2;2;0;2;0;1;0;2;0;0;2;2;0;0;1;2;2;2;1;1;x + 2
444.1;3;2;1;1;0;1;1;2;1;0;1;2;1;0;0;2;0;1;2;1;1;0;1;0;0;0;0;0;1;1;x + 2
444.1;3;2;2;2;2;0;2;0;2;1;1;2;1;0;1;2;1;1;0;2;2;1;2;0;0;2;0;2;1;1;x + 2
444.1;11;10;4;1;4;5;9;10;3;4;2;10;8;5;8;2;2;6;6;9;0;2;10;0;2;8;0;7;1;1;x + 10
444.2;2;1;0;1;1;1;0;0;0;1;1;1;1;0;0;0;0;1;0;1;0;1;0;1;0;0;1;0;1;2;x + 1
444.2;2;1;0;1;1;1;0;0;0;1;1;1;1;0;0;0;0;1;0;1;0;1;0;1;0;0;1;0;1;2;x + 1
444.2;3;[ 2, 0 ];[ 0, 2 ];[ 2, 0 ];[ 1, 2 ];[ 0, 1 ];[ 2, 0 ];[ 1, 0 ];[ 2, 1 ];[ 0, 1 ];[ 1, 0 ];[ 1, 0 ];[ 1, 0 ];[ 2, 0 ];[ 0, 2 ];[ 1, 1 ];[ 2, 0 ];[ 1, 1 ];[ 1, 1 ];[ 2, 1 ];[ 1, 1 ];[ 2, 2 ];[ 2, 1 ];[ 0, 1 ];[ 0, 1 ];[ 1, 1 ];[ 1, 1 ];[ 2, 0 ];1;1;x^2 + 2*x + 2
444.2;5;4;4;1;3;1;2;3;1;3;0;4;4;2;1;3;2;4;1;3;3;1;4;1;4;3;2;2;1;1;x + 4
444.2;7;1;5;1;5;6;3;5;2;5;0;5;1;4;0;1;3;0;3;0;2;5;1;0;4;6;6;6;1;1;x + 6
445.2;19;15;12;10;18;15;6;9;4;16;12;1;16;6;4;18;2;15;10;7;15;0;3;9;14;1;3;12;1;1;x + 18
445.1;2;[ 0, 1 ];[ 0, 1 ];[ 0, 0 ];[ 1, 0 ];[ 0, 1 ];[ 0, 0 ];[ 0, 0 ];[ 0, 0 ];[ 0, 0 ];[ 0, 0 ];[ 0, 0 ];[ 1, 1 ];[ 1, 1 ];[ 0, 0 ];[ 0, 1 ];[ 0, 0 ];[ 1, 1 ];[ 0, 0 ];[ 0, 1 ];[ 1, 1 ];[ 0, 0 ];[ 0, 0 ];[ 0, 0 ];[ 1, 0 ];[ 0, 0 ];[ 1, 1 ];[ 0, 0 ];1;2;x^2 + x + 1
445.1;2;[ 0, 1 ];[ 0, 1 ];[ 0, 0 ];[ 1, 0 ];[ 0, 1 ];[ 0, 0 ];[ 0, 0 ];[ 0, 0 ];[ 0, 0 ];[ 0, 0 ];[ 0, 0 ];[ 1, 1 ];[ 1, 1 ];[ 0, 0 ];[ 0, 1 ];[ 0, 0 ];[ 1, 1 ];[ 0, 0 ];[ 0, 1 ];[ 1, 1 ];[ 0, 0 ];[ 0, 0 ];[ 0, 0 ];[ 1, 0 ];[ 0, 0 ];[ 1, 1 ];[ 0, 0 ];1;2;x^2 + x + 1
445.1;5;0;4;0;1;0;0;1;2;1;2;3;4;3;2;3;0;2;0;1;3;0;0;2;4;3;1;4;1;1;x + 4
445.1;23;16;20;11;22;16;22;22;12;11;1;11;21;19;18;0;16;1;14;9;14;2;12;18;1;20;8;3;1;1;x + 22
449.1;73;23;71;45;44;1;53;51;47;24;63;68;66;16;43;20;21;48;5;8;24;13;2;7;17;52;44;55;1;1;x + 72
449.1;89;54;44;56;49;52;27;10;35;54;84;72;85;6;44;40;72;56;13;30;70;5;16;47;20;3;71;73;1;1;x + 88
449.1;131;29;31;78;103;119;104;30;111;114;112;56;6;108;81;17;43;42;111;51;58;92;127;73;4;100;86;117;1;1;x + 130
452.1;7;3;4;1;1;2;4;6;1;1;6;2;4;2;1;2;4;5;1;6;0;3;1;5;3;0;3;3;1;1;x + 6
452.1;131;113;16;130;83;97;81;125;56;46;119;111;110;55;112;22;111;49;48;22;120;77;25;106;58;60;5;122;1;1;x + 130
460.2;2;[ 0, 1 ];[ 1, 1 ];[ 1, 0 ];[ 1, 0 ];[ 0, 0 ];[ 0, 0 ];[ 0, 0 ];[ 1, 0 ];[ 0, 0 ];[ 1, 1 ];[ 1, 1 ];[ 0, 1 ];[ 0, 1 ];[ 0, 1 ];[ 0, 0 ];[ 0, 0 ];[ 0, 0 ];[ 0, 0 ];[ 0, 1 ];[ 1, 1 ];[ 0, 0 ];[ 1, 1 ];[ 0, 0 ];[ 0, 1 ];[ 0, 0 ];[ 0, 0 ];[ 0, 1 ];1;2;x^2 + x + 1
460.2;2;[ 0, 1 ];[ 1, 1 ];[ 1, 0 ];[ 1, 0 ];[ 0, 0 ];[ 0, 0 ];[ 0, 0 ];[ 1, 0 ];[ 0, 0 ];[ 1, 1 ];[ 1, 1 ];[ 0, 1 ];[ 0, 1 ];[ 0, 1 ];[ 0, 0 ];[ 0, 0 ];[ 0, 0 ];[ 0, 0 ];[ 0, 1 ];[ 1, 1 ];[ 0, 0 ];[ 1, 1 ];[ 0, 0 ];[ 0, 1 ];[ 0, 0 ];[ 0, 0 ];[ 0, 1 ];1;2;x^2 + x + 1
460.2;5;1;2;1;1;1;2;4;1;3;1;0;1;2;4;0;2;1;3;1;1;4;0;3;0;2;2;2;1;1;x + 4
460.2;5;3;4;1;4;1;0;4;1;2;2;3;2;1;3;4;1;4;0;4;0;2;0;2;0;1;1;1;1;1;x + 4
460.2;13;4;10;12;12;9;0;4;12;8;4;0;10;4;1;12;8;12;9;3;0;9;12;9;3;12;9;8;1;1;x + 12
460.1;7;4;3;6;1;1;6;6;1;4;5;0;1;6;5;5;3;3;0;1;5;2;2;0;3;3;2;6;1;1;x + 6
460.1;79;29;28;1;1;6;56;1;59;8;78;3;42;26;19;40;20;71;67;22;4;34;12;38;28;72;75;61;1;1;x + 78
463.1;2;[ 1, 1, 1 ];[ 1, 1, 0 ];[ 1, 0, 0 ];[ 0, 0, 0 ];[ 1, 1, 1 ];[ 1, 1, 0 ];[ 1, 1, 0 ];[ 1, 0, 1 ];[ 1, 0, 1 ];[ 0, 0, 0 ];[ 0, 0, 0 ];[ 1, 1, 0 ];[ 1, 1, 1 ];[ 0, 0, 0 ];[ 0, 0, 0 ];[ 1, 1, 1 ];[ 0, 0, 0 ];[ 0, 0, 0 ];[ 1, 0, 1 ];[ 1, 1, 1 ];[ 0, 0, 0 ];[ 0, 0, 0 ];[ 0, 0, 0 ];[ 0, 0, 0 ];[ 0, 0, 0 ];[ 0, 0, 0 ];[ 0, 0, 0 ];1;1;x^3 + x + 1
463.1;2;0;0;1;0;1;0;0;0;0;1;0;1;0;0;1;1;0;1;0;0;1;1;1;0;0;0;0;1;1;x + 1
463.1;331;187;102;190;38;261;37;261;41;198;277;244;238;102;160;8;6;222;210;129;307;325;280;281;62;154;312;98;1;1;x + 330
465.1;3;1;2;1;1;1;0;1;0;1;1;1;2;2;0;1;2;1;2;1;1;0;2;0;2;0;1;1;1;1;x + 2
465.1;5;1;0;4;4;4;1;1;0;4;0;4;3;0;0;3;1;2;4;2;2;3;3;4;1;1;4;0;1;1;x + 4
465.3;3;2;2;0;1;2;1;2;2;1;2;0;1;0;0;2;2;2;1;0;2;2;0;2;1;0;2;1;1;1;x + 2
465.3;3;1;0;2;0;2;2;2;0;2;0;0;1;0;0;1;0;2;1;0;1;2;2;2;0;0;0;1;1;1;x + 2
465.3;13;1;1;8;11;12;1;2;7;12;5;10;9;12;9;5;9;1;8;1;0;8;1;10;5;0;7;7;1;1;x + 12
465.3;23;1;16;14;20;1;12;8;4;1;5;19;5;9;19;19;1;9;19;21;9;14;1;22;14;4;19;8;1;1;x + 22
465.2;19;18;9;14;1;4;16;12;16;1;18;13;15;6;10;7;3;9;4;5;4;4;9;12;6;17;8;16;1;1;x + 18
465.2;67;1;8;45;1;40;23;44;10;30;1;23;0;47;50;37;1;5;9;28;7;42;43;10;20;39;52;22;1;1;x + 66
465.4;79;1;48;8;69;78;31;27;23;40;78;68;55;58;68;43;29;35;10;32;73;75;47;62;30;65;76;43;1;1;x + 78
467.1;11;10;4;10;9;7;9;7;2;9;6;9;3;9;5;5;0;2;8;3;6;8;5;7;5;1;10;9;1;1;x + 10
467.1;37;2;9;31;1;22;0;27;25;21;32;9;15;31;21;23;31;30;9;15;19;5;32;33;3;24;24;10;1;1;x + 36
467.1;112759;68812;79498;39172;98851;64775;112525;48554;64151;95663;11129;3706;93421;42831;88197;86073;40319;28470;65994;67431;8538;112099;76919;77065;31470;90230;101970;95456;1;1;x + 112758
471.2;5;4;3;1;4;2;0;3;3;3;0;4;4;4;4;2;4;4;3;1;2;2;0;1;2;3;1;1;1;1;x + 4
471.2;11;1;0;5;0;10;5;2;2;1;4;8;4;9;7;2;10;10;4;1;1;3;9;8;1;6;2;9;1;1;x + 10
471.2;167;166;95;149;11;51;54;141;111;93;47;96;9;70;20;34;114;63;123;104;58;8;39;159;105;136;49;107;1;1;x + 166
471.1;2;[ 1, 0 ];[ 0, 1 ];[ 1, 0 ];[ 0, 1 ];[ 0, 1 ];[ 1, 1 ];[ 0, 0 ];[ 1, 1 ];[ 0, 0 ];[ 1, 1 ];[ 0, 1 ];[ 0, 1 ];[ 0, 0 ];[ 0, 0 ];[ 1, 1 ];[ 0, 0 ];[ 0, 0 ];[ 1, 1 ];[ 0, 0 ];[ 0, 0 ];[ 0, 0 ];[ 0, 0 ];[ 0, 0 ];[ 0, 1 ];[ 0, 0 ];[ 0, 0 ];[ 0, 1 ];1;2;x^2 + x + 1
471.1;2;[ 1, 0 ];[ 0, 1 ];[ 1, 0 ];[ 0, 1 ];[ 0, 1 ];[ 1, 1 ];[ 0, 0 ];[ 1, 1 ];[ 0, 0 ];[ 1, 1 ];[ 0, 1 ];[ 0, 1 ];[ 0, 0 ];[ 0, 0 ];[ 1, 1 ];[ 0, 0 ];[ 0, 0 ];[ 1, 1 ];[ 0, 0 ];[ 0, 0 ];[ 0, 0 ];[ 0, 0 ];[ 0, 0 ];[ 0, 1 ];[ 0, 0 ];[ 0, 0 ];[ 0, 1 ];1;2;x^2 + x + 1
471.1;3;1;2;2;2;2;1;1;1;0;2;1;0;0;0;0;2;0;2;0;2;0;0;2;1;1;0;0;1;1;x + 2
471.1;5;1;3;0;3;1;1;4;3;2;0;3;1;3;3;4;3;4;1;2;1;1;3;1;3;0;0;3;1;1;x + 4
471.1;5;1;4;4;3;0;3;2;3;2;4;4;0;0;2;4;2;1;1;2;3;4;0;4;4;4;0;0;1;1;x + 4
477.1;3;0;0;2;2;0;0;0;2;2;2;1;0;0;0;2;2;1;1;2;1;2;1;0;1;0;2;0;1;1;x + 2
477.1;41;0;6;29;19;16;22;31;12;39;20;7;40;12;32;8;1;3;37;7;34;29;34;0;7;5;26;37;1;1;x + 40
477.3;67;66;1;39;27;24;24;63;64;61;15;31;31;37;30;62;66;50;44;16;54;9;21;28;34;5;64;17;1;1;x + 66
477.2;7;0;5;0;1;0;6;1;2;4;6;1;0;3;6;5;6;1;0;2;4;4;2;3;0;0;6;3;1;1;x + 6
477.2;13;0;0;12;5;7;12;5;7;7;11;6;12;2;9;12;7;1;3;6;5;10;2;5;9;10;0;0;1;1;x + 12
485.1;19;13;1;2;1;4;12;9;6;0;13;6;0;17;10;2;4;14;18;13;0;6;1;0;5;14;18;7;1;1;x + 18
485.1;19;14;2;14;1;14;18;8;15;17;17;0;7;18;2;12;5;5;16;14;4;8;7;0;1;9;18;0;1;1;x + 18
485.1;31;16;23;15;30;18;16;20;1;27;3;26;25;8;8;20;19;21;28;3;30;4;27;24;8;16;1;17;1;1;x + 30
485.1;41;21;5;20;1;9;11;25;9;26;37;35;1;19;22;3;35;19;6;20;3;14;37;12;29;26;40;16;1;1;x + 40
485.1;149;45;38;11;148;81;117;109;27;129;146;114;81;50;5;108;8;120;58;89;112;8;71;106;112;111;148;45;1;1;x + 148
485.2;139;19;128;37;138;34;115;82;135;96;96;61;125;12;78;73;15;119;109;17;22;53;111;67;103;21;125;1;1;1;x + 138
485.2;1213;1052;587;867;1;601;782;510;195;620;734;731;1132;782;173;496;749;137;131;782;996;103;1053;19;738;954;704;1212;1;1;x + 1212
487.1;7;5;3;2;6;6;6;5;5;6;6;3;3;3;6;3;1;4;5;0;4;5;0;3;6;0;3;2;1;1;x + 6
487.1;11;0;3;0;1;6;7;10;1;5;2;5;5;5;4;6;6;3;8;2;7;4;4;3;2;6;4;4;1;1;x + 10
487.1;223;190;205;12;92;13;110;69;116;92;196;71;187;106;188;17;73;22;30;218;22;59;12;210;42;59;58;35;1;1;x + 222
487.1;397;113;65;137;250;225;307;207;342;264;56;179;229;355;226;102;176;202;85;212;74;132;128;250;241;264;315;174;1;1;x + 396
489.1;3;[ 1, 0 ];[ 0, 1 ];[ 1, 1 ];[ 0, 1 ];[ 2, 0 ];[ 2, 1 ];[ 1, 0 ];[ 2, 2 ];[ 2, 1 ];[ 1, 1 ];[ 0, 1 ];[ 1, 1 ];[ 0, 1 ];[ 1, 1 ];[ 1, 1 ];[ 0, 1 ];[ 1, 0 ];[ 2, 2 ];[ 2, 1 ];[ 2, 2 ];[ 2, 0 ];[ 0, 0 ];[ 0, 2 ];[ 2, 0 ];[ 0, 2 ];[ 2, 0 ];[ 1, 2 ];1;1;x^2 + 2*x + 2
489.1;7;1;2;4;3;0;6;6;2;2;4;6;0;6;1;2;3;4;5;3;4;5;3;4;3;1;0;3;1;1;x + 6
489.1;37;1;6;20;16;4;13;29;13;27;11;36;15;1;15;10;24;28;13;13;27;33;2;36;16;2;20;30;1;1;x + 36
489.1;1327;1326;501;1147;207;741;817;680;126;119;814;599;15;782;684;516;753;78;177;170;881;857;482;106;1112;483;903;1106;1;1;x + 1326
489.2;2;[ 1, 0 ];[ 1, 0 ];[ 0, 1 ];[ 0, 0 ];[ 0, 0 ];[ 0, 0 ];[ 0, 0 ];[ 1, 0 ];[ 0, 0 ];[ 1, 0 ];[ 1, 0 ];[ 0, 0 ];[ 0, 0 ];[ 1, 0 ];[ 0, 0 ];[ 1, 0 ];[ 0, 0 ];[ 1, 0 ];[ 1, 0 ];[ 1, 0 ];[ 0, 0 ];[ 0, 0 ];[ 1, 0 ];[ 1, 0 ];[ 1, 0 ];[ 0, 0 ];[ 0, 0 ];1;1;x^2 + x + 1
489.2;11;10;7;1;7;1;9;2;10;3;8;3;1;7;1;1;0;10;0;8;4;9;6;7;3;8;2;1;1;1;x + 10
489.2;19;1;8;5;16;14;0;13;16;12;16;11;8;8;2;11;0;8;4;17;18;12;4;8;17;6;15;18;1;1;x + 18
489.2;79;78;42;46;13;54;57;6;19;67;49;22;4;76;44;20;11;57;23;65;26;37;51;47;51;75;21;55;1;1;x + 78
495.3;3;2;1;1;1;0;2;2;0;1;1;0;0;2;0;2;2;0;2;0;1;0;2;1;1;0;1;0;1;1;x + 2
495.3;3;1;2;0;2;0;2;1;1;2;0;1;0;1;0;0;2;1;2;1;2;0;0;0;1;0;0;2;1;1;x + 2
496.1;11;4;5;0;8;2;1;3;3;1;1;7;2;10;10;5;3;4;2;4;2;4;3;8;3;3;8;9;1;1;x + 10
496.1;67;39;10;0;27;28;49;4;52;1;8;28;0;47;65;16;66;37;23;30;4;1;7;56;52;65;55;31;1;1;x + 66
499.1;2;[ 0, 0 ];[ 0, 0 ];[ 1, 0 ];[ 0, 1 ];[ 1, 1 ];[ 1, 1 ];[ 0, 1 ];[ 0, 1 ];[ 0, 0 ];[ 0, 0 ];[ 0, 0 ];[ 0, 1 ];[ 0, 0 ];[ 1, 1 ];[ 0, 1 ];[ 0, 0 ];[ 1, 1 ];[ 0, 0 ];[ 0, 0 ];[ 0, 0 ];[ 1, 1 ];[ 1, 1 ];[ 0, 1 ];[ 1, 1 ];[ 0, 0 ];[ 0, 0 ];[ 1, 1 ];1;1;x^2 + x + 1
499.1;113;94;61;55;110;18;88;35;10;47;35;100;87;92;44;95;59;54;105;44;4;25;89;91;95;104;48;72;1;1;x + 112
499.1;151;6;74;73;21;43;116;137;102;140;141;59;63;103;25;41;117;140;81;21;82;148;131;146;140;103;126;76;1;1;x + 150
500.1;11;4;5;10;0;1;6;10;9;7;8;0;0;6;9;4;2;9;7;0;10;3;1;7;0;6;3;1;1;1;x + 10
500.1;11;4;6;1;0;10;5;1;9;4;3;0;0;6;2;7;2;2;7;0;1;3;1;7;0;5;8;1;1;1;x + 10
500.1;19;11;16;18;0;10;8;11;0;1;4;17;4;11;10;14;16;14;14;5;10;8;4;6;4;12;18;9;1;1;x + 18
500.1;19;11;3;1;0;9;11;8;0;18;15;17;15;11;9;5;16;5;14;5;9;8;4;6;15;7;1;9;1;1;x + 18
500.2;3;1;2;2;0;1;0;0;0;1;1;2;1;0;0;1;0;0;0;0;1;2;0;0;0;0;1;2;1;1;x + 2
507.1;3;1;2;1;1;2;2;0;1;1;1;2;2;0;0;1;2;2;2;0;2;2;0;0;0;2;2;1;1;1;x + 2
507.1;11;10;4;8;0;5;6;4;0;3;6;7;10;10;9;1;6;4;9;10;10;1;9;0;2;6;9;7;1;1;x + 10
507.1;19;1;15;2;0;10;3;1;9;6;3;18;8;1;18;9;3;4;0;16;1;10;5;18;8;7;8;14;1;1;x + 18
507.1;137;136;4;69;88;5;41;12;68;46;8;15;37;37;36;44;80;31;86;76;98;34;47;50;37;10;33;30;1;1;x + 136
509.1;17;12;13;2;0;3;9;1;4;13;10;10;9;9;2;7;14;15;4;8;1;13;12;14;7;10;10;9;1;1;x + 16
509.1;3508013447;2891838864;429994856;1018849721;2983085691;1609960000;920234407;1975772534;815248106;1441842169;749196641;1480465914;1193353870;1233122919;1100832059;2717399709;1900514348;21678765;2831421501;2215696324;1012431950;2910119058;708683961;2047434203;2536678798;1732645956;516424626;499617538;1;1;x + 3508013446
515.1;2;[ 0, 1 ];[ 1, 0 ];[ 1, 1 ];[ 1, 0 ];[ 1, 0 ];[ 1, 1 ];[ 0, 1 ];[ 0, 0 ];[ 1, 1 ];[ 0, 1 ];[ 1, 0 ];[ 1, 0 ];[ 1, 0 ];[ 1, 1 ];[ 1, 0 ];[ 0, 1 ];[ 1, 0 ];[ 1, 1 ];[ 0, 0 ];[ 1, 1 ];[ 1, 0 ];[ 1, 0 ];[ 0, 0 ];[ 1, 0 ];[ 0, 1 ];[ 0, 0 ];[ 0, 1 ];1;2;x^2 + x + 1
515.1;2;[ 0, 1 ];[ 1, 0 ];[ 1, 1 ];[ 1, 0 ];[ 1, 0 ];[ 1, 1 ];[ 0, 1 ];[ 0, 0 ];[ 1, 1 ];[ 0, 1 ];[ 1, 0 ];[ 1, 0 ];[ 1, 0 ];[ 1, 1 ];[ 1, 0 ];[ 0, 1 ];[ 1, 0 ];[ 1, 1 ];[ 0, 0 ];[ 1, 1 ];[ 1, 0 ];[ 1, 0 ];[ 0, 0 ];[ 1, 0 ];[ 0, 1 ];[ 0, 0 ];[ 0, 1 ];1;2;x^2 + x + 1
515.1;101;7;17;14;100;85;76;79;76;28;80;38;76;23;66;84;31;41;37;43;84;12;80;45;85;5;19;83;1;1;x + 100
515.2;5;2;2;2;1;2;2;0;0;0;3;0;2;4;4;1;4;4;3;2;4;2;3;1;1;0;2;4;1;1;x + 4
515.2;307;134;117;171;1;63;31;212;121;227;161;71;37;306;23;33;87;101;168;248;154;107;213;107;150;89;277;179;1;1;x + 306
515.2;313;226;80;86;312;118;187;288;162;265;184;269;249;94;212;288;8;61;145;203;262;3;285;40;54;229;244;45;1;1;x + 312
517.1;13;5;5;8;1;12;12;6;12;3;9;12;12;1;9;10;9;11;5;8;1;7;8;6;2;7;4;0;1;1;x + 12
521.1;71;69;42;13;9;18;3;54;38;12;58;29;68;10;65;52;57;30;51;37;17;33;10;21;45;5;31;63;1;1;x + 70
521.1;8209;3408;1186;4418;5043;3559;2607;5279;4896;1465;7828;265;479;695;3031;1711;4794;3580;4990;8018;3076;6287;4842;7374;5901;4625;6053;854;1;1;x + 8208
529.2;2;[ 1, 1, 0 ];[ 1, 1, 0 ];[ 1, 1, 1 ];[ 1, 1, 1 ];[ 1, 1, 1 ];[ 0, 0, 0 ];[ 1, 0, 0 ];[ 1, 0, 0 ];[ 0, 1, 1 ];[ 0, 1, 1 ];[ 0, 1, 1 ];[ 0, 1, 1 ];[ 0, 0, 0 ];[ 0, 0, 0 ];[ 1, 0, 1 ];[ 0, 0, 1 ];[ 0, 0, 1 ];[ 1, 0, 0 ];[ 1, 0, 0 ];[ 0, 0, 0 ];[ 0, 0, 0 ];[ 0, 0, 1 ];[ 0, 0, 1 ];[ 1, 0, 1 ];[ 1, 0, 1 ];[ 1, 1, 0 ];[ 1, 1, 0 ];1;2;x^3 + x + 1
529.2;2;[ 1, 1, 0 ];[ 1, 1, 0 ];[ 1, 1, 1 ];[ 1, 1, 1 ];[ 1, 1, 1 ];[ 0, 0, 0 ];[ 1, 0, 0 ];[ 1, 0, 0 ];[ 0, 1, 1 ];[ 0, 1, 1 ];[ 0, 1, 1 ];[ 0, 1, 1 ];[ 0, 0, 0 ];[ 0, 0, 0 ];[ 1, 0, 1 ];[ 0, 0, 1 ];[ 0, 0, 1 ];[ 1, 0, 0 ];[ 1, 0, 0 ];[ 0, 0, 0 ];[ 0, 0, 0 ];[ 0, 0, 1 ];[ 0, 0, 1 ];[ 1, 0, 1 ];[ 1, 0, 1 ];[ 1, 1, 0 ];[ 1, 1, 0 ];1;2;x^3 + x + 1
531.3;3;1;1;1;0;1;0;0;2;1;0;2;1;2;0;1;2;0;2;0;1;1;2;1;0;0;2;0;1;1;x + 2
531.3;3;[ 2, 0 ];[ 2, 0 ];[ 0, 1 ];[ 2, 0 ];[ 2, 1 ];[ 0, 1 ];[ 0, 1 ];[ 1, 0 ];[ 1, 0 ];[ 1, 1 ];[ 2, 2 ];[ 0, 0 ];[ 2, 1 ];[ 1, 2 ];[ 1, 0 ];[ 0, 2 ];[ 1, 2 ];[ 2, 0 ];[ 2, 2 ];[ 2, 1 ];[ 1, 1 ];[ 0, 0 ];[ 2, 2 ];[ 1, 0 ];[ 1, 1 ];[ 1, 2 ];[ 0, 0 ];1;1;x^2 + 2*x + 2
531.1;5;0;1;3;4;4;1;0;3;2;0;0;4;3;1;3;2;4;4;2;4;1;0;0;3;2;3;2;1;1;x + 4
531.1;23;0;3;3;15;9;18;21;20;6;13;20;4;12;17;16;11;9;1;11;21;0;12;9;15;18;1;18;1;1;x + 22
531.1;37;0;17;19;7;13;8;27;35;22;13;20;17;10;20;32;15;18;36;36;13;34;32;21;10;8;16;30;1;1;x + 36
537.2;2;1;1;0;0;1;0;1;0;0;0;1;0;1;0;0;0;0;1;0;0;0;0;0;0;1;0;0;1;3;x + 1
537.2;2;1;1;0;0;1;0;1;0;0;0;1;0;1;0;0;0;0;1;0;0;0;0;0;0;1;0;0;1;3;x + 1
537.2;2;1;1;0;0;1;0;1;0;0;0;1;0;1;0;0;0;0;1;0;0;0;0;0;0;1;0;0;1;3;x + 1
537.1;17;1;9;1;7;7;3;1;13;8;14;8;13;12;0;12;16;8;9;7;4;13;13;8;5;15;9;15;1;1;x + 16
537.1;71;70;22;49;63;55;32;9;50;53;50;56;15;37;6;14;0;44;19;21;33;59;33;38;7;50;40;5;1;1;x + 70
537.1;101;1;97;65;42;80;85;23;9;75;25;47;17;18;4;5;28;18;30;48;90;85;50;74;70;60;95;28;1;1;x + 100
539.1;3;[ 2, 1 ];[ 0, 2 ];[ 1, 0 ];[ 1, 2 ];[ 0, 1 ];[ 1, 0 ];[ 0, 2 ];[ 2, 1 ];[ 1, 0 ];[ 1, 0 ];[ 0, 0 ];[ 0, 0 ];[ 2, 0 ];[ 2, 0 ];[ 2, 0 ];[ 2, 1 ];[ 0, 2 ];[ 1, 1 ];[ 2, 2 ];[ 2, 0 ];[ 2, 0 ];[ 1, 1 ];[ 2, 2 ];[ 1, 2 ];[ 0, 1 ];[ 0, 1 ];[ 1, 2 ];1;1;x^2 + 2*x + 2
539.1;5;[ 2, 1 ];[ 3, 4 ];[ 3, 0 ];[ 1, 2 ];[ 3, 3 ];[ 1, 0 ];[ 4, 0 ];[ 4, 0 ];[ 0, 1 ];[ 1, 4 ];[ 0, 4 ];[ 4, 1 ];[ 2, 4 ];[ 1, 1 ];[ 4, 0 ];[ 3, 1 ];[ 4, 4 ];[ 4, 1 ];[ 0, 4 ];[ 2, 4 ];[ 1, 1 ];[ 1, 1 ];[ 2, 4 ];[ 1, 3 ];[ 4, 2 ];[ 0, 0 ];[ 0, 0 ];1;1;x^2 + 4*x + 2
543.1;23;1;3;17;10;17;14;17;9;21;1;13;1;0;12;15;16;19;6;10;22;14;6;7;1;16;21;9;1;1;x + 22
543.1;97;1;54;73;41;74;16;10;95;83;14;22;70;45;17;2;90;72;39;65;95;43;23;33;20;16;20;67;1;1;x + 96
543.1;239;238;233;121;30;134;215;200;55;75;19;101;191;126;152;190;215;48;172;177;93;17;186;1;170;108;27;70;1;1;x + 238
543.2;11;10;8;10;0;7;1;10;2;6;6;6;4;1;3;2;6;0;5;0;1;4;0;9;4;7;6;8;1;1;x + 10
543.2;13;1;7;6;11;12;0;4;3;6;4;1;6;4;3;7;4;5;2;5;5;10;8;4;2;3;6;0;1;1;x + 12
543.2;17;1;12;11;5;2;10;3;2;6;7;11;14;15;3;9;8;7;5;0;13;10;2;3;1;11;12;9;1;1;x + 16
543.2;359;358;336;50;41;106;144;117;328;336;256;26;54;123;120;141;69;10;172;145;18;102;44;142;271;334;116;134;1;1;x + 358
548.1;5;2;4;4;4;1;4;0;1;3;3;3;1;2;3;0;1;1;0;1;2;1;4;4;3;4;3;1;1;1;x + 4
548.1;7;[ 3, 6 ];[ 1, 6 ];[ 1, 0 ];[ 4, 0 ];[ 1, 1 ];[ 0, 5 ];[ 6, 5 ];[ 6, 4 ];[ 1, 0 ];[ 5, 6 ];[ 3, 0 ];[ 2, 0 ];[ 2, 4 ];[ 3, 6 ];[ 4, 5 ];[ 6, 4 ];[ 4, 3 ];[ 6, 5 ];[ 0, 2 ];[ 6, 1 ];[ 0, 3 ];[ 0, 0 ];[ 2, 2 ];[ 1, 4 ];[ 4, 0 ];[ 5, 4 ];[ 1, 1 ];1;1;x^2 + 6*x + 3
548.1;29;6;10;28;5;15;18;11;0;27;28;4;0;10;4;8;19;1;24;27;26;3;25;15;2;1;3;16;1;1;x + 28
548.1;2543;1461;1040;1;393;835;832;545;1277;1835;1330;308;146;296;80;1746;2309;176;1924;959;1555;433;21;2226;2376;1321;741;783;1;1;x + 2542
555.4;3;1;1;2;1;1;2;1;2;1;0;1;1;1;0;2;1;0;2;0;0;1;2;0;2;1;1;1;1;2;x + 2
555.4;3;1;1;2;1;1;2;1;2;1;0;1;1;1;0;2;1;0;2;0;0;1;2;0;2;1;1;1;1;2;x + 2
555.4;5;4;4;4;0;1;2;2;2;2;0;4;4;2;4;2;1;3;0;3;0;3;3;2;1;3;1;3;1;1;x + 4
555.1;3;1;2;2;1;0;2;2;1;0;1;2;0;0;2;2;0;2;2;2;2;0;1;2;1;2;1;1;1;1;x + 2
555.1;3;2;2;1;1;1;1;0;0;1;0;1;0;1;1;1;1;1;0;1;1;1;0;0;1;2;2;2;1;1;x + 2
555.2;2;1;1;1;1;1;1;0;0;1;1;0;1;1;0;0;1;0;0;0;1;1;0;0;1;0;0;0;1;4;x + 1
555.2;2;1;1;1;1;1;1;0;0;1;1;0;1;1;0;0;1;0;0;0;1;1;0;0;1;0;0;0;1;4;x + 1
555.2;2;1;1;1;1;1;1;0;0;1;1;0;1;1;0;0;1;0;0;0;1;1;0;0;1;0;0;0;1;4;x + 1
555.2;2;1;1;1;1;1;1;0;0;1;1;0;1;1;0;0;1;0;0;0;1;1;0;0;1;0;0;0;1;4;x + 1
555.2;3;1;0;0;1;0;0;2;1;2;2;2;1;2;1;0;2;1;2;2;1;2;0;0;0;1;0;1;1;1;x + 2
555.2;3;2;0;1;1;0;0;1;2;2;0;1;1;0;2;1;0;0;2;2;0;2;1;2;0;2;0;1;1;1;x + 2
555.2;5;4;0;4;4;1;0;2;0;4;3;2;1;2;3;4;4;4;4;0;2;2;1;3;0;4;0;3;1;1;x + 4
555.3;5;4;2;0;0;1;0;1;2;3;0;4;3;1;1;0;4;4;0;4;0;3;2;0;2;3;2;2;1;1;x + 4
564.1;5;1;2;1;3;1;1;2;3;1;2;4;3;1;2;4;3;4;1;3;0;1;3;4;3;2;3;0;1;1;x + 4
564.2;11;10;4;1;1;10;8;8;7;4;9;10;1;5;10;2;7;3;2;4;5;7;10;0;10;3;1;8;1;1;x + 10
564.2;17;16;9;16;3;16;9;2;12;9;0;15;7;4;1;10;4;12;7;5;6;9;10;13;13;11;1;2;1;1;x + 16
565.2;2;1;1;1;1;0;1;0;0;1;0;0;0;1;0;0;0;1;1;0;1;1;0;1;0;1;0;0;1;4;x + 1
565.2;2;1;1;1;1;0;1;0;0;1;0;0;0;1;0;0;0;1;1;0;1;1;0;1;0;1;0;0;1;4;x + 1
565.2;2;1;1;1;1;0;1;0;0;1;0;0;0;1;0;0;0;1;1;0;1;1;0;1;0;1;0;0;1;4;x + 1
565.2;2;1;1;1;1;0;1;0;0;1;0;0;0;1;0;0;0;1;1;0;1;1;0;1;0;1;0;0;1;4;x + 1
565.2;3;1;2;0;2;0;1;2;2;2;2;2;1;0;2;1;2;2;0;2;1;2;2;0;1;2;1;1;1;1;x + 2
565.2;5;3;0;3;4;4;1;1;4;1;3;3;2;0;0;1;1;1;1;0;4;2;1;4;4;0;1;2;1;1;x + 4
565.2;11;7;2;3;10;6;6;4;2;1;3;7;7;10;6;8;8;1;7;8;7;7;5;5;10;2;6;3;1;1;x + 10
565.2;227;2;64;149;1;54;30;43;197;154;96;162;209;200;192;187;121;33;169;74;85;75;125;59;98;95;75;112;1;1;x + 226
565.1;3;0;0;1;2;1;0;1;0;0;0;2;1;0;2;2;0;0;1;0;2;2;0;0;1;2;0;0;1;1;x + 2
565.1;157;56;57;50;1;76;116;66;42;87;25;6;92;27;117;156;32;133;33;126;128;100;20;145;122;14;138;2;1;1;x + 156
565.1;337;23;293;323;336;20;288;297;222;30;325;240;57;226;202;279;9;65;241;180;183;223;63;106;271;96;162;134;1;1;x + 336
573.1;2;[ 1, 0 ];[ 0, 1 ];[ 0, 0 ];[ 0, 0 ];[ 0, 1 ];[ 1, 1 ];[ 0, 0 ];[ 0, 1 ];[ 0, 1 ];[ 0, 0 ];[ 0, 0 ];[ 0, 0 ];[ 0, 0 ];[ 0, 0 ];[ 0, 0 ];[ 0, 0 ];[ 0, 0 ];[ 0, 0 ];[ 1, 1 ];[ 0, 1 ];[ 1, 1 ];[ 0, 0 ];[ 0, 1 ];[ 1, 1 ];[ 1, 1 ];[ 1, 1 ];[ 1, 1 ];1;1;x^2 + x + 1
573.1;5;4;3;3;2;0;1;0;0;1;0;0;4;2;3;1;2;0;0;4;4;1;0;1;0;1;2;1;1;1;x + 4
573.1;79;78;53;5;21;72;49;19;74;10;18;13;78;48;49;35;50;40;72;60;48;50;15;12;37;29;44;63;1;1;x + 78
573.1;1171;1;1007;138;437;198;897;1114;764;1115;183;426;491;815;222;125;281;560;1045;852;735;708;483;633;1106;582;1003;1034;1;1;x + 1170
573.2;19;1;18;15;6;15;13;6;14;8;10;2;0;3;15;14;16;2;14;1;10;13;8;12;16;12;17;5;1;1;x + 18
573.2;283;282;225;207;37;174;141;1;54;18;143;258;208;128;246;25;177;22;9;177;264;259;29;226;142;185;144;160;1;1;x + 282
575.1;17;2;3;8;0;8;1;1;9;13;9;15;5;14;1;10;1;6;0;2;16;0;16;13;15;0;9;6;1;1;x + 16
575.1;17;2;14;9;0;9;16;16;9;4;8;15;12;14;16;7;1;11;0;2;1;0;16;13;2;0;8;6;1;1;x + 16
575.2;7;0;0;4;0;6;2;4;1;1;1;2;4;1;0;2;3;6;2;2;1;1;4;0;2;2;1;6;1;1;x + 6
575.2;7;0;0;3;0;1;5;3;1;6;6;2;3;1;0;5;3;1;2;2;6;1;4;0;5;5;6;6;1;1;x + 6
575.3;3;0;1;2;1;1;2;1;0;0;0;1;1;0;1;1;0;0;0;0;1;2;1;0;0;1;2;1;1;1;x + 2
575.3;3;2;0;0;2;2;0;2;1;1;2;2;1;1;1;2;0;2;0;0;0;1;0;1;0;2;0;2;1;1;x + 2
575.3;5;2;3;0;1;4;1;4;4;2;0;3;1;1;2;0;3;3;1;3;2;3;4;3;3;2;2;2;1;1;x + 4
575.3;11;7;6;5;1;1;1;1;9;10;4;5;7;4;10;3;2;3;3;4;4;6;5;10;9;2;10;4;1;1;x + 10
575.3;37;12;8;32;1;36;21;1;13;34;9;6;8;21;33;35;25;35;28;35;5;13;3;27;20;11;13;17;1;1;x + 36
575.3;89;46;7;50;88;1;23;88;25;5;69;74;84;18;88;7;66;45;9;60;56;6;13;55;34;11;73;32;1;1;x + 88
576.1;5;0;3;0;1;0;1;4;0;0;3;1;2;2;2;4;1;4;1;4;3;4;4;3;0;2;1;4;1;1;x + 4
576.1;5;0;4;0;3;0;2;1;4;2;2;2;4;1;3;3;1;2;4;1;3;4;1;3;1;4;0;1;1;1;x + 4
577.1;5;3;4;4;4;4;2;0;1;4;1;1;4;1;4;4;0;0;0;3;3;1;2;3;3;2;1;0;1;1;x + 4
577.1;371141;247116;164484;73468;186185;33764;310893;254869;40900;88254;111367;113910;131448;318751;313594;217684;78789;344578;179630;287853;239836;199575;273162;272936;333100;36314;181595;79125;1;1;x + 371140
583.1;3;[ 0, 0 ];[ 0, 2 ];[ 2, 0 ];[ 1, 1 ];[ 2, 1 ];[ 1, 0 ];[ 2, 0 ];[ 2, 1 ];[ 2, 1 ];[ 0, 0 ];[ 0, 1 ];[ 0, 0 ];[ 0, 1 ];[ 0, 2 ];[ 1, 1 ];[ 1, 0 ];[ 2, 1 ];[ 1, 2 ];[ 2, 0 ];[ 2, 2 ];[ 2, 1 ];[ 1, 0 ];[ 0, 2 ];[ 2, 2 ];[ 0, 2 ];[ 2, 1 ];[ 2, 0 ];1;1;x^2 + 2*x + 2
583.1;173;130;9;115;105;102;172;25;87;140;162;145;117;94;65;77;1;24;33;104;111;10;78;49;31;166;78;159;1;1;x + 172
583.1;563;417;124;537;390;4;1;436;235;403;397;20;178;229;558;45;562;0;321;227;532;437;527;364;376;438;53;192;1;1;x + 562
587.1;3;[ 0, 2 ];[ 1, 2 ];[ 0, 1 ];[ 0, 0 ];[ 0, 0 ];[ 2, 2 ];[ 0, 2 ];[ 0, 0 ];[ 1, 2 ];[ 2, 2 ];[ 2, 2 ];[ 1, 0 ];[ 1, 2 ];[ 1, 1 ];[ 1, 1 ];[ 0, 2 ];[ 1, 2 ];[ 2, 1 ];[ 1, 2 ];[ 2, 2 ];[ 2, 0 ];[ 2, 2 ];[ 0, 0 ];[ 2, 1 ];[ 1, 1 ];[ 2, 2 ];[ 0, 1 ];1;1;x^2 + 2*x + 2
587.1;7;[ 1, 5 ];[ 5, 6 ];[ 0, 1 ];[ 0, 3 ];[ 2, 1 ];[ 2, 6 ];[ 3, 3 ];[ 4, 3 ];[ 4, 6 ];[ 0, 6 ];[ 5, 4 ];[ 3, 6 ];[ 3, 1 ];[ 3, 3 ];[ 2, 5 ];[ 3, 0 ];[ 3, 1 ];[ 5, 2 ];[ 5, 5 ];[ 5, 5 ];[ 0, 1 ];[ 6, 5 ];[ 2, 4 ];[ 1, 1 ];[ 0, 4 ];[ 4, 3 ];[ 2, 0 ];1;1;x^2 + 6*x + 3
587.1;13;12;4;1;1;10;0;3;4;4;4;7;4;10;5;2;4;7;10;7;5;10;10;1;2;8;6;10;1;1;x + 12
587.1;31;13;13;9;26;9;26;17;13;19;16;8;9;0;21;8;28;2;30;24;2;0;23;5;13;10;7;29;1;1;x + 30
587.1;7963;1873;6354;1581;7221;7851;2473;6061;7344;7719;702;3429;7802;3580;5639;2094;2671;4402;3609;6995;2574;578;7452;681;6126;78;5226;905;1;1;x + 7962
588.1;53;52;25;1;16;24;43;28;45;3;6;2;50;8;38;52;25;4;40;18;46;43;36;11;13;50;39;19;1;1;x + 52
592.1;3;[ 2, 2 ];[ 1, 1 ];[ 0, 0 ];[ 0, 2 ];[ 2, 2 ];[ 2, 1 ];[ 0, 0 ];[ 0, 2 ];[ 1, 2 ];[ 0, 1 ];[ 2, 0 ];[ 0, 0 ];[ 2, 1 ];[ 0, 0 ];[ 1, 0 ];[ 2, 1 ];[ 2, 1 ];[ 1, 1 ];[ 1, 1 ];[ 1, 0 ];[ 1, 2 ];[ 0, 0 ];[ 1, 2 ];[ 0, 2 ];[ 2, 2 ];[ 0, 0 ];[ 1, 0 ];1;1;x^2 + 2*x + 2
592.1;5;4;4;0;3;2;2;2;4;2;0;4;0;1;0;0;2;1;0;0;3;2;3;1;4;3;2;0;1;1;x + 4
592.1;7;0;3;0;0;1;5;3;1;0;3;1;1;6;6;1;5;5;3;0;5;4;6;6;1;0;5;2;1;1;x + 6
592.1;41;33;36;0;26;13;34;21;5;3;15;1;29;14;5;19;5;33;16;31;26;14;36;10;37;34;0;40;1;1;x + 40
592.1;61;19;57;0;42;18;28;21;12;14;58;60;35;24;13;24;37;28;54;53;1;20;52;18;12;10;27;31;1;1;x + 60
597.1;2;1;0;1;1;0;0;0;1;1;1;1;0;1;0;1;0;0;0;0;1;0;1;0;0;1;1;0;1;2;x + 1
597.1;2;1;0;1;1;0;0;0;1;1;1;1;0;1;0;1;0;0;0;0;1;0;1;0;0;1;1;0;1;2;x + 1
597.1;5;1;3;2;1;2;2;1;1;1;0;0;0;4;3;1;2;1;1;2;1;4;0;2;1;0;1;0;1;1;x + 4
597.1;5;1;3;2;3;4;2;4;4;3;2;0;4;2;3;4;0;2;0;0;2;3;3;1;0;1;1;2;1;2;x + 4
597.1;5;1;3;2;3;4;2;4;4;3;2;0;4;2;3;4;0;2;0;0;2;3;3;1;0;1;1;2;1;2;x + 4
597.2;5;4;1;0;0;2;4;4;2;0;1;2;2;1;3;2;1;4;3;1;3;2;0;0;0;3;3;3;1;1;x + 4
597.2;31;30;10;3;17;16;12;18;3;6;1;24;17;15;22;13;24;19;9;2;19;29;14;26;8;9;13;6;1;1;x + 30
597.2;181;1;53;32;157;102;16;1;35;124;110;177;48;67;118;59;60;123;119;99;165;166;139;32;138;26;154;18;1;1;x + 180
599.1;3;[ 2, 0 ];[ 2, 2 ];[ 2, 1 ];[ 2, 2 ];[ 0, 1 ];[ 1, 0 ];[ 0, 1 ];[ 2, 0 ];[ 2, 1 ];[ 0, 0 ];[ 1, 2 ];[ 2, 2 ];[ 2, 0 ];[ 1, 1 ];[ 1, 0 ];[ 0, 2 ];[ 1, 2 ];[ 1, 1 ];[ 0, 1 ];[ 1, 0 ];[ 2, 2 ];[ 2, 2 ];[ 0, 0 ];[ 2, 2 ];[ 1, 0 ];[ 1, 1 ];[ 2, 1 ];1;1;x^2 + 2*x + 2
599.1;59;55;57;52;7;17;34;32;13;43;4;38;46;28;14;53;22;36;29;2;6;19;6;43;41;42;33;13;1;1;x + 58
599.1;88993;31272;86218;12948;62206;82586;3859;36537;1094;29616;82229;64183;68275;8197;73816;81706;17488;60976;37729;12526;77143;36921;84758;70760;21865;87927;42005;23242;1;1;x + 88992
603.2;11;0;7;1;1;5;0;7;2;1;8;2;5;2;9;8;6;9;8;10;4;10;5;9;6;5;1;1;1;1;x + 10
603.2;17;0;10;10;11;10;7;4;15;10;6;10;14;11;15;6;3;12;9;14;16;16;6;5;3;4;3;7;1;1;x + 16
603.2;59;0;56;30;41;21;25;11;2;5;11;9;50;14;16;4;39;11;50;40;32;1;42;40;22;20;35;5;1;1;x + 58
603.1;17;0;2;10;7;6;10;2;13;6;10;14;10;2;6;6;5;14;3;8;16;16;12;11;13;14;7;3;1;1;x + 16
603.1;73;0;39;7;17;41;56;56;40;39;53;6;40;60;52;71;63;17;45;47;1;39;11;29;49;27;25;8;1;1;x + 72
603.3;13;12;1;8;8;8;3;5;7;10;8;2;10;7;2;3;12;12;3;12;1;7;8;6;2;1;5;10;1;1;x + 12
605.1;47;26;32;46;1;6;0;43;27;0;19;5;43;21;43;20;22;46;8;3;21;11;11;33;10;44;31;43;1;1;x + 46
617.1;7621;7224;3227;1352;1400;3674;1645;2885;4628;5738;2254;4690;7146;6530;7097;1863;3299;5668;3906;6774;352;5712;2942;7208;6210;1953;802;785;1;1;x + 7620
619.1;71;2;43;25;51;31;62;55;55;33;49;68;36;4;39;25;53;39;34;62;3;46;27;7;21;11;56;17;1;1;x + 70
620.1;3;2;1;1;1;1;1;0;2;2;2;0;0;2;2;1;1;2;0;0;0;0;0;0;1;1;2;1;1;1;x + 2
620.1;5;2;0;4;1;3;4;4;0;1;0;2;4;0;2;3;1;1;1;4;1;1;4;4;4;1;2;3;1;1;x + 4
620.1;5;4;1;4;1;3;3;2;3;1;4;3;3;1;3;3;0;4;3;2;3;0;2;3;4;3;3;2;1;1;x + 4
620.1;17;10;7;16;16;7;10;8;4;1;8;10;15;8;3;4;14;4;8;6;9;11;12;8;10;1;15;12;1;1;x + 16
620.1;23;19;16;1;1;8;14;9;3;1;13;20;11;5;19;20;3;13;16;8;3;12;21;19;21;20;18;0;1;1;x + 22
620.1;47;22;16;1;46;17;41;2;9;46;40;15;44;23;30;38;39;6;41;24;8;28;10;13;44;41;15;6;1;1;x + 46
621.1;5;0;3;1;0;3;2;4;4;2;0;4;1;2;3;2;1;2;2;2;3;3;4;0;0;1;3;3;1;1;x + 4
621.1;7;0;6;2;1;5;6;6;2;0;4;6;1;5;4;2;4;3;2;0;5;0;0;4;6;0;5;5;1;1;x + 6
621.3;41;0;40;8;8;27;14;1;9;38;17;21;4;28;30;11;27;32;10;8;25;9;21;27;12;33;30;19;1;1;x + 40
621.2;5;0;1;0;1;1;0;3;1;1;2;4;1;3;0;2;1;2;2;4;1;2;4;0;1;1;4;4;1;1;x + 4
621.2;5;0;4;2;2;4;1;2;4;2;1;2;0;2;1;0;0;1;0;0;0;3;3;4;4;4;3;0;1;1;x + 4
621.2;11;0;0;6;9;3;10;6;1;2;4;0;3;3;7;10;5;3;1;6;7;4;2;6;7;1;8;7;1;1;x + 10
621.2;47;0;12;33;41;22;13;43;1;42;37;36;21;11;35;37;35;25;16;29;36;11;37;36;18;38;43;26;1;1;x + 46
625.1;31;28;20;16;0;27;22;28;1;29;0;14;15;12;16;15;10;17;26;23;2;14;29;19;29;27;23;2;1;1;x + 30
625.1;31;28;11;15;0;4;9;3;1;2;0;14;16;12;15;16;10;14;26;23;29;14;29;19;2;4;8;2;1;1;x + 30
625.3;2;[ 0, 1 ];[ 0, 1 ];[ 0, 1 ];[ 0, 0 ];[ 0, 0 ];[ 0, 0 ];[ 1, 1 ];[ 1, 1 ];[ 1, 0 ];[ 1, 0 ];[ 1, 0 ];[ 1, 0 ];[ 1, 0 ];[ 1, 0 ];[ 0, 1 ];[ 1, 1 ];[ 1, 1 ];[ 1, 0 ];[ 1, 0 ];[ 0, 0 ];[ 0, 0 ];[ 0, 0 ];[ 0, 0 ];[ 0, 1 ];[ 0, 1 ];[ 1, 1 ];[ 1, 1 ];1;4;x^2 + x + 1
625.3;2;[ 0, 1 ];[ 0, 1 ];[ 0, 1 ];[ 0, 0 ];[ 0, 0 ];[ 0, 0 ];[ 1, 1 ];[ 1, 1 ];[ 1, 0 ];[ 1, 0 ];[ 1, 0 ];[ 1, 0 ];[ 1, 0 ];[ 1, 0 ];[ 0, 1 ];[ 1, 1 ];[ 1, 1 ];[ 1, 0 ];[ 1, 0 ];[ 0, 0 ];[ 0, 0 ];[ 0, 0 ];[ 0, 0 ];[ 0, 1 ];[ 0, 1 ];[ 1, 1 ];[ 1, 1 ];1;4;x^2 + x + 1
625.3;2;[ 0, 1 ];[ 0, 1 ];[ 0, 1 ];[ 0, 0 ];[ 0, 0 ];[ 0, 0 ];[ 1, 1 ];[ 1, 1 ];[ 1, 0 ];[ 1, 0 ];[ 1, 0 ];[ 1, 0 ];[ 1, 0 ];[ 1, 0 ];[ 0, 1 ];[ 1, 1 ];[ 1, 1 ];[ 1, 0 ];[ 1, 0 ];[ 0, 0 ];[ 0, 0 ];[ 0, 0 ];[ 0, 0 ];[ 0, 1 ];[ 0, 1 ];[ 1, 1 ];[ 1, 1 ];1;4;x^2 + x + 1
625.3;2;[ 0, 1 ];[ 0, 1 ];[ 0, 1 ];[ 0, 0 ];[ 0, 0 ];[ 0, 0 ];[ 1, 1 ];[ 1, 1 ];[ 1, 0 ];[ 1, 0 ];[ 1, 0 ];[ 1, 0 ];[ 1, 0 ];[ 1, 0 ];[ 0, 1 ];[ 1, 1 ];[ 1, 1 ];[ 1, 0 ];[ 1, 0 ];[ 0, 0 ];[ 0, 0 ];[ 0, 0 ];[ 0, 0 ];[ 0, 1 ];[ 0, 1 ];[ 1, 1 ];[ 1, 1 ];1;4;x^2 + x + 1
628.1;2;0;0;1;0;1;1;1;0;1;1;1;0;0;0;0;0;1;1;0;0;0;0;0;1;0;1;0;1;2;x + 1
628.1;2;0;0;1;0;1;1;1;0;1;1;1;0;0;0;0;0;1;1;0;0;0;0;0;1;0;1;0;1;2;x + 1
628.1;5;[ 2, 0 ];[ 4, 1 ];[ 4, 0 ];[ 4, 3 ];[ 3, 3 ];[ 1, 3 ];[ 2, 3 ];[ 3, 4 ];[ 0, 2 ];[ 1, 4 ];[ 4, 1 ];[ 3, 0 ];[ 1, 1 ];[ 3, 4 ];[ 1, 3 ];[ 3, 3 ];[ 3, 0 ];[ 3, 1 ];[ 3, 3 ];[ 2, 3 ];[ 3, 1 ];[ 2, 3 ];[ 4, 0 ];[ 2, 3 ];[ 4, 2 ];[ 3, 1 ];[ 0, 2 ];1;1;x^2 + 4*x + 2
628.1;31;3;18;1;17;20;4;1;20;12;21;20;16;0;16;0;21;5;16;5;26;24;19;27;25;25;17;24;1;1;x + 30
628.1;37;24;26;36;25;36;29;32;0;29;2;21;17;5;34;35;27;4;35;8;25;4;35;23;4;23;6;9;1;1;x + 36
628.1;107;0;4;1;86;20;13;90;76;26;102;106;77;22;105;96;26;100;76;5;104;28;91;12;66;94;97;78;1;1;x + 106
628.1;181;159;16;180;3;44;100;140;96;72;26;68;79;56;55;118;44;159;20;51;179;50;171;12;127;95;149;68;1;1;x + 180
631.1;3;[ 2, 2 ];[ 1, 0 ];[ 2, 0 ];[ 2, 2 ];[ 1, 2 ];[ 0, 0 ];[ 0, 0 ];[ 2, 1 ];[ 0, 0 ];[ 0, 0 ];[ 1, 0 ];[ 0, 0 ];[ 2, 2 ];[ 1, 1 ];[ 2, 1 ];[ 0, 0 ];[ 2, 2 ];[ 1, 1 ];[ 0, 1 ];[ 0, 0 ];[ 0, 2 ];[ 0, 1 ];[ 0, 1 ];[ 0, 0 ];[ 2, 2 ];[ 0, 0 ];[ 0, 0 ];1;1;x^2 + 2*x + 2
631.1;7;2;5;2;2;1;0;0;3;0;4;4;3;2;1;3;0;1;5;6;5;1;1;5;0;3;5;5;1;1;x + 6
631.1;11;9;8;3;10;6;7;7;7;7;10;3;3;2;1;5;7;7;10;1;4;2;1;5;10;2;1;10;1;1;x + 10
631.1;37;34;13;25;10;15;12;34;0;13;3;11;33;29;17;0;18;16;10;31;36;9;4;3;5;16;14;17;1;1;x + 36
631.1;43;19;26;36;17;36;15;21;3;25;4;19;42;0;35;17;15;35;29;38;5;0;40;6;20;38;17;34;1;1;x + 42
631.1;56687;1329;54341;17757;47644;54843;29878;4731;7646;8321;34052;644;3564;13593;24379;28544;19444;46329;16247;37014;33335;7825;15051;56137;10833;30236;53855;26254;1;1;x + 56686
636.2;3;2;2;2;1;2;2;2;2;2;1;2;2;0;1;1;1;2;0;2;1;1;0;0;2;1;0;1;1;1;x + 2
636.2;5;[ 4, 0, 0 ];[ 2, 3, 3 ];[ 1, 0, 0 ];[ 3, 4, 0 ];[ 4, 0, 1 ];[ 3, 4, 0 ];[ 2, 3, 3 ];[ 0, 1, 1 ];[ 1, 2, 4 ];[ 0, 4, 1 ];[ 1, 0, 4 ];[ 2, 4, 0 ];[ 3, 4, 1 ];[ 2, 2, 3 ];[ 3, 3, 1 ];[ 2, 2, 2 ];[ 4, 0, 0 ];[ 0, 4, 3 ];[ 3, 4, 1 ];[ 0, 1, 4 ];[ 2, 2, 4 ];[ 1, 1, 1 ];[ 3, 0, 3 ];[ 1, 0, 4 ];[ 0, 1, 1 ];[ 0, 0, 3 ];[ 4, 3, 1 ];1;1;x^3 + 3*x + 3
636.2;7;6;1;6;1;0;2;3;2;4;5;3;5;0;1;1;3;1;6;5;0;4;0;5;4;1;2;5;1;1;x + 6
636.2;17;1;16;16;5;10;3;15;15;9;13;13;9;13;14;16;11;16;2;6;8;10;15;2;13;4;4;6;1;1;x + 16
636.2;59;1;43;1;25;24;4;55;35;57;47;30;6;53;10;6;33;1;56;56;6;49;23;17;44;6;47;39;1;1;x + 58
636.1;3;[ 1, 0 ];[ 0, 0 ];[ 1, 0 ];[ 2, 2 ];[ 0, 1 ];[ 0, 2 ];[ 0, 2 ];[ 1, 1 ];[ 0, 1 ];[ 0, 2 ];[ 2, 2 ];[ 1, 0 ];[ 2, 0 ];[ 2, 0 ];[ 1, 2 ];[ 1, 0 ];[ 1, 0 ];[ 0, 1 ];[ 1, 2 ];[ 1, 0 ];[ 1, 2 ];[ 1, 1 ];[ 2, 2 ];[ 2, 0 ];[ 2, 0 ];[ 1, 2 ];[ 1, 2 ];1;1;x^2 + 2*x + 2
636.1;3;1;1;2;2;2;0;0;2;0;1;0;1;2;2;2;1;0;0;0;0;1;1;0;1;2;2;2;1;2;x + 2
636.1;3;1;1;2;2;2;0;0;2;0;1;0;1;2;2;2;1;0;0;0;0;1;1;0;1;2;2;2;1;2;x + 2
636.1;17;16;10;1;14;16;11;11;15;5;15;5;14;0;7;6;16;0;9;3;9;4;0;12;9;13;16;16;1;1;x + 16
639.3;5;4;4;4;1;2;2;4;4;2;1;1;3;1;4;4;1;1;1;0;2;4;4;4;3;0;3;2;1;1;x + 4
639.3;7;6;6;4;0;1;4;4;6;2;4;5;3;2;4;4;1;4;3;0;1;2;6;2;5;5;6;4;1;1;x + 6
639.3;11;1;1;6;9;3;0;3;6;10;7;7;1;7;7;8;5;1;0;0;5;2;1;1;4;2;2;8;1;1;x + 10
639.3;17;16;1;8;11;4;16;4;16;8;15;12;5;6;14;5;5;13;13;11;0;8;16;9;10;6;8;15;1;1;x + 16
639.1;5;0;0;4;3;3;2;1;4;2;0;4;3;0;2;1;1;4;0;2;2;3;1;3;3;4;1;4;1;1;x + 4
639.1;79;0;45;6;45;69;72;7;55;28;31;56;62;20;70;16;5;30;39;67;23;9;78;50;20;58;39;45;1;1;x + 78
639.2;227;0;140;147;195;207;43;108;47;150;134;29;203;57;95;28;77;154;192;14;8;105;173;1;99;224;225;128;1;1;x + 226
641.1;10399;6586;9119;6600;959;3039;2972;779;5039;5083;9961;2943;8295;6789;1138;1880;3970;1250;428;3907;9200;506;3554;7022;4346;3467;492;5901;1;1;x + 10398
641.1;9512101;4913469;3557245;7521106;4219231;9108077;1273172;568560;9244588;807589;5076804;6302098;3579728;8306137;8534709;3772501;4539728;4628020;6564945;3725;2134014;4401439;5451133;7975734;7773734;6065253;3338667;5280616;1;1;x + 9512100
643.1;2;0;0;1;1;0;0;1;0;1;0;0;1;0;0;0;0;0;0;0;0;0;0;0;0;0;0;0;1;1;x + 1
643.1;17;12;14;16;9;12;9;15;5;0;5;2;7;11;10;11;12;6;5;12;9;10;8;15;13;3;4;10;1;1;x + 16
643.1;816707393;96971859;152262453;477276266;64435723;494461509;122788942;233765432;151346688;552860142;586525760;387797750;782410841;373722930;545549991;615658514;572614098;325578475;257851182;734843950;495537172;596663373;381925771;281464165;801183237;408381529;396187872;657255937;1;1;x + 816707392
647.1;11;8;8;4;5;1;4;0;5;0;4;8;7;4;8;9;8;1;7;3;9;1;5;1;4;2;9;6;1;1;x + 10
647.1;23;0;14;8;22;22;8;13;14;10;10;11;5;14;17;1;16;13;11;14;7;3;15;7;9;9;14;22;1;1;x + 22
647.1;4079;1292;2089;1930;2843;2846;3344;630;1371;618;2288;2045;3799;78;3880;4031;904;2997;3264;145;3333;3067;1529;2160;3290;1743;1754;2390;1;1;x + 4078
649.1;3;1;2;2;2;1;2;1;0;2;0;0;2;2;0;1;0;2;2;0;0;1;1;2;1;0;1;0;1;1;x + 2
649.1;3;[ 1, 0 ];[ 0, 1 ];[ 1, 2 ];[ 0, 1 ];[ 2, 2 ];[ 1, 0 ];[ 1, 1 ];[ 2, 2 ];[ 2, 2 ];[ 2, 0 ];[ 1, 1 ];[ 2, 1 ];[ 0, 1 ];[ 2, 2 ];[ 1, 0 ];[ 2, 0 ];[ 2, 1 ];[ 2, 0 ];[ 2, 1 ];[ 1, 0 ];[ 2, 1 ];[ 1, 1 ];[ 0, 2 ];[ 1, 2 ];[ 2, 0 ];[ 1, 1 ];[ 2, 1 ];1;1;x^2 + 2*x + 2
649.1;7;0;3;1;6;5;1;5;5;1;2;3;4;1;3;5;6;4;6;5;3;2;6;1;0;1;5;2;1;1;x + 6
649.1;19;0;4;3;8;2;1;17;3;10;13;18;5;13;8;14;5;11;1;7;9;10;15;0;9;12;5;3;1;1;x + 18
649.1;43;11;28;42;24;26;42;19;1;32;6;27;18;3;25;23;17;13;1;7;4;29;30;20;6;22;19;2;1;1;x + 42
652.1;3;2;1;1;2;1;1;2;0;1;2;2;2;0;2;0;0;2;0;0;1;0;0;1;0;1;1;0;1;1;x + 2
652.1;5;3;2;4;1;2;1;1;1;4;0;0;4;4;4;1;3;0;1;3;3;3;3;2;3;3;1;4;1;1;x + 4
652.1;223;76;45;1;49;139;218;55;155;64;51;89;9;161;7;171;214;152;170;38;141;76;112;187;77;144;178;50;1;1;x + 222
652.1;353;10;82;352;344;351;128;140;337;151;265;220;140;255;342;153;116;2;53;149;11;28;329;16;287;42;344;187;1;1;x + 352
653.1;127;11;15;117;87;104;124;36;71;115;93;22;13;18;114;103;28;119;108;42;19;125;23;67;46;14;89;49;1;1;x + 126
653.1;7475861;5719349;3865300;5832201;1591330;4956125;912624;5519790;1684308;4180098;3669458;299230;3317351;4993730;4264964;3944175;2392352;987090;2491541;3104057;2784344;3230638;1517614;4449524;916335;4232726;5484338;4767169;1;1;x + 7475860
660.2;3;1;2;1;1;2;2;0;2;1;2;2;0;1;1;1;1;1;1;0;1;1;2;1;1;0;2;1;1;1;x + 2
660.1;5;1;4;4;4;0;4;2;2;4;0;4;1;3;4;1;4;2;3;0;2;1;4;3;4;0;4;4;1;1;x + 4
660.1;7;6;4;6;1;0;6;3;1;5;3;0;0;3;1;4;4;0;3;0;6;5;4;6;5;6;5;1;1;1;x + 6
661.1;3;[ 1, 0, 0, 1, 0, 0 ];[ 2, 2, 2, 0, 1, 1 ];[ 0, 1, 2, 2, 1, 1 ];[ 2, 1, 1, 2, 0, 1 ];[ 2, 2, 1, 2, 0, 2 ];[ 0, 2, 2, 2, 1, 2 ];[ 2, 2, 1, 0, 0, 2 ];[ 0, 2, 1, 2, 1, 2 ];[ 0, 0, 2, 2, 0, 0 ];[ 2, 1, 1, 2, 0, 2 ];[ 0, 2, 1, 0, 0, 2 ];[ 1, 2, 2, 2, 1, 1 ];[ 2, 2, 2, 2, 1, 0 ];[ 1, 1, 1, 2, 1, 2 ];[ 1, 1, 0, 0, 1, 0 ];[ 1, 2, 2, 1, 2, 1 ];[ 2, 2, 2, 1, 2, 0 ];[ 0, 2, 2, 2, 0, 0 ];[ 0, 0, 2, 1, 1, 0 ];[ 0, 0, 0, 2, 2, 2 ];[ 2, 0, 1, 2, 0, 2 ];[ 1, 1, 1, 1, 1, 1 ];[ 2, 0, 0, 1, 2, 1 ];[ 1, 0, 2, 0, 1, 0 ];[ 1, 1, 2, 0, 2, 2 ];[ 0, 1, 0, 0, 1, 2 ];[ 1, 2, 2, 0, 0, 1 ];1;1;x^6 + 2*x^4 + x^2 + 2*x + 2
661.1;17;8;8;16;3;16;11;2;5;15;12;15;4;10;11;16;8;2;8;13;4;16;8;2;14;8;4;8;1;1;x + 16
661.1;10264819;1384947;2569719;9978795;6801999;8910931;3839954;8293790;4429405;7245168;7148421;2751809;2901129;5333415;5094496;7815614;1192079;5537341;3234091;9584260;3103823;7227363;2209325;8490853;4849632;1258018;9969782;7943809;1;1;x + 10264818
669.1;71;70;26;58;36;45;43;32;2;50;65;61;65;10;39;27;59;7;61;41;15;61;59;14;65;45;62;31;1;1;x + 70
669.1;73;1;21;7;32;59;43;31;50;32;66;55;43;31;24;66;46;10;56;4;49;4;48;1;35;56;2;9;1;1;x + 72
669.1;149;148;134;90;104;63;13;17;40;9;131;74;5;109;43;1;31;112;37;146;42;106;63;117;142;120;74;64;1;1;x + 148
669.2;401;400;189;388;348;300;139;196;93;45;64;244;117;299;329;243;284;163;229;67;328;373;368;114;209;217;148;17;1;1;x + 400
669.2;599;1;425;226;124;168;337;536;475;201;102;584;182;111;134;308;263;255;248;282;459;327;93;524;92;211;91;312;1;1;x + 598
675.11;7;2;0;3;1;1;1;3;4;6;3;2;6;0;2;6;4;5;0;3;0;6;0;5;3;2;4;6;1;1;x + 6
675.11;17;7;0;6;16;1;4;12;7;4;1;1;11;8;7;2;6;12;3;4;8;13;0;1;4;16;15;0;1;1;x + 16
675.10;5;0;0;0;0;4;3;4;2;4;3;3;1;2;3;4;0;0;1;4;1;2;0;4;2;1;2;2;1;1;x + 4
676.1;2;0;0;1;1;1;0;1;1;0;0;0;0;0;0;1;0;0;1;1;1;1;0;0;0;0;0;0;1;4;x + 1
676.1;2;0;0;1;1;1;0;1;1;0;0;0;0;0;0;1;0;0;1;1;1;1;0;0;0;0;0;0;1;4;x + 1
676.1;2;0;0;1;1;1;0;1;1;0;0;0;0;0;0;1;0;0;1;1;1;1;0;0;0;0;0;0;1;4;x + 1
676.1;2;0;0;1;1;1;0;1;1;0;0;0;0;0;0;1;0;0;1;1;1;1;0;0;0;0;0;0;1;4;x + 1
676.1;5;2;4;4;4;1;1;0;2;3;2;2;2;1;4;1;3;1;1;0;3;3;1;3;1;0;2;4;1;1;x + 4
676.1;5;4;2;4;1;4;1;2;0;2;3;2;2;4;1;1;1;3;0;1;3;3;3;1;0;1;4;2;1;1;x + 4
683.1;71;20;67;48;36;53;49;22;51;36;14;38;19;27;6;45;43;56;58;37;1;36;42;3;67;21;15;7;1;1;x + 70
683.1;941;819;126;512;135;486;43;139;560;625;25;539;482;771;654;151;174;710;8;19;768;768;641;505;378;589;235;240;1;1;x + 940
683.1;257921;30633;117302;226896;143406;32725;35732;158773;140327;164775;45904;106482;163747;123698;197028;47375;70302;81607;9612;167067;43452;234161;235005;244826;116581;249669;152719;115789;1;1;x + 257920
685.2;7;1;0;6;6;4;3;0;3;6;0;3;4;6;3;1;6;3;6;2;2;6;6;6;1;3;2;4;1;1;x + 6
685.2;13;3;2;11;12;7;5;1;2;12;9;7;5;7;8;3;12;5;4;8;0;0;8;12;11;5;11;5;1;1;x + 12
685.2;113;89;68;16;1;83;51;31;58;18;34;78;13;57;105;64;89;104;5;36;44;71;90;32;73;91;26;76;1;1;x + 112
685.2;1583;914;199;1495;1582;1531;580;1453;1392;745;278;1122;719;358;612;400;133;1147;711;1078;514;731;1519;1402;982;168;1405;1451;1;1;x + 1582
685.1;2;[ 0, 1 ];[ 1, 1 ];[ 1, 0 ];[ 1, 0 ];[ 0, 0 ];[ 0, 0 ];[ 0, 0 ];[ 0, 0 ];[ 0, 0 ];[ 0, 1 ];[ 0, 0 ];[ 1, 1 ];[ 0, 0 ];[ 0, 0 ];[ 0, 0 ];[ 0, 1 ];[ 0, 1 ];[ 0, 0 ];[ 1, 1 ];[ 1, 1 ];[ 1, 1 ];[ 0, 0 ];[ 0, 1 ];[ 0, 0 ];[ 1, 1 ];[ 0, 1 ];[ 1, 1 ];1;4;x^2 + x + 1
685.1;2;[ 0, 1 ];[ 1, 1 ];[ 1, 0 ];[ 1, 0 ];[ 0, 0 ];[ 0, 0 ];[ 0, 0 ];[ 0, 0 ];[ 0, 0 ];[ 0, 1 ];[ 0, 0 ];[ 1, 1 ];[ 0, 0 ];[ 0, 0 ];[ 0, 0 ];[ 0, 1 ];[ 0, 1 ];[ 0, 0 ];[ 1, 1 ];[ 1, 1 ];[ 1, 1 ];[ 0, 0 ];[ 0, 1 ];[ 0, 0 ];[ 1, 1 ];[ 0, 1 ];[ 1, 1 ];1;4;x^2 + x + 1
685.1;2;[ 0, 1 ];[ 1, 1 ];[ 1, 0 ];[ 1, 0 ];[ 0, 0 ];[ 0, 0 ];[ 0, 0 ];[ 0, 0 ];[ 0, 0 ];[ 0, 1 ];[ 0, 0 ];[ 1, 1 ];[ 0, 0 ];[ 0, 0 ];[ 0, 0 ];[ 0, 1 ];[ 0, 1 ];[ 0, 0 ];[ 1, 1 ];[ 1, 1 ];[ 1, 1 ];[ 0, 0 ];[ 0, 1 ];[ 0, 0 ];[ 1, 1 ];[ 0, 1 ];[ 1, 1 ];1;4;x^2 + x + 1
685.1;2;[ 0, 1 ];[ 1, 1 ];[ 1, 0 ];[ 1, 0 ];[ 0, 0 ];[ 0, 0 ];[ 0, 0 ];[ 0, 0 ];[ 0, 0 ];[ 0, 1 ];[ 0, 0 ];[ 1, 1 ];[ 0, 0 ];[ 0, 0 ];[ 0, 0 ];[ 0, 1 ];[ 0, 1 ];[ 0, 0 ];[ 1, 1 ];[ 1, 1 ];[ 1, 1 ];[ 0, 0 ];[ 0, 1 ];[ 0, 0 ];[ 1, 1 ];[ 0, 1 ];[ 1, 1 ];1;4;x^2 + x + 1
685.1;11;5;4;9;1;0;7;6;8;1;8;10;7;10;9;8;1;2;10;0;10;10;10;10;5;9;9;9;1;1;x + 10
685.1;67;41;53;34;66;31;48;34;31;48;3;63;7;21;37;24;32;33;53;33;60;46;36;9;47;11;46;63;1;1;x + 66
685.1;1033;556;826;853;1032;150;365;414;631;907;823;237;414;963;142;226;647;335;615;759;919;928;617;536;829;408;532;667;1;1;x + 1032
687.2;2;[ 1, 0, 0 ];[ 1, 1, 1 ];[ 1, 0, 0 ];[ 1, 1, 0 ];[ 0, 0, 0 ];[ 1, 0, 1 ];[ 0, 0, 0 ];[ 1, 1, 1 ];[ 0, 0, 0 ];[ 0, 0, 0 ];[ 1, 0, 1 ];[ 1, 1, 0 ];[ 1, 1, 0 ];[ 0, 0, 0 ];[ 1, 0, 1 ];[ 0, 0, 0 ];[ 1, 0, 1 ];[ 0, 0, 0 ];[ 1, 1, 0 ];[ 1, 1, 1 ];[ 1, 1, 1 ];[ 0, 0, 0 ];[ 0, 0, 0 ];[ 0, 0, 0 ];[ 0, 0, 0 ];[ 1, 1, 1 ];[ 1, 1, 1 ];1;2;x^3 + x + 1
687.2;2;[ 1, 0, 0 ];[ 1, 1, 1 ];[ 1, 0, 0 ];[ 1, 1, 0 ];[ 0, 0, 0 ];[ 1, 0, 1 ];[ 0, 0, 0 ];[ 1, 1, 1 ];[ 0, 0, 0 ];[ 0, 0, 0 ];[ 1, 0, 1 ];[ 1, 1, 0 ];[ 1, 1, 0 ];[ 0, 0, 0 ];[ 1, 0, 1 ];[ 0, 0, 0 ];[ 1, 0, 1 ];[ 0, 0, 0 ];[ 1, 1, 0 ];[ 1, 1, 1 ];[ 1, 1, 1 ];[ 0, 0, 0 ];[ 0, 0, 0 ];[ 0, 0, 0 ];[ 0, 0, 0 ];[ 1, 1, 1 ];[ 1, 1, 1 ];1;2;x^3 + x + 1
687.2;5;[ 4, 0 ];[ 2, 2 ];[ 1, 4 ];[ 3, 0 ];[ 2, 4 ];[ 4, 3 ];[ 2, 1 ];[ 0, 2 ];[ 4, 1 ];[ 0, 3 ];[ 3, 1 ];[ 1, 4 ];[ 4, 2 ];[ 2, 2 ];[ 0, 1 ];[ 4, 3 ];[ 2, 3 ];[ 4, 1 ];[ 2, 4 ];[ 4, 3 ];[ 4, 0 ];[ 3, 1 ];[ 0, 3 ];[ 0, 1 ];[ 0, 3 ];[ 3, 4 ];[ 0, 0 ];1;1;x^2 + 4*x + 2
687.2;23;22;21;9;14;16;16;14;19;15;4;4;18;20;0;18;10;2;12;8;16;3;13;17;16;12;6;20;1;1;x + 22
687.2;29;1;6;23;28;23;28;23;12;5;27;22;0;0;19;28;8;23;4;6;6;28;19;6;25;11;7;4;1;1;x + 28
687.1;3;1;2;1;0;0;1;0;2;0;0;0;0;2;1;1;0;1;2;2;0;1;1;0;2;0;2;0;1;1;x + 2
687.1;11;1;9;2;3;3;8;2;0;3;7;7;2;10;6;1;0;6;2;5;1;8;7;5;0;1;8;5;1;1;x + 10
687.1;41;1;36;6;24;16;4;32;2;20;15;10;35;21;25;5;0;10;23;17;9;32;34;3;22;4;9;25;1;1;x + 40
687.1;751;750;625;616;331;234;697;51;48;30;740;733;630;671;480;206;454;316;713;729;300;701;627;427;553;69;331;724;1;1;x + 750
691.1;3;[ 0, 1 ];[ 0, 0 ];[ 0, 2 ];[ 0, 1 ];[ 1, 2 ];[ 1, 0 ];[ 2, 0 ];[ 2, 2 ];[ 0, 1 ];[ 0, 2 ];[ 2, 1 ];[ 1, 0 ];[ 2, 2 ];[ 1, 2 ];[ 0, 1 ];[ 1, 1 ];[ 1, 2 ];[ 1, 2 ];[ 2, 2 ];[ 1, 1 ];[ 0, 1 ];[ 2, 2 ];[ 0, 1 ];[ 2, 2 ];[ 0, 2 ];[ 2, 2 ];[ 2, 1 ];1;1;x^2 + 2*x + 2
691.1;29;23;22;16;24;10;6;14;16;27;11;16;3;21;2;21;13;20;17;1;4;6;24;21;23;12;14;3;1;1;x + 28
691.1;41;28;7;22;8;21;38;38;34;39;35;9;14;34;27;35;37;14;35;28;18;7;25;11;34;27;35;33;1;1;x + 40
691.1;1777;977;146;22;195;828;1168;587;1593;1067;969;559;1448;138;569;509;1564;685;950;152;478;1396;400;1485;711;867;534;966;1;1;x + 1776
691.1;5011;1753;2466;553;1392;1880;2322;2314;3645;1795;4604;3442;1403;2942;4536;1123;918;3784;918;1113;2705;1301;208;2615;1207;3730;1682;1877;1;1;x + 5010
705.1;3;2;0;0;2;0;0;2;0;1;2;1;0;1;1;1;1;0;2;0;2;1;2;2;0;1;1;0;1;1;x + 2
705.1;5;4;2;0;1;2;3;4;1;0;3;1;2;1;3;1;0;3;4;3;0;4;1;3;3;2;2;1;1;1;x + 4
705.3;3;[ 1, 0 ];[ 0, 2 ];[ 2, 1 ];[ 0, 2 ];[ 2, 0 ];[ 1, 0 ];[ 1, 0 ];[ 0, 0 ];[ 1, 0 ];[ 0, 0 ];[ 2, 0 ];[ 1, 1 ];[ 1, 0 ];[ 0, 2 ];[ 0, 0 ];[ 0, 2 ];[ 0, 1 ];[ 2, 2 ];[ 2, 1 ];[ 0, 2 ];[ 1, 0 ];[ 2, 1 ];[ 2, 1 ];[ 2, 0 ];[ 2, 2 ];[ 2, 0 ];[ 1, 2 ];1;1;x^2 + 2*x + 2
705.3;13;12;2;6;8;1;8;9;3;5;6;2;1;1;1;12;6;8;9;8;3;8;4;6;8;2;5;11;1;1;x + 12
705.3;17;16;4;11;7;16;0;1;9;16;11;2;9;1;16;1;2;6;16;4;0;4;3;9;1;7;13;9;1;1;x + 16
705.2;19;18;14;15;1;16;8;0;8;4;18;3;16;4;18;14;6;2;3;10;16;0;0;17;2;8;6;3;1;1;x + 18
705.2;43;1;5;16;1;21;39;32;10;37;21;25;18;27;1;8;37;37;39;8;12;30;1;37;18;13;34;5;1;1;x + 42
705.4;137;1;126;118;31;1;22;133;5;2;82;3;123;121;1;129;131;7;19;47;73;80;83;28;13;87;10;111;1;1;x + 136
708.2;3;1;2;2;0;2;2;0;1;0;1;1;1;0;0;2;1;1;0;1;1;0;1;1;2;1;2;1;1;1;x + 2
708.2;3;2;0;2;1;0;1;1;0;2;1;2;1;1;0;2;0;0;2;2;2;0;1;0;2;0;1;2;1;1;x + 2
708.2;5;4;1;1;3;3;1;0;0;3;0;1;1;0;0;2;1;0;1;1;2;4;2;3;4;2;2;1;1;1;x + 4
708.1;5;1;4;4;0;3;0;0;1;4;4;2;2;2;4;3;1;1;4;3;4;1;0;2;4;4;4;4;1;1;x + 4
708.1;7;6;2;1;6;1;1;5;6;5;1;6;4;6;2;6;1;4;1;0;1;3;0;1;4;6;3;5;1;1;x + 6
708.1;11;10;5;10;2;8;8;7;2;9;2;1;9;2;1;5;3;8;10;8;3;5;0;3;6;10;7;1;1;1;x + 10
708.1;17;16;16;1;13;11;12;7;2;6;2;15;4;7;5;13;2;5;16;10;5;9;0;4;2;8;5;10;1;1;x + 16
708.1;191;1;18;1;162;74;151;181;5;184;145;10;15;124;142;150;82;67;1;124;110;90;154;180;185;49;86;55;1;1;x + 190
709.1;3;2;2;1;2;0;0;0;0;1;2;0;0;0;1;1;1;2;1;1;1;0;2;0;0;2;0;0;1;1;x + 2
709.1;7;0;4;4;6;4;4;0;0;0;1;5;0;4;2;4;3;5;2;2;0;0;0;2;2;3;2;5;1;1;x + 6
709.1;37;3;9;21;24;16;33;35;22;28;25;5;31;25;5;32;13;26;10;23;0;4;28;26;20;2;8;22;1;1;x + 36
709.1;113;27;55;14;79;109;67;57;72;74;3;3;31;32;7;31;72;88;63;50;87;16;28;65;8;34;71;20;1;1;x + 112
709.1;15973;2083;4824;440;15088;1103;2621;5234;13420;9993;14399;6454;2851;4787;15733;1722;8146;418;10028;5876;6445;9623;10073;4738;10669;4719;1208;5383;1;1;x + 15972
713.2;2;[ 0, 1 ];[ 0, 0 ];[ 1, 0 ];[ 0, 1 ];[ 0, 0 ];[ 1, 1 ];[ 1, 0 ];[ 0, 1 ];[ 0, 0 ];[ 1, 0 ];[ 0, 1 ];[ 1, 1 ];[ 0, 0 ];[ 1, 1 ];[ 0, 0 ];[ 1, 1 ];[ 0, 1 ];[ 0, 1 ];[ 1, 1 ];[ 0, 0 ];[ 1, 1 ];[ 0, 0 ];[ 0, 0 ];[ 1, 1 ];[ 1, 1 ];[ 1, 1 ];[ 0, 0 ];1;2;x^2 + x + 1
713.2;2;[ 0, 1 ];[ 0, 0 ];[ 1, 0 ];[ 0, 1 ];[ 0, 0 ];[ 1, 1 ];[ 1, 0 ];[ 0, 1 ];[ 0, 0 ];[ 1, 0 ];[ 0, 1 ];[ 1, 1 ];[ 0, 0 ];[ 1, 1 ];[ 0, 0 ];[ 1, 1 ];[ 0, 1 ];[ 0, 1 ];[ 1, 1 ];[ 0, 0 ];[ 1, 1 ];[ 0, 0 ];[ 0, 0 ];[ 1, 1 ];[ 1, 1 ];[ 1, 1 ];[ 0, 0 ];1;2;x^2 + x + 1
713.2;5;2;4;2;1;1;4;1;4;0;1;4;2;0;3;2;3;3;3;2;0;3;1;3;0;1;2;2;1;1;x + 4
713.2;7;4;4;4;3;4;6;1;3;3;1;0;6;0;6;5;4;6;2;1;6;2;3;1;3;2;4;3;1;1;x + 6
713.2;17;10;5;9;11;1;6;1;1;0;16;9;13;7;9;3;11;3;6;1;12;5;7;8;4;4;12;2;1;1;x + 16
713.2;53;6;33;43;8;39;52;1;10;48;52;46;31;1;47;2;25;46;36;31;3;33;19;44;11;21;20;40;1;1;x + 52
713.2;631;508;163;139;116;560;391;630;134;348;1;65;187;140;85;40;608;126;39;166;264;349;432;624;611;257;115;361;1;1;x + 630
713.1;5;[ 3, 3 ];[ 2, 0 ];[ 4, 2 ];[ 2, 4 ];[ 2, 3 ];[ 0, 0 ];[ 1, 0 ];[ 4, 2 ];[ 1, 0 ];[ 4, 1 ];[ 2, 2 ];[ 3, 3 ];[ 4, 1 ];[ 3, 4 ];[ 2, 0 ];[ 4, 1 ];[ 2, 1 ];[ 2, 1 ];[ 1, 4 ];[ 0, 2 ];[ 1, 3 ];[ 0, 3 ];[ 2, 3 ];[ 3, 1 ];[ 3, 3 ];[ 3, 2 ];[ 0, 0 ];1;1;x^2 + 4*x + 2
713.1;5;[ 2, 2 ];[ 2, 0 ];[ 2, 0 ];[ 4, 4 ];[ 4, 4 ];[ 2, 1 ];[ 4, 0 ];[ 3, 4 ];[ 4, 0 ];[ 1, 4 ];[ 4, 0 ];[ 3, 2 ];[ 0, 1 ];[ 4, 3 ];[ 2, 1 ];[ 3, 2 ];[ 3, 4 ];[ 3, 1 ];[ 3, 4 ];[ 3, 1 ];[ 4, 3 ];[ 2, 1 ];[ 0, 0 ];[ 3, 3 ];[ 0, 0 ];[ 1, 3 ];[ 3, 0 ];1;1;x^2 + 4*x + 2
713.1;11;10;0;6;9;2;5;1;9;1;4;8;6;8;9;7;10;5;7;8;1;6;3;0;0;6;6;2;1;1;x + 10
713.1;23;21;21;15;5;12;2;22;10;1;15;6;13;14;6;21;9;14;14;5;19;20;13;14;18;15;0;18;1;1;x + 22
713.1;61;45;14;50;47;7;7;60;33;1;60;23;36;4;2;31;9;50;32;24;6;37;59;43;13;52;34;47;1;1;x + 60
713.1;89;13;64;32;75;24;4;1;21;88;62;43;51;10;41;69;11;34;42;20;37;22;70;88;37;77;72;55;1;1;x + 88
716.1;3;[ 2, 2 ];[ 2, 1 ];[ 1, 0 ];[ 0, 2 ];[ 2, 0 ];[ 1, 1 ];[ 0, 2 ];[ 1, 1 ];[ 1, 0 ];[ 2, 0 ];[ 0, 2 ];[ 0, 1 ];[ 2, 1 ];[ 2, 2 ];[ 1, 1 ];[ 0, 0 ];[ 1, 0 ];[ 2, 0 ];[ 2, 0 ];[ 0, 0 ];[ 1, 1 ];[ 2, 0 ];[ 2, 1 ];[ 2, 2 ];[ 1, 2 ];[ 0, 0 ];[ 1, 1 ];1;1;x^2 + 2*x + 2
716.1;59;33;24;1;6;32;16;4;45;27;55;4;49;21;58;49;1;42;58;53;44;37;46;57;29;8;42;31;1;1;x + 58
716.1;81553;63814;1113;81552;68978;28408;24937;75031;22454;22074;1219;73851;6869;44559;62440;40756;44715;55299;69071;51477;61506;51305;22476;21339;22728;3319;58248;62881;1;1;x + 81552
719.1;4751;3650;1979;1455;3765;1420;2994;2393;3961;1291;2189;3615;382;2792;493;492;4283;17;654;1464;1862;3390;1407;2298;1196;3932;4193;4275;1;1;x + 4750
719.1;38329;22800;13245;24780;2780;35271;7529;7277;2377;14650;110;36639;21945;15281;20469;32150;31555;17076;18938;29719;37103;5978;9260;21889;33848;8726;25060;29163;1;1;x + 38328
724.1;2;[ 1, 0, 1, 1 ];[ 1, 1, 1, 0 ];[ 1, 0, 0, 0 ];[ 1, 1, 0, 1 ];[ 1, 0, 0, 0 ];[ 1, 1, 0, 1 ];[ 0, 0, 0, 0 ];[ 0, 1, 1, 1 ];[ 0, 0, 0, 0 ];[ 1, 1, 1, 0 ];[ 0, 0, 0, 0 ];[ 0, 0, 0, 0 ];[ 0, 0, 0, 0 ];[ 0, 1, 1, 0 ];[ 0, 0, 0, 0 ];[ 0, 0, 0, 0 ];[ 1, 0, 0, 1 ];[ 0, 0, 0, 0 ];[ 0, 0, 0, 0 ];[ 0, 0, 0, 0 ];[ 0, 0, 0, 0 ];[ 1, 0, 0, 0 ];[ 0, 0, 0, 0 ];[ 0, 1, 1, 0 ];[ 0, 0, 0, 0 ];[ 0, 0, 0, 0 ];[ 0, 1, 1, 1 ];1;2;x^4 + x + 1
724.1;2;[ 1, 0, 1, 1 ];[ 1, 1, 1, 0 ];[ 1, 0, 0, 0 ];[ 1, 1, 0, 1 ];[ 1, 0, 0, 0 ];[ 1, 1, 0, 1 ];[ 0, 0, 0, 0 ];[ 0, 1, 1, 1 ];[ 0, 0, 0, 0 ];[ 1, 1, 1, 0 ];[ 0, 0, 0, 0 ];[ 0, 0, 0, 0 ];[ 0, 0, 0, 0 ];[ 0, 1, 1, 0 ];[ 0, 0, 0, 0 ];[ 0, 0, 0, 0 ];[ 1, 0, 0, 1 ];[ 0, 0, 0, 0 ];[ 0, 0, 0, 0 ];[ 0, 0, 0, 0 ];[ 0, 0, 0, 0 ];[ 1, 0, 0, 0 ];[ 0, 0, 0, 0 ];[ 0, 1, 1, 0 ];[ 0, 0, 0, 0 ];[ 0, 0, 0, 0 ];[ 0, 1, 1, 1 ];1;2;x^4 + x + 1
724.1;2;[ 0, 1 ];[ 1, 1 ];[ 1, 0 ];[ 0, 1 ];[ 0, 0 ];[ 0, 1 ];[ 0, 0 ];[ 1, 1 ];[ 0, 0 ];[ 1, 1 ];[ 0, 0 ];[ 0, 0 ];[ 0, 0 ];[ 0, 1 ];[ 0, 0 ];[ 0, 0 ];[ 1, 1 ];[ 0, 0 ];[ 0, 0 ];[ 0, 0 ];[ 0, 0 ];[ 0, 0 ];[ 0, 0 ];[ 0, 1 ];[ 0, 0 ];[ 0, 0 ];[ 1, 1 ];1;2;x^2 + x + 1
724.1;2;[ 0, 1 ];[ 1, 1 ];[ 1, 0 ];[ 0, 1 ];[ 0, 0 ];[ 0, 1 ];[ 0, 0 ];[ 1, 1 ];[ 0, 0 ];[ 1, 1 ];[ 0, 0 ];[ 0, 0 ];[ 0, 0 ];[ 0, 1 ];[ 0, 0 ];[ 0, 0 ];[ 1, 1 ];[ 0, 0 ];[ 0, 0 ];[ 0, 0 ];[ 0, 0 ];[ 0, 0 ];[ 0, 0 ];[ 0, 1 ];[ 0, 0 ];[ 0, 0 ];[ 1, 1 ];1;2;x^2 + x + 1
724.1;2;1;0;1;1;1;1;0;1;0;0;0;0;0;0;0;0;1;0;0;0;0;1;0;0;0;0;1;1;2;x + 1
724.1;2;1;0;1;1;1;1;0;1;0;0;0;0;0;0;0;0;1;0;0;0;0;1;0;0;0;0;1;1;2;x + 1
724.1;3;2;0;1;1;0;2;0;1;0;2;2;1;1;0;2;1;2;0;0;2;2;1;2;1;0;0;1;1;1;x + 2
724.1;5;3;3;1;3;2;3;3;3;2;3;2;0;1;0;2;3;3;4;3;4;0;2;1;3;0;2;4;1;1;x + 4
724.1;17;[ 2, 12 ];[ 2, 6 ];[ 1, 0 ];[ 16, 9 ];[ 2, 1 ];[ 15, 0 ];[ 4, 3 ];[ 6, 8 ];[ 2, 8 ];[ 12, 0 ];[ 15, 3 ];[ 11, 8 ];[ 3, 4 ];[ 9, 16 ];[ 13, 5 ];[ 4, 1 ];[ 3, 6 ];[ 9, 12 ];[ 2, 2 ];[ 1, 4 ];[ 2, 5 ];[ 4, 1 ];[ 6, 11 ];[ 1, 7 ];[ 13, 13 ];[ 2, 6 ];[ 6, 0 ];1;1;x^2 + 16*x + 3
724.1;1621;530;18;1620;970;747;786;471;750;66;1497;1296;1171;1464;446;273;713;1106;195;993;151;749;76;396;163;1600;702;18;1;1;x + 1620
727.1;2;[ 0, 0 ];[ 0, 0 ];[ 1, 0 ];[ 0, 1 ];[ 0, 0 ];[ 1, 1 ];[ 0, 1 ];[ 0, 0 ];[ 0, 1 ];[ 1, 1 ];[ 1, 1 ];[ 0, 0 ];[ 1, 1 ];[ 0, 0 ];[ 0, 0 ];[ 0, 1 ];[ 1, 1 ];[ 0, 0 ];[ 0, 0 ];[ 0, 0 ];[ 0, 1 ];[ 1, 1 ];[ 0, 0 ];[ 0, 1 ];[ 0, 0 ];[ 0, 1 ];[ 1, 1 ];1;1;x^2 + x + 1
727.1;2;1;1;1;0;0;0;0;0;0;0;1;0;0;1;0;0;1;1;1;1;0;0;1;1;0;1;1;1;1;x + 1
727.1;5;2;3;1;3;4;3;0;0;0;0;3;3;3;3;3;1;4;3;1;0;0;0;0;4;1;0;1;1;1;x + 4
727.1;5;3;1;0;1;4;3;4;1;2;4;1;4;1;4;2;3;3;2;1;1;4;2;0;4;1;2;2;1;1;x + 4
727.1;31627;10382;3822;10153;5584;8624;24667;15290;25752;17467;12692;7085;25824;502;2477;907;29503;832;5216;15297;2879;2835;25746;1176;6000;18179;15129;7147;1;1;x + 31626
727.1;215927;85302;78401;138868;196877;135030;94966;6849;106417;133542;47175;93910;96434;87866;6769;2583;180130;88921;55732;170704;74754;49082;141893;24310;1409;117650;73704;210355;1;1;x + 215926
729.1;17;0;13;6;16;14;8;9;11;7;3;11;5;3;10;4;10;13;8;2;10;4;7;11;12;4;4;2;1;1;x + 16
729.1;19;0;3;6;1;5;12;1;3;16;8;14;2;7;0;15;14;7;10;2;14;14;2;1;3;15;5;7;1;1;x + 18
729.2;17;0;1;10;15;16;0;11;14;16;15;13;7;1;3;7;9;16;13;14;10;10;1;0;6;14;11;13;1;1;x + 16
735.2;2;1;1;1;1;1;0;1;0;1;0;1;0;0;1;1;1;0;0;0;0;1;0;0;0;0;1;0;1;4;x + 1
735.2;2;1;1;1;1;1;0;1;0;1;0;1;0;0;1;1;1;0;0;0;0;1;0;0;0;0;1;0;1;4;x + 1
735.2;2;1;1;1;1;1;0;1;0;1;0;1;0;0;1;1;1;0;0;0;0;1;0;0;0;0;1;0;1;4;x + 1
735.2;2;1;1;1;1;1;0;1;0;1;0;1;0;0;1;1;1;0;0;0;0;1;0;0;0;0;1;0;1;4;x + 1
735.2;73;1;67;49;68;72;46;10;6;4;71;18;48;5;64;72;59;25;7;47;23;37;55;39;11;13;67;7;1;1;x + 72
735.1;3;1;2;1;2;1;0;1;0;0;2;0;2;0;0;2;1;1;2;0;1;2;0;0;1;0;2;0;1;1;x + 2
735.1;7;6;3;0;1;6;2;3;3;1;0;2;3;2;3;6;6;6;5;1;2;5;5;4;4;3;0;1;1;1;x + 6
735.1;7;1;4;1;6;2;0;4;3;1;0;6;6;1;1;1;5;6;3;5;4;2;2;2;0;4;3;2;1;1;x + 6
735.1;23;1;5;10;22;22;20;14;20;21;3;17;16;7;15;22;11;7;1;8;9;4;17;14;3;15;2;5;1;1;x + 22
735.1;23;22;13;15;22;6;18;14;12;16;7;4;9;8;3;22;1;8;5;7;19;7;9;10;8;20;16;13;1;1;x + 22
737.1;23;15;18;10;15;16;22;17;5;2;2;19;0;5;21;1;7;11;5;5;22;8;11;16;22;5;19;11;1;1;x + 22
737.1;83;48;15;57;75;3;82;51;64;51;76;45;35;62;29;37;34;63;26;11;1;53;29;80;18;20;0;19;1;1;x + 82
737.1;15679;10260;8596;11244;8826;14832;1;1926;14385;2809;12715;11326;12410;13152;2035;5970;12204;13970;8793;2570;15678;1463;63;295;7151;6884;2518;1411;1;1;x + 15678
740.1;2;0;1;1;1;0;0;1;1;0;1;1;1;0;0;0;1;0;0;1;0;1;1;0;0;1;0;0;1;4;x + 1
740.1;2;0;1;1;1;0;0;1;1;0;1;1;1;0;0;0;1;0;0;1;0;1;1;0;0;1;0;0;1;4;x + 1
740.1;2;0;1;1;1;0;0;1;1;0;1;1;1;0;0;0;1;0;0;1;0;1;1;0;0;1;0;0;1;4;x + 1
740.1;2;0;1;1;1;0;0;1;1;0;1;1;1;0;0;0;1;0;0;1;0;1;1;0;0;1;0;0;1;4;x + 1
740.1;5;3;4;1;1;3;1;2;3;0;3;1;3;0;4;3;0;0;0;1;3;3;0;3;2;0;2;2;1;1;x + 4
740.2;11;9;4;10;1;4;1;7;0;9;2;3;1;7;2;3;0;4;8;7;4;3;7;6;2;9;1;2;1;1;x + 10
740.2;13;2;9;12;1;6;6;2;6;7;11;11;12;10;3;6;12;4;3;5;11;1;5;5;10;1;2;1;1;1;x + 12
740.2;29;17;15;28;28;21;14;17;26;17;0;28;1;1;8;18;24;13;26;15;9;22;11;27;15;15;15;10;1;1;x + 28
740.2;37;21;33;1;36;21;35;32;28;2;4;5;36;21;34;35;2;2;1;6;3;0;21;7;21;5;12;19;1;1;x + 36
740.2;61;43;26;1;1;57;16;3;26;0;12;18;1;44;13;33;34;19;19;31;19;2;53;46;2;59;3;35;1;1;x + 60
751.1;3;[ 2, 2 ];[ 0, 1 ];[ 2, 0 ];[ 0, 0 ];[ 2, 1 ];[ 0, 2 ];[ 0, 2 ];[ 2, 0 ];[ 0, 2 ];[ 1, 2 ];[ 0, 1 ];[ 2, 0 ];[ 0, 1 ];[ 0, 1 ];[ 0, 1 ];[ 1, 1 ];[ 1, 0 ];[ 1, 1 ];[ 0, 1 ];[ 2, 1 ];[ 0, 2 ];[ 2, 2 ];[ 2, 1 ];[ 0, 0 ];[ 1, 2 ];[ 1, 1 ];[ 1, 1 ];1;1;x^2 + 2*x + 2
751.1;3271;612;1518;1513;846;339;3136;3105;3206;1202;2523;1743;339;2599;314;2594;2912;1495;383;1382;765;85;821;895;209;483;756;324;1;1;x + 3270
751.1;80809;76728;63777;77444;29291;34774;2956;79828;29404;554;65909;60014;37306;9541;67260;8447;31371;33871;69564;27474;58480;6807;18942;10854;59998;74334;22218;39383;1;1;x + 80808
752.1;17;7;2;0;3;4;10;0;12;2;1;13;11;1;10;16;4;16;16;0;10;0;5;1;10;12;10;1;1;1;x + 16
752.1;149;107;83;0;96;65;22;114;102;72;61;115;39;148;143;88;72;97;28;55;95;49;73;18;53;138;61;12;1;1;x + 148
753.1;19;18;6;0;10;16;5;17;7;17;11;0;13;11;1;2;17;18;8;17;17;5;1;9;6;0;7;11;1;1;x + 18
753.1;83;1;61;79;4;11;16;32;59;30;70;0;17;22;40;55;24;27;54;8;59;65;41;28;74;4;21;6;1;1;x + 82
753.1;4513;4512;3535;502;1385;3246;1035;3423;1735;4049;2078;2261;2461;2598;1467;3093;3252;525;2504;4448;393;2853;4121;1225;298;445;768;3679;1;1;x + 4512
753.2;53;52;10;51;21;47;43;45;44;46;38;44;22;30;35;40;38;32;25;52;14;21;21;45;47;26;18;22;1;1;x + 52
753.2;79;1;78;5;15;14;66;44;13;44;46;59;3;31;66;23;51;33;12;6;60;42;55;61;16;49;48;33;1;1;x + 78
753.2;137;136;24;65;49;116;90;89;38;18;75;3;120;23;116;135;67;117;23;90;122;120;113;80;104;30;116;50;1;1;x + 136
757.1;2;[ 0, 1 ];[ 1, 1 ];[ 1, 0 ];[ 0, 0 ];[ 0, 1 ];[ 0, 0 ];[ 1, 1 ];[ 0, 0 ];[ 0, 0 ];[ 0, 0 ];[ 0, 1 ];[ 0, 0 ];[ 0, 0 ];[ 1, 1 ];[ 1, 1 ];[ 0, 0 ];[ 0, 1 ];[ 0, 0 ];[ 0, 0 ];[ 0, 0 ];[ 1, 1 ];[ 0, 0 ];[ 1, 1 ];[ 0, 0 ];[ 0, 0 ];[ 0, 0 ];[ 0, 1 ];1;2;x^2 + x + 1
757.1;2;[ 0, 1 ];[ 1, 1 ];[ 1, 0 ];[ 0, 0 ];[ 0, 1 ];[ 0, 0 ];[ 1, 1 ];[ 0, 0 ];[ 0, 0 ];[ 0, 0 ];[ 0, 1 ];[ 0, 0 ];[ 0, 0 ];[ 1, 1 ];[ 1, 1 ];[ 0, 0 ];[ 0, 1 ];[ 0, 0 ];[ 0, 0 ];[ 0, 0 ];[ 1, 1 ];[ 0, 0 ];[ 1, 1 ];[ 0, 0 ];[ 0, 0 ];[ 0, 0 ];[ 0, 1 ];1;2;x^2 + x + 1
757.1;29;12;23;6;9;6;20;10;19;12;24;23;16;4;2;18;1;20;23;23;7;23;1;16;2;13;11;0;1;1;x + 28
757.1;383;74;77;265;288;102;272;227;309;96;265;71;124;235;64;318;92;301;27;367;312;97;6;166;228;314;39;270;1;1;x + 382
757.1;17053;1356;10271;9008;17025;2791;7510;13503;10324;14523;6315;4485;12074;7460;15890;870;2146;11718;5569;6426;13368;8586;16187;1715;12543;8703;6860;13346;1;1;x + 17052
757.1;32687;16475;6358;26548;26267;18386;5917;19657;20694;17606;2685;8098;12989;6047;25420;3954;9329;26038;16245;21553;18329;6263;18585;21069;9865;11637;24015;22569;1;1;x + 32686
759.1;5;4;3;2;0;2;4;4;2;4;2;3;2;4;2;0;1;1;2;4;3;3;2;2;4;3;1;3;1;1;x + 4
759.1;7;1;3;5;3;6;6;6;3;1;4;1;0;5;4;3;0;3;3;0;4;0;2;1;5;3;5;4;1;1;x + 6
759.1;11;10;9;9;10;6;10;1;6;6;0;8;3;3;9;6;8;0;0;8;1;2;4;6;6;5;7;3;1;1;x + 10
759.1;83;1;70;66;42;14;1;1;0;40;32;14;60;40;19;18;35;40;82;62;34;42;14;80;22;51;62;48;1;1;x + 82
759.1;149;148;5;143;6;125;1;148;102;1;130;45;8;98;65;118;12;134;59;71;23;11;68;47;82;67;9;126;1;1;x + 148
759.2;5;1;1;3;1;0;1;1;4;1;0;4;0;0;0;2;2;2;3;4;2;4;2;1;0;2;4;2;1;1;x + 4
759.2;5;4;4;3;1;2;4;3;1;2;2;1;2;2;4;1;2;3;0;2;2;3;0;2;0;0;2;3;1;1;x + 4
759.2;23;1;5;4;17;20;22;19;1;18;15;21;10;6;15;21;0;2;22;14;16;2;19;18;13;5;18;15;1;1;x + 22
764.1;2;[ 0, 0, 0 ];[ 1, 1, 1 ];[ 1, 0, 0 ];[ 1, 1, 1 ];[ 1, 1, 0 ];[ 0, 0, 0 ];[ 0, 0, 0 ];[ 1, 0, 1 ];[ 1, 0, 1 ];[ 1, 0, 1 ];[ 0, 0, 0 ];[ 1, 1, 0 ];[ 1, 1, 1 ];[ 1, 1, 0 ];[ 1, 1, 0 ];[ 0, 0, 0 ];[ 1, 1, 1 ];[ 1, 0, 1 ];[ 0, 0, 0 ];[ 0, 0, 0 ];[ 0, 0, 0 ];[ 0, 0, 0 ];[ 0, 0, 0 ];[ 1, 0, 1 ];[ 0, 0, 0 ];[ 0, 0, 0 ];[ 0, 0, 0 ];1;1;x^3 + x + 1
764.1;3;1;1;2;1;1;1;0;1;2;2;1;1;1;0;1;2;1;1;0;2;0;2;0;0;2;1;0;1;1;x + 2
764.1;3;2;0;1;2;0;0;1;0;2;2;0;1;0;0;1;2;0;0;2;1;1;0;2;1;0;1;0;1;1;x + 2
764.1;433;70;106;432;314;316;255;68;425;375;344;0;249;15;126;222;77;181;162;77;120;369;120;344;374;354;375;400;1;1;x + 432
768.1;3;2;0;0;0;1;0;1;2;1;2;2;1;2;0;0;2;0;2;2;2;1;2;0;0;0;1;2;1;1;x + 2
768.1;3;2;2;0;0;1;1;0;0;2;2;0;2;0;1;1;2;2;2;0;2;1;1;2;1;0;1;1;1;1;x + 2
768.1;5;1;3;0;1;0;4;1;0;0;3;4;3;2;2;1;4;4;4;1;2;4;4;3;0;3;4;1;1;1;x + 4
768.1;5;4;2;0;1;0;1;4;0;0;2;4;3;3;3;1;4;4;1;4;3;1;1;2;0;3;4;1;1;1;x + 4
771.2;11;10;4;1;9;1;8;2;9;2;7;8;1;9;5;2;2;5;3;3;9;4;0;1;5;6;3;3;1;1;x + 10
771.2;757;1;600;681;620;68;191;140;687;510;9;273;172;210;242;552;97;271;174;445;748;333;711;710;53;218;11;77;1;1;x + 756
771.2;1217;1216;24;621;552;27;116;1156;962;224;732;1179;162;365;126;715;705;940;300;457;1149;878;376;704;62;1139;370;1206;1;1;x + 1216
771.1;3;2;0;2;0;0;1;0;2;0;1;2;1;0;0;2;0;2;2;2;0;1;0;2;2;0;1;0;1;1;x + 2
771.1;5;4;1;4;1;1;3;2;4;3;1;3;1;3;3;0;1;4;1;0;4;1;2;0;0;0;4;2;1;1;x + 4
771.1;7;1;3;1;1;5;4;5;2;0;5;1;1;1;2;2;1;2;0;6;4;5;4;0;6;2;2;6;1;1;x + 6
771.1;149;148;10;5;65;133;47;98;39;40;59;32;83;126;113;122;58;139;37;89;147;75;50;114;68;1;138;36;1;1;x + 148
771.1;11071;1;1149;5948;8669;2453;1410;4661;2306;9882;1095;915;8956;1614;2485;1412;3738;3691;1763;3831;1186;5549;8047;9235;2380;4917;11032;10931;1;1;x + 11070
773.1;701;291;359;456;149;403;403;282;335;59;439;444;147;218;119;442;679;388;192;524;569;322;95;354;639;209;321;447;1;1;x + 700
773.1;11681;5659;3428;5973;8084;9431;1391;4022;7586;3598;9151;7466;4863;10798;4494;622;6599;4773;11060;5668;4178;10676;585;3907;844;5832;429;2423;1;1;x + 11680
775.2;3;1;1;1;0;1;2;0;0;2;2;2;2;0;0;2;1;1;2;2;0;1;0;1;1;2;1;0;1;2;x + 2
775.2;3;1;1;1;0;1;2;0;0;2;2;2;2;0;0;2;1;1;2;2;0;1;0;1;1;2;1;0;1;2;x + 2
775.2;7;1;2;2;0;0;4;2;1;4;6;2;5;3;4;6;5;5;1;5;2;5;2;5;6;6;3;6;1;1;x + 6
775.2;23;19;5;9;0;10;9;15;18;10;22;16;22;10;11;8;13;11;15;18;14;4;5;1;1;0;9;2;1;1;x + 22
775.2;23;19;18;14;0;13;14;8;18;13;1;16;1;10;12;15;13;12;15;18;9;4;5;1;22;0;14;2;1;1;x + 22
775.2;29;20;15;9;0;15;16;22;28;22;1;21;11;16;8;15;22;27;5;27;25;27;25;28;27;3;27;16;1;1;x + 28
775.1;7;0;3;0;0;1;1;4;4;6;2;4;3;0;2;6;6;3;5;4;2;5;1;6;2;1;0;6;1;1;x + 6
775.3;23;14;12;18;1;1;14;20;20;1;12;11;21;0;21;16;17;7;20;21;7;14;22;6;10;9;14;17;1;1;x + 22
775.3;59;32;27;19;58;1;29;35;32;58;33;52;37;46;50;19;20;22;7;19;17;26;7;24;44;0;48;19;1;1;x + 58
781.1;3;1;0;2;1;1;1;0;1;2;0;0;1;1;1;2;0;0;0;0;1;1;1;0;1;2;0;2;1;1;x + 2
781.1;5;1;4;1;1;0;1;4;3;4;2;0;3;4;4;0;0;4;3;0;0;0;4;3;0;2;2;2;1;1;x + 4
781.1;19;0;11;17;15;7;1;1;17;2;11;18;9;15;18;13;0;11;7;6;2;10;1;12;7;16;2;11;1;1;x + 18
781.1;19;9;10;7;12;11;18;15;14;9;8;5;11;16;10;18;4;5;15;7;4;8;18;3;18;12;12;8;1;1;x + 18
781.1;97;76;48;37;34;5;96;12;31;51;96;17;47;68;45;42;89;61;43;61;3;31;1;14;10;78;80;72;1;1;x + 96
785.1;2;1;0;0;1;1;0;0;0;0;0;0;0;0;1;1;1;1;0;0;1;0;0;0;0;0;0;0;1;2;x + 1
785.1;2;1;0;0;1;1;0;0;0;0;0;0;0;0;1;1;1;1;0;0;1;0;0;0;0;0;0;0;1;2;x + 1
785.1;5;1;4;1;4;2;2;1;3;3;4;2;1;3;3;0;0;0;2;1;0;1;1;3;4;0;2;0;1;1;x + 4
785.1;7;2;1;4;1;2;5;6;4;3;4;0;3;3;0;4;3;4;3;2;4;4;2;6;2;6;4;5;1;1;x + 6
785.1;59;30;15;53;58;10;54;10;41;2;18;5;37;4;44;14;9;48;22;51;13;45;22;24;50;27;55;49;1;1;x + 58
785.1;239;192;124;183;1;106;155;172;30;203;179;93;145;139;191;203;115;177;22;216;188;163;87;86;11;147;69;230;1;1;x + 238
785.2;2;[ 1, 0 ];[ 0, 0 ];[ 0, 1 ];[ 1, 0 ];[ 0, 0 ];[ 1, 0 ];[ 0, 0 ];[ 1, 0 ];[ 0, 0 ];[ 0, 0 ];[ 0, 0 ];[ 1, 0 ];[ 0, 0 ];[ 1, 0 ];[ 0, 0 ];[ 0, 0 ];[ 0, 0 ];[ 1, 0 ];[ 0, 0 ];[ 1, 0 ];[ 0, 0 ];[ 0, 0 ];[ 0, 0 ];[ 0, 0 ];[ 0, 0 ];[ 1, 0 ];[ 1, 0 ];1;2;x^2 + x + 1
785.2;2;[ 1, 0 ];[ 0, 0 ];[ 0, 1 ];[ 1, 0 ];[ 0, 0 ];[ 1, 0 ];[ 0, 0 ];[ 1, 0 ];[ 0, 0 ];[ 0, 0 ];[ 0, 0 ];[ 1, 0 ];[ 0, 0 ];[ 1, 0 ];[ 0, 0 ];[ 0, 0 ];[ 0, 0 ];[ 1, 0 ];[ 0, 0 ];[ 1, 0 ];[ 0, 0 ];[ 0, 0 ];[ 0, 0 ];[ 0, 0 ];[ 0, 0 ];[ 1, 0 ];[ 1, 0 ];1;2;x^2 + x + 1
785.2;19;11;15;4;18;15;8;11;7;11;9;5;13;15;1;5;1;10;1;17;18;0;8;0;13;10;12;17;1;1;x + 18
785.2;41;27;8;12;40;1;14;31;25;26;36;22;7;36;35;4;38;15;11;14;0;10;8;31;5;1;29;24;1;1;x + 40
785.2;947;320;162;496;1;544;810;621;110;709;808;609;104;657;729;773;629;13;36;91;9;309;594;112;884;60;302;431;1;1;x + 946
795.2;13;12;5;3;12;7;1;1;11;4;6;6;11;6;2;8;8;1;9;6;0;12;2;8;7;7;1;5;1;1;x + 12
795.2;23;1;19;21;1;1;1;0;16;11;0;21;14;1;21;10;11;1;14;8;2;8;16;15;16;0;16;16;1;1;x + 22
795.3;5;4;4;3;1;1;1;3;0;0;1;1;3;3;1;0;1;3;3;1;3;2;0;1;0;1;3;1;1;1;x + 4
795.3;5;4;1;2;4;1;1;1;3;2;0;2;1;1;3;4;4;1;0;0;0;0;1;0;2;0;3;2;1;1;x + 4
795.3;11;10;9;4;9;10;0;0;10;1;5;3;5;0;1;7;1;10;5;0;0;3;3;10;5;5;2;8;1;1;x + 10
795.3;43;42;22;33;18;42;6;22;19;0;26;10;16;6;37;4;1;6;40;10;12;30;38;31;34;20;26;18;1;1;x + 42
795.4;3;[ 1, 0, 0, 0 ];[ 1, 1, 0, 1 ];[ 1, 2, 2, 2 ];[ 1, 1, 2, 1 ];[ 1, 0, 0, 0 ];[ 1, 1, 0, 1 ];[ 1, 2, 1, 1 ];[ 0, 2, 0, 1 ];[ 0, 0, 1, 2 ];[ 0, 0, 2, 1 ];[ 0, 1, 2, 2 ];[ 0, 1, 1, 1 ];[ 0, 2, 1, 2 ];[ 2, 2, 2, 0 ];[ 0, 2, 0, 1 ];[ 2, 1, 0, 2 ];[ 1, 0, 0, 0 ];[ 2, 1, 2, 2 ];[ 0, 0, 1, 2 ];[ 0, 2, 1, 0 ];[ 0, 0, 0, 1 ];[ 2, 1, 1, 2 ];[ 2, 0, 2, 0 ];[ 1, 0, 2, 0 ];[ 2, 0, 1, 1 ];[ 2, 0, 2, 0 ];[ 0, 1, 1, 0 ];1;1;x^4 + 2*x^3 + 2
795.4;5;4;2;3;3;1;4;4;1;1;3;1;2;0;2;3;4;4;3;0;2;4;1;4;0;1;0;0;1;1;x + 4
795.4;59;58;12;7;17;1;50;11;3;46;42;31;22;38;35;20;49;58;34;22;31;52;21;6;19;21;55;30;1;1;x + 58
795.4;107;1;37;15;60;106;62;42;69;63;29;52;51;33;75;44;24;106;51;82;92;50;61;70;85;92;100;16;1;1;x + 106
795.1;3;2;1;0;2;0;2;1;1;1;1;1;2;1;0;2;1;2;0;1;1;2;2;2;1;0;0;1;1;1;x + 2
795.1;19;1;3;10;1;6;4;18;3;6;16;18;17;15;18;11;18;12;0;17;8;4;9;2;13;4;11;6;1;1;x + 18
795.1;29;28;15;13;1;22;25;9;22;6;11;1;3;11;13;14;28;22;5;9;28;2;28;2;6;16;7;24;1;1;x + 28
796.1;3;2;0;2;0;2;0;2;0;2;0;0;2;2;1;0;2;0;1;2;0;1;1;2;0;0;0;1;1;2;x + 2
796.1;3;2;0;2;0;2;0;2;0;2;0;0;2;2;1;0;2;0;1;2;0;1;1;2;0;0;0;1;1;2;x + 2
796.1;11;6;8;10;2;1;4;5;7;0;7;9;9;7;0;6;3;0;3;6;7;2;2;9;10;4;5;6;1;1;x + 10
796.1;13;[ 10, 5 ];[ 9, 8 ];[ 12, 0 ];[ 4, 7 ];[ 0, 7 ];[ 10, 9 ];[ 5, 2 ];[ 2, 2 ];[ 3, 7 ];[ 5, 4 ];[ 1, 10 ];[ 3, 1 ];[ 1, 2 ];[ 2, 7 ];[ 0, 8 ];[ 2, 10 ];[ 3, 12 ];[ 11, 11 ];[ 10, 8 ];[ 6, 0 ];[ 0, 5 ];[ 6, 0 ];[ 10, 9 ];[ 3, 9 ];[ 10, 1 ];[ 0, 4 ];[ 10, 4 ];1;1;x^2 + 12*x + 2
796.1;23;15;18;22;13;4;12;14;16;19;22;2;14;9;10;15;1;19;12;1;14;15;17;22;1;13;22;6;1;1;x + 22
796.1;59;11;3;1;30;5;25;58;40;20;35;25;40;33;27;36;8;45;46;2;29;34;53;7;29;25;6;25;1;1;x + 58
796.1;6619;2291;2898;1;2469;2665;76;4465;1794;3169;4969;3672;4227;5020;245;1673;3546;2798;2334;1387;6132;3652;1074;3344;2855;3641;1682;5005;1;1;x + 6618
797.1;3;0;2;1;0;0;1;2;0;1;0;0;2;0;0;0;0;1;0;1;1;2;0;0;1;2;2;2;1;1;x + 2
797.1;456737;254671;66947;67755;281479;323871;326651;17562;195302;431837;149088;303957;145735;60876;245906;193858;211174;99577;119699;453783;108207;36537;38200;270146;431703;243946;69726;90722;1;1;x + 456736
801.2;5;0;2;1;1;2;2;0;0;4;4;0;0;3;0;1;4;3;4;2;1;1;1;0;0;1;3;0;1;1;x + 4
801.2;139;0;131;59;5;49;45;54;128;116;35;7;2;84;5;125;85;77;80;14;111;86;39;55;46;138;88;75;1;1;x + 138
801.3;19;18;1;14;10;9;11;9;0;11;15;16;0;16;2;14;2;0;17;6;13;7;16;16;18;13;6;6;1;1;x + 18
801.3;19;18;18;7;13;18;7;5;8;0;13;11;0;1;1;15;11;17;9;17;12;4;17;0;1;9;15;3;1;1;x + 18
801.3;241;1;1;200;27;135;152;66;65;187;52;52;145;195;127;96;126;24;98;101;18;118;118;52;1;173;57;69;1;1;x + 240
801.3;271;1;270;117;84;132;252;142;13;90;203;163;138;236;45;65;180;90;221;158;24;208;220;144;270;3;66;86;1;1;x + 270
801.1;5;0;3;3;0;3;3;1;1;4;2;2;1;3;0;4;2;0;0;3;4;4;0;4;4;4;2;0;1;1;x + 4
801.1;17;0;11;12;11;0;14;16;1;16;15;16;2;15;15;8;10;2;4;3;12;16;7;10;1;5;14;14;1;1;x + 16
801.1;59;0;18;4;37;36;12;1;27;40;13;31;46;36;13;47;7;40;51;51;34;52;29;50;1;41;47;32;1;1;x + 58
804.2;5;1;4;1;3;0;4;3;4;0;2;4;3;3;3;4;4;4;4;2;3;1;2;0;3;2;3;1;1;1;x + 4
804.2;5;1;1;1;3;0;2;1;2;4;0;0;4;4;0;3;1;3;4;4;1;4;0;4;4;3;2;0;1;1;x + 4
804.2;5;1;3;1;3;4;3;1;0;0;3;3;3;4;2;4;3;4;1;0;1;1;1;0;0;0;3;3;1;1;x + 4
804.2;11;1;7;10;4;1;5;9;3;7;10;2;8;6;4;8;3;0;1;2;5;1;4;5;3;2;10;5;1;1;x + 10
804.2;11;10;4;1;7;9;9;6;7;0;3;10;10;4;5;10;10;5;10;0;7;10;0;8;8;0;6;10;1;1;x + 10
804.2;11;10;9;10;1;3;10;7;10;6;4;10;1;9;2;10;10;6;10;6;4;10;7;3;8;8;4;7;1;1;x + 10
804.2;29;1;9;28;15;19;8;2;3;16;23;17;6;25;21;18;25;23;3;0;23;28;9;14;7;7;12;22;1;1;x + 28
804.1;7;1;4;1;0;5;1;1;1;6;0;5;1;1;5;1;4;0;6;1;1;2;0;2;5;2;0;5;1;1;x + 6
804.1;11;10;4;1;0;9;2;2;7;0;4;5;1;0;5;9;10;6;4;5;10;7;6;1;10;4;10;2;1;1;x + 10
804.1;23;22;4;22;9;6;15;15;19;10;3;19;6;13;3;12;7;4;18;11;1;17;11;13;1;13;8;10;1;1;x + 22
804.1;53;1;29;52;25;28;46;6;47;17;15;46;35;35;8;13;34;40;32;39;52;13;2;1;20;41;50;41;1;1;x + 52
807.1;5;4;3;4;1;1;3;2;1;4;3;4;2;0;1;4;1;4;4;0;1;4;0;1;3;0;3;2;1;1;x + 4
807.1;11;10;6;6;9;7;7;7;7;5;10;6;10;10;5;2;10;6;8;2;0;1;5;2;1;3;10;6;1;1;x + 10
807.1;5209;1;3663;1058;1875;1352;1298;2250;2179;5044;777;4286;146;4660;3627;588;2887;4600;1690;3498;3846;1305;5032;3716;586;3755;3430;590;1;1;x + 5208
807.2;3;1;1;1;0;2;2;0;0;2;0;1;2;0;2;0;1;0;0;1;2;1;0;1;2;0;2;1;1;2;x + 2
807.2;3;1;1;1;0;2;2;0;0;2;0;1;2;0;2;0;1;0;0;1;2;1;0;1;2;0;2;1;1;2;x + 2
807.2;3;2;0;2;0;1;1;0;0;2;1;1;2;0;1;1;0;0;1;1;1;2;1;1;0;1;2;2;1;2;x + 2
807.2;3;2;0;2;0;1;1;0;0;2;1;1;2;0;1;1;0;0;1;1;1;2;1;1;0;1;2;2;1;2;x + 2
807.2;3;[ 2, 0 ];[ 2, 2 ];[ 2, 0 ];[ 1, 0 ];[ 2, 0 ];[ 1, 2 ];[ 1, 2 ];[ 1, 1 ];[ 0, 2 ];[ 1, 1 ];[ 1, 2 ];[ 1, 2 ];[ 2, 0 ];[ 0, 0 ];[ 2, 1 ];[ 1, 0 ];[ 0, 2 ];[ 0, 1 ];[ 1, 2 ];[ 1, 1 ];[ 1, 1 ];[ 0, 2 ];[ 2, 2 ];[ 2, 0 ];[ 1, 1 ];[ 0, 2 ];[ 1, 1 ];1;1;x^2 + 2*x + 2
807.2;23;22;3;11;12;21;8;22;4;21;16;4;16;12;17;10;17;22;3;20;13;0;6;17;17;13;3;22;1;1;x + 22
807.2;757;1;47;752;509;11;101;437;242;756;63;301;253;346;42;701;476;329;229;177;660;25;494;325;575;502;586;30;1;1;x + 756
815.1;2;0;1;1;1;1;1;0;1;0;1;1;1;0;0;0;0;0;1;1;0;1;0;0;0;0;0;0;1;2;x + 1
815.1;2;0;1;1;1;1;1;0;1;0;1;1;1;0;0;0;0;0;1;1;0;1;0;0;0;0;0;0;1;2;x + 1
815.1;3;1;1;2;2;1;0;0;2;1;1;1;1;1;0;1;1;2;2;0;1;2;1;1;0;2;2;0;1;1;x + 2
815.1;5;4;2;3;1;2;0;2;1;0;4;4;4;3;2;4;0;2;2;4;2;3;4;1;0;4;4;3;1;1;x + 4
815.1;23;12;13;12;1;19;8;17;7;20;12;15;15;21;14;19;9;5;16;16;13;2;17;3;4;11;3;12;1;1;x + 22
815.1;139;26;111;71;138;126;118;62;55;38;36;108;18;59;106;115;73;122;93;44;25;75;52;18;102;22;40;18;1;1;x + 138
815.1;331;2;29;154;1;12;170;24;219;328;28;260;127;34;18;308;124;118;232;205;75;286;106;177;139;27;135;191;1;1;x + 330
815.2;5;0;0;1;4;0;2;2;0;0;3;3;2;0;2;0;4;2;4;0;2;0;1;0;1;4;4;2;1;1;x + 4
815.2;251;180;190;164;1;131;185;233;40;20;3;148;88;93;245;110;84;146;95;151;119;29;219;10;37;103;14;160;1;1;x + 250
815.2;3557;87;475;674;3556;1684;3364;2432;641;3143;87;1849;387;112;2979;1159;1478;1912;2889;226;3269;2254;1064;3516;1989;2594;3106;881;1;1;x + 3556
823.1;2;[ 0, 1, 0, 1, 1, 1, 1, 1, 0 ];[ 0, 0, 0, 1, 0, 1, 0, 0, 1 ];[ 1, 0, 0, 0, 0, 0, 0, 0, 0 ];[ 1, 0, 1, 0, 1, 0, 0, 0, 0 ];[ 0, 0, 0, 0, 0, 0, 0, 0, 0 ];[ 1, 0, 1, 0, 0, 0, 1, 1, 1 ];[ 0, 0, 1, 1, 0, 1, 1, 0, 0 ];[ 0, 1, 1, 0, 0, 1, 0, 1, 0 ];[ 0, 0, 0, 0, 0, 0, 0, 0, 0 ];[ 1, 1, 1, 1, 1, 0, 1, 1, 1 ];[ 0, 0, 0, 0, 0, 0, 0, 0, 0 ];[ 0, 0, 0, 0, 0, 0, 0, 0, 0 ];[ 0, 0, 0, 0, 0, 0, 0, 0, 0 ];[ 0, 0, 0, 0, 0, 0, 0, 0, 0 ];[ 1, 1, 1, 0, 0, 0, 0, 0, 0 ];[ 0, 0, 0, 0, 0, 0, 0, 0, 0 ];[ 0, 0, 0, 0, 0, 0, 0, 0, 0 ];[ 0, 0, 0, 0, 0, 0, 0, 0, 0 ];[ 1, 1, 1, 0, 0, 0, 0, 0, 0 ];[ 1, 0, 0, 0, 1, 0, 0, 0, 1 ];[ 1, 1, 1, 0, 0, 0, 0, 0, 0 ];[ 0, 0, 0, 0, 0, 0, 0, 0, 0 ];[ 1, 0, 0, 0, 1, 0, 0, 0, 1 ];[ 0, 0, 0, 0, 0, 0, 0, 0, 0 ];[ 0, 0, 0, 0, 0, 0, 0, 0, 0 ];[ 0, 0, 1, 1, 0, 1, 1, 0, 0 ];[ 1, 0, 1, 0, 0, 0, 1, 1, 1 ];1;1;x^9 + x^4 + 1
823.1;5;[ 4, 4 ];[ 1, 4 ];[ 1, 2 ];[ 4, 1 ];[ 3, 0 ];[ 1, 4 ];[ 3, 4 ];[ 3, 3 ];[ 3, 1 ];[ 0, 4 ];[ 1, 1 ];[ 3, 2 ];[ 0, 2 ];[ 0, 0 ];[ 3, 2 ];[ 2, 4 ];[ 4, 0 ];[ 4, 2 ];[ 0, 1 ];[ 4, 4 ];[ 1, 2 ];[ 0, 3 ];[ 1, 3 ];[ 2, 2 ];[ 2, 2 ];[ 0, 2 ];[ 4, 2 ];1;1;x^2 + 4*x + 2
823.1;5;4;2;2;0;1;3;2;4;2;4;2;3;3;3;3;1;4;4;1;4;2;0;1;4;1;1;2;1;1;x + 4
823.1;5;0;2;3;2;3;0;1;3;2;0;2;3;2;2;0;1;1;4;2;1;3;4;2;2;2;3;4;1;1;x + 4
823.1;31;3;21;12;14;7;4;14;20;22;30;4;21;25;9;18;21;7;29;26;11;7;27;3;9;26;10;6;1;1;x + 30
823.1;248179;18579;119006;237932;166762;39326;219001;36222;132985;14410;167781;175994;75423;124855;39295;28293;25633;21026;126197;164234;76003;243846;166227;153981;82324;232447;204296;125144;1;1;x + 248178
825.1;2;1;0;0;0;1;1;0;1;0;0;0;0;0;1;0;0;0;0;1;0;0;1;0;1;0;0;0;1;2;x + 1
825.1;2;1;0;0;0;1;1;0;1;0;0;0;0;0;1;0;0;0;0;1;0;0;1;0;1;0;0;0;1;2;x + 1
825.2;5;4;4;2;1;4;4;4;2;0;1;4;0;0;2;1;0;2;4;1;2;1;3;0;3;1;0;2;1;1;x + 4
828.1;5;0;4;4;4;0;0;4;0;3;4;3;2;3;2;2;4;3;4;4;3;2;2;2;0;4;2;0;1;1;x + 4
828.1;7;0;0;1;2;1;6;6;0;4;5;5;1;0;1;3;3;1;2;5;3;0;3;5;5;2;5;2;1;1;x + 6
828.2;5;0;0;1;1;4;4;4;4;0;3;0;3;4;0;1;2;1;4;0;0;4;0;4;3;1;3;1;1;1;x + 4
828.2;5;0;1;4;0;2;2;0;4;0;4;3;4;4;4;4;4;1;2;0;4;4;1;0;3;3;3;1;1;1;x + 4
828.3;13;12;1;12;7;7;7;12;0;1;9;0;0;5;2;1;10;12;2;9;11;8;9;3;2;4;7;6;1;1;x + 12
829.1;5;[ 2, 1 ];[ 1, 1 ];[ 4, 2 ];[ 2, 2 ];[ 4, 1 ];[ 4, 1 ];[ 4, 0 ];[ 1, 1 ];[ 2, 2 ];[ 1, 1 ];[ 4, 4 ];[ 3, 4 ];[ 3, 1 ];[ 1, 3 ];[ 3, 2 ];[ 2, 2 ];[ 4, 2 ];[ 4, 1 ];[ 4, 2 ];[ 3, 3 ];[ 3, 2 ];[ 4, 4 ];[ 2, 0 ];[ 1, 1 ];[ 2, 0 ];[ 1, 1 ];[ 1, 4 ];1;1;x^2 + 4*x + 2
829.1;7;5;1;3;4;0;5;3;3;1;0;2;3;3;6;4;5;3;0;4;2;0;1;2;6;3;6;6;1;1;x + 6
829.1;17;2;9;12;3;14;4;13;3;11;11;2;14;1;13;13;2;14;13;12;1;12;13;3;1;5;14;13;1;1;x + 16
829.1;101;26;69;40;70;75;29;100;57;85;37;72;42;81;36;57;67;67;21;20;69;34;56;72;5;29;50;23;1;1;x + 100
829.1;10169;2743;6177;1345;6228;3408;5814;10126;8267;1088;1533;6562;6165;873;1107;4816;3080;50;318;3446;7224;7377;7116;2239;240;1832;7811;178;1;1;x + 10168
837.2;5;0;3;1;3;1;2;2;3;4;4;2;0;1;1;0;1;1;4;3;2;3;3;3;1;2;2;2;1;1;x + 4
837.2;7;0;6;2;1;0;2;1;5;4;1;4;4;0;1;5;3;3;0;6;3;2;5;1;6;3;3;5;1;1;x + 6
837.2;79;0;21;12;76;60;42;58;27;72;1;37;19;20;22;72;27;7;53;16;45;18;31;23;1;4;2;38;1;1;x + 78
837.2;151;0;76;110;13;108;13;97;27;76;150;81;35;14;20;4;125;133;2;103;142;96;96;33;29;106;124;140;1;1;x + 150
837.1;5;0;3;1;1;0;4;2;3;4;3;2;1;1;0;1;4;3;4;1;1;3;0;3;4;0;2;3;1;2;x + 4
837.1;5;0;3;1;1;0;4;2;3;4;3;2;1;1;0;1;4;3;4;1;1;3;0;3;4;0;2;3;1;2;x + 4
837.1;7;0;1;2;2;1;5;1;4;1;6;4;2;0;0;4;4;5;3;5;5;2;3;4;0;3;2;1;1;1;x + 6
837.1;43;0;0;20;6;17;19;16;10;42;34;14;27;9;41;16;3;30;20;11;7;4;4;20;3;35;12;12;1;1;x + 42
837.1;47;0;31;16;32;41;17;34;17;1;0;14;40;22;33;1;5;20;10;11;18;31;41;12;4;3;22;41;1;1;x + 46
839.1;2;[ 0, 0, 1, 1 ];[ 1, 1, 1, 1 ];[ 0, 0, 0, 0 ];[ 0, 1, 1, 1 ];[ 1, 1, 1, 0 ];[ 0, 1, 0, 0 ];[ 1, 0, 1, 1 ];[ 0, 0, 0, 0 ];[ 0, 1, 1, 1 ];[ 1, 1, 0, 1 ];[ 1, 0, 0, 1 ];[ 0, 1, 1, 1 ];[ 1, 0, 1, 1 ];[ 1, 0, 0, 1 ];[ 0, 0, 1, 1 ];[ 0, 0, 0, 1 ];[ 0, 1, 1, 0 ];[ 1, 0, 1, 1 ];[ 0, 0, 1, 1 ];[ 0, 0, 1, 0 ];[ 0, 0, 1, 1 ];[ 0, 1, 0, 1 ];[ 0, 1, 1, 0 ];[ 0, 0, 0, 1 ];[ 0, 1, 0, 1 ];[ 0, 0, 1, 0 ];[ 1, 0, 0, 1 ];1;1;x^4 + x + 1
839.1;11;4;6;5;8;6;9;10;5;3;7;8;4;9;8;4;1;1;4;5;0;10;6;0;6;3;7;7;1;1;x + 10
839.1;11;[ 6, 8 ];[ 8, 10 ];[ 7, 3 ];[ 0, 3 ];[ 10, 1 ];[ 7, 3 ];[ 9, 8 ];[ 10, 7 ];[ 4, 10 ];[ 2, 6 ];[ 7, 7 ];[ 2, 1 ];[ 3, 4 ];[ 9, 5 ];[ 0, 1 ];[ 4, 3 ];[ 3, 9 ];[ 10, 0 ];[ 1, 2 ];[ 3, 3 ];[ 3, 6 ];[ 6, 1 ];[ 10, 3 ];[ 1, 1 ];[ 6, 7 ];[ 6, 5 ];[ 10, 4 ];1;1;x^2 + 7*x + 2
839.1;19;17;18;18;7;0;13;6;9;9;11;1;14;9;2;17;17;3;1;16;12;1;2;14;15;0;16;1;1;1;x + 18
839.1;23;9;12;10;16;6;3;1;22;20;7;6;2;16;20;11;7;20;4;6;2;3;5;14;4;10;9;7;1;1;x + 22
839.1;89;25;16;88;31;88;59;15;56;56;49;44;80;83;37;21;20;69;13;13;53;2;18;57;4;0;85;51;1;1;x + 88
839.1;123091;50205;26661;20046;66835;13075;89246;35820;25242;17688;101608;79899;17248;22243;121976;64401;89955;46909;20252;55221;18988;60078;96424;38206;77892;103173;52396;108788;1;1;x + 123090
841.1;2;[ 0, 1, 0 ];[ 0, 1, 0 ];[ 0, 0, 1 ];[ 0, 1, 0 ];[ 0, 1, 0 ];[ 0, 0, 0 ];[ 0, 0, 0 ];[ 0, 0, 0 ];[ 1, 0, 1 ];[ 1, 0, 1 ];[ 1, 1, 0 ];[ 1, 1, 0 ];[ 1, 1, 0 ];[ 1, 1, 0 ];[ 1, 0, 0 ];[ 0, 1, 1 ];[ 0, 1, 1 ];[ 0, 1, 0 ];[ 0, 1, 0 ];[ 1, 0, 1 ];[ 1, 0, 1 ];[ 0, 1, 1 ];[ 0, 1, 1 ];[ 0, 1, 1 ];[ 0, 1, 1 ];[ 0, 1, 0 ];[ 0, 1, 0 ];1;4;x^3 + x + 1
841.1;2;[ 0, 1, 0 ];[ 0, 1, 0 ];[ 0, 0, 1 ];[ 0, 1, 0 ];[ 0, 1, 0 ];[ 0, 0, 0 ];[ 0, 0, 0 ];[ 0, 0, 0 ];[ 1, 0, 1 ];[ 1, 0, 1 ];[ 1, 1, 0 ];[ 1, 1, 0 ];[ 1, 1, 0 ];[ 1, 1, 0 ];[ 1, 0, 0 ];[ 0, 1, 1 ];[ 0, 1, 1 ];[ 0, 1, 0 ];[ 0, 1, 0 ];[ 1, 0, 1 ];[ 1, 0, 1 ];[ 0, 1, 1 ];[ 0, 1, 1 ];[ 0, 1, 1 ];[ 0, 1, 1 ];[ 0, 1, 0 ];[ 0, 1, 0 ];1;4;x^3 + x + 1
841.1;2;[ 0, 1, 0 ];[ 0, 1, 0 ];[ 0, 0, 1 ];[ 0, 1, 0 ];[ 0, 1, 0 ];[ 0, 0, 0 ];[ 0, 0, 0 ];[ 0, 0, 0 ];[ 1, 0, 1 ];[ 1, 0, 1 ];[ 1, 1, 0 ];[ 1, 1, 0 ];[ 1, 1, 0 ];[ 1, 1, 0 ];[ 1, 0, 0 ];[ 0, 1, 1 ];[ 0, 1, 1 ];[ 0, 1, 0 ];[ 0, 1, 0 ];[ 1, 0, 1 ];[ 1, 0, 1 ];[ 0, 1, 1 ];[ 0, 1, 1 ];[ 0, 1, 1 ];[ 0, 1, 1 ];[ 0, 1, 0 ];[ 0, 1, 0 ];1;4;x^3 + x + 1
841.1;2;[ 0, 1, 0 ];[ 0, 1, 0 ];[ 0, 0, 1 ];[ 0, 1, 0 ];[ 0, 1, 0 ];[ 0, 0, 0 ];[ 0, 0, 0 ];[ 0, 0, 0 ];[ 1, 0, 1 ];[ 1, 0, 1 ];[ 1, 1, 0 ];[ 1, 1, 0 ];[ 1, 1, 0 ];[ 1, 1, 0 ];[ 1, 0, 0 ];[ 0, 1, 1 ];[ 0, 1, 1 ];[ 0, 1, 0 ];[ 0, 1, 0 ];[ 1, 0, 1 ];[ 1, 0, 1 ];[ 0, 1, 1 ];[ 0, 1, 1 ];[ 0, 1, 1 ];[ 0, 1, 1 ];[ 0, 1, 0 ];[ 0, 1, 0 ];1;4;x^3 + x + 1
841.1;2;[ 0, 0, 0, 0 ];[ 0, 0, 0, 0 ];[ 0, 0, 1, 1 ];[ 1, 1, 1, 0 ];[ 1, 1, 1, 0 ];[ 0, 0, 0, 0 ];[ 0, 1, 1, 0 ];[ 0, 1, 1, 0 ];[ 0, 0, 0, 0 ];[ 0, 0, 0, 0 ];[ 0, 0, 0, 0 ];[ 0, 0, 0, 0 ];[ 0, 0, 0, 0 ];[ 0, 0, 0, 0 ];[ 0, 0, 0, 0 ];[ 0, 1, 1, 0 ];[ 0, 1, 1, 0 ];[ 0, 1, 1, 0 ];[ 0, 1, 1, 0 ];[ 1, 1, 1, 0 ];[ 1, 1, 1, 0 ];[ 1, 1, 1, 0 ];[ 1, 1, 1, 0 ];[ 0, 0, 0, 0 ];[ 0, 0, 0, 0 ];[ 0, 0, 0, 0 ];[ 0, 0, 0, 0 ];1;1;x^4 + x + 1
845.1;2;[ 0, 1 ];[ 0, 0 ];[ 0, 0 ];[ 1, 0 ];[ 1, 1 ];[ 1, 1 ];[ 0, 0 ];[ 0, 1 ];[ 0, 0 ];[ 0, 1 ];[ 0, 0 ];[ 0, 0 ];[ 0, 0 ];[ 1, 1 ];[ 0, 0 ];[ 1, 1 ];[ 0, 0 ];[ 0, 0 ];[ 0, 0 ];[ 1, 1 ];[ 0, 0 ];[ 0, 0 ];[ 0, 0 ];[ 0, 1 ];[ 0, 1 ];[ 0, 1 ];[ 0, 0 ];1;2;x^2 + x + 1
845.1;2;[ 0, 1 ];[ 0, 0 ];[ 0, 0 ];[ 1, 0 ];[ 1, 1 ];[ 1, 1 ];[ 0, 0 ];[ 0, 1 ];[ 0, 0 ];[ 0, 1 ];[ 0, 0 ];[ 0, 0 ];[ 0, 0 ];[ 1, 1 ];[ 0, 0 ];[ 1, 1 ];[ 0, 0 ];[ 0, 0 ];[ 0, 0 ];[ 1, 1 ];[ 0, 0 ];[ 0, 0 ];[ 0, 0 ];[ 0, 1 ];[ 0, 1 ];[ 0, 1 ];[ 0, 0 ];1;2;x^2 + x + 1
845.1;5;3;4;3;4;2;1;0;0;3;0;2;2;0;1;1;2;3;1;0;3;0;3;3;3;1;0;1;1;1;x + 4
845.1;11;8;7;5;10;10;4;9;6;1;2;2;1;6;1;7;9;5;4;1;0;5;3;10;8;10;6;2;1;1;x + 10
845.1;13;0;6;2;12;0;4;9;7;6;1;2;10;5;3;9;0;5;2;1;10;4;6;12;3;11;11;10;1;1;x + 12
845.1;13;1;9;7;12;0;1;11;11;6;9;4;1;9;0;6;10;6;4;8;10;3;7;1;2;10;9;8;1;1;x + 12
845.1;229;108;211;13;1;207;106;184;62;115;110;217;203;44;71;170;222;171;19;105;156;171;79;156;170;19;128;179;1;1;x + 228
845.1;269;187;15;86;1;168;141;261;76;120;214;121;149;262;21;225;153;47;126;153;77;99;195;227;38;26;128;216;1;1;x + 268
848.1;11;7;6;0;5;5;4;6;7;7;6;8;1;9;8;1;10;1;8;7;5;10;6;6;3;7;1;4;1;1;x + 10
848.1;19;13;13;0;10;14;5;5;0;1;4;3;10;14;13;2;1;15;6;9;6;2;2;1;9;1;12;1;1;1;x + 18
848.1;173;4;66;0;10;96;11;168;48;112;73;93;154;169;15;68;1;59;57;154;129;1;104;106;158;21;142;13;1;1;x + 172
851.2;5;0;2;0;0;3;2;1;0;1;4;1;1;3;4;4;1;1;2;4;0;3;4;0;4;4;0;3;1;1;x + 4
851.2;11;10;6;2;10;9;6;1;6;10;10;3;10;2;3;1;1;5;1;9;1;6;0;2;4;9;2;1;1;1;x + 10
851.2;13;6;5;12;12;12;3;12;3;11;3;5;1;12;8;12;9;8;1;5;1;9;8;5;10;6;12;9;1;1;x + 12
851.2;23;4;20;18;7;4;9;1;15;1;1;5;22;17;10;15;21;10;12;1;4;18;9;16;9;2;19;6;1;1;x + 22
851.2;23;4;17;11;9;16;3;1;14;16;6;18;22;7;10;5;6;15;12;6;2;21;11;15;7;4;19;8;1;1;x + 22
851.2;37;29;9;19;3;3;16;36;31;32;35;2;36;36;13;33;4;34;17;21;22;19;11;17;13;25;27;21;1;1;x + 36
851.2;47;46;44;32;11;35;4;1;29;13;41;2;46;30;35;14;28;43;22;6;17;2;19;43;12;44;10;16;1;1;x + 46
851.2;293;90;145;14;177;156;208;292;190;239;0;130;1;63;140;68;201;290;241;235;109;50;38;130;128;161;93;25;1;1;x + 292
851.1;2;1;0;1;0;0;1;1;1;0;0;1;0;1;0;1;1;0;0;0;0;0;0;0;1;0;1;1;1;6;x + 1
851.1;2;1;0;1;0;0;1;1;1;0;0;1;0;1;0;1;1;0;0;0;0;0;0;0;1;0;1;1;1;6;x + 1
851.1;2;1;0;1;0;0;1;1;1;0;0;1;0;1;0;1;1;0;0;0;0;0;0;0;1;0;1;1;1;6;x + 1
851.1;2;1;0;1;0;0;1;1;1;0;0;1;0;1;0;1;1;0;0;0;0;0;0;0;1;0;1;1;1;6;x + 1
851.1;2;1;0;1;0;0;1;1;1;0;0;1;0;1;0;1;1;0;0;0;0;0;0;0;1;0;1;1;1;6;x + 1
851.1;2;1;0;1;0;0;1;1;1;0;0;1;0;1;0;1;1;0;0;0;0;0;0;0;1;0;1;1;1;6;x + 1
851.1;3;1;0;2;0;2;0;2;1;0;2;1;2;2;0;1;0;2;1;0;1;1;0;0;1;2;2;1;1;1;x + 2
851.1;11;[ 5, 9 ];[ 5, 10 ];[ 0, 8 ];[ 4, 9 ];[ 10, 9 ];[ 8, 3 ];[ 10, 0 ];[ 7, 9 ];[ 0, 0 ];[ 1, 10 ];[ 10, 0 ];[ 7, 3 ];[ 6, 4 ];[ 7, 4 ];[ 0, 9 ];[ 1, 10 ];[ 8, 9 ];[ 1, 7 ];[ 5, 3 ];[ 5, 10 ];[ 2, 4 ];[ 4, 8 ];[ 0, 5 ];[ 6, 6 ];[ 3, 6 ];[ 2, 8 ];[ 8, 6 ];1;1;x^2 + 7*x + 2
851.1;19;0;18;15;1;12;1;1;13;10;7;18;18;17;13;0;12;13;13;6;2;9;6;6;1;2;11;17;1;1;x + 18
851.1;12107;1092;10569;6257;4075;8775;6944;1;3416;10060;5190;1;9532;8568;1733;1531;1272;7599;8372;8625;4381;10556;11913;11285;6020;2234;2343;7282;1;1;x + 12106
852.1;17;1;11;1;1;4;3;7;11;13;3;2;14;14;1;1;3;13;16;4;3;10;1;2;12;0;8;16;1;1;x + 16
852.1;73;72;50;72;0;45;56;53;59;70;42;67;57;4;1;46;34;59;31;69;34;60;1;29;47;48;69;21;1;1;x + 72
852.1;79;78;7;1;7;4;2;49;18;73;50;31;0;69;32;11;12;62;68;19;60;69;78;50;41;69;56;49;1;1;x + 78
852.2;3;1;2;1;0;2;0;0;2;1;2;2;2;1;0;1;1;1;2;2;2;2;0;1;2;0;2;1;1;1;x + 2
852.2;5;4;4;4;3;1;2;2;2;3;0;3;1;1;3;2;4;2;1;3;3;3;0;4;0;3;3;1;1;1;x + 4
852.2;31;30;21;30;15;25;30;25;11;26;22;20;22;23;10;1;7;30;2;1;5;18;22;1;30;2;29;24;1;1;x + 30
852.2;67;1;24;66;34;2;29;4;24;41;61;56;35;30;0;61;52;41;48;29;15;9;42;66;49;31;21;45;1;1;x + 66
852.2;83;82;68;1;59;13;0;62;81;4;22;39;23;80;81;22;18;39;33;52;23;55;12;82;62;9;58;48;1;1;x + 82
859.1;163;49;4;52;133;138;10;23;145;83;24;11;47;92;125;60;128;16;85;156;159;125;33;144;147;35;153;28;1;1;x + 162
859.1;643;508;642;138;446;189;425;566;530;474;103;503;457;114;71;300;98;58;103;253;8;50;421;237;291;260;525;362;1;1;x + 642
859.1;1951;99;1851;54;135;1815;1513;112;744;1493;575;1037;659;1870;1822;223;758;1229;1495;213;1883;1590;905;1606;1694;981;4;71;1;1;x + 1950
859.1;67493;53955;39187;46423;22418;54981;13151;18651;54757;36858;62622;4074;23357;20226;3888;38407;5639;31545;57762;8004;17101;26262;45358;54438;43932;60497;61086;4733;1;1;x + 67492
863.1;11;7;8;5;8;5;8;3;8;0;4;3;10;5;8;9;1;5;8;8;9;0;10;5;5;7;3;10;1;1;x + 10
863.1;23;13;2;11;22;16;17;5;20;19;12;6;17;3;7;13;7;12;3;6;10;18;11;8;7;21;16;3;1;1;x + 22
863.1;1249;691;200;400;51;672;459;667;884;1004;900;1247;401;454;302;1176;1221;724;1165;605;610;152;1005;1113;808;1044;621;1059;1;1;x + 1248
863.1;436687;105503;397385;95665;83292;368090;82214;344631;145412;46570;128386;250404;19151;73891;391066;4633;179636;26088;408346;319548;418818;82677;353905;62594;358913;282256;32104;203296;1;1;x + 436686
867.1;2;1;1;1;0;1;0;0;0;0;0;1;1;0;0;0;0;1;0;1;1;0;0;1;1;0;1;0;1;2;x + 1
867.1;2;1;1;1;0;1;0;0;0;0;0;1;1;0;0;0;0;1;0;1;1;0;0;1;1;0;1;0;1;2;x + 1
867.1;3;[ 2, 0 ];[ 0, 1 ];[ 0, 2 ];[ 2, 0 ];[ 2, 2 ];[ 0, 2 ];[ 1, 0 ];[ 2, 0 ];[ 0, 0 ];[ 0, 1 ];[ 2, 2 ];[ 2, 0 ];[ 1, 0 ];[ 2, 1 ];[ 1, 2 ];[ 1, 1 ];[ 1, 2 ];[ 1, 1 ];[ 2, 0 ];[ 2, 0 ];[ 0, 1 ];[ 1, 0 ];[ 2, 1 ];[ 2, 0 ];[ 0, 1 ];[ 0, 2 ];[ 1, 1 ];1;1;x^2 + 2*x + 2
867.1;43;42;14;36;10;29;18;32;3;41;16;25;28;24;34;22;12;26;11;23;12;16;12;8;13;5;9;23;1;1;x + 42
867.1;239;1;4;105;179;58;27;47;163;153;115;86;122;152;37;238;203;82;1;176;216;223;194;130;53;190;76;219;1;1;x + 238
873.1;3;0;2;2;2;1;0;1;0;2;1;2;1;1;0;0;1;0;0;0;0;2;2;2;1;0;2;1;2;2;x + 2
873.1;3;0;2;2;2;1;0;1;0;2;1;2;1;1;0;0;1;0;0;0;0;2;2;2;1;0;2;1;2;2;x + 2
873.1;5;0;3;2;1;4;3;2;1;0;4;2;1;4;4;3;1;3;1;4;1;2;0;2;4;2;4;1;1;1;x + 4
873.1;7;0;4;1;0;0;5;3;5;6;4;2;1;5;5;2;6;0;4;3;2;4;1;2;5;1;1;0;1;1;x + 6
873.1;17;0;13;6;16;11;4;2;16;2;13;8;8;1;6;16;14;5;2;0;3;7;9;10;4;9;1;7;1;1;x + 16
873.1;19;0;14;0;18;9;5;6;5;17;16;15;17;14;4;1;9;10;16;0;1;4;3;8;1;0;18;11;1;1;x + 18
873.2;3;0;0;2;2;1;0;0;2;1;2;1;2;0;2;0;0;2;0;0;2;0;1;1;0;2;1;2;2;2;x + 2
873.2;3;0;0;2;2;1;0;0;2;1;2;1;2;0;2;0;0;2;0;0;2;0;1;1;0;2;1;2;2;2;x + 2
873.2;3;0;2;1;0;0;2;2;1;1;1;0;2;2;2;2;1;2;2;2;1;0;0;0;0;0;1;1;1;1;x + 2
873.2;5;0;2;3;1;1;4;1;0;4;3;1;2;4;1;0;3;2;4;4;2;2;2;0;0;4;3;4;1;1;x + 4
873.2;13;0;5;9;9;4;11;11;8;2;2;1;7;11;5;0;0;1;4;10;7;4;8;7;3;2;0;12;1;1;x + 12
873.2;17;0;4;1;15;2;15;2;9;9;0;15;11;15;6;15;8;7;11;4;13;12;4;11;12;2;2;1;1;1;x + 16
873.2;47;0;15;26;2;10;29;42;36;43;3;42;39;42;27;15;5;29;15;25;3;7;33;2;32;44;18;46;1;1;x + 46
873.3;7;[ 1, 0 ];[ 6, 0 ];[ 4, 4 ];[ 1, 5 ];[ 0, 5 ];[ 5, 6 ];[ 4, 3 ];[ 3, 2 ];[ 0, 5 ];[ 1, 0 ];[ 6, 0 ];[ 5, 5 ];[ 2, 4 ];[ 2, 5 ];[ 2, 0 ];[ 3, 6 ];[ 5, 5 ];[ 5, 0 ];[ 4, 2 ];[ 5, 4 ];[ 4, 6 ];[ 5, 5 ];[ 6, 6 ];[ 6, 5 ];[ 1, 4 ];[ 6, 0 ];[ 2, 5 ];1;1;x^2 + 6*x + 3
873.3;11;10;1;8;10;6;7;1;9;3;0;5;6;7;10;0;5;9;8;6;9;9;9;1;4;10;10;3;1;1;x + 10
873.3;17;16;1;10;3;5;10;15;15;4;2;7;1;4;9;4;10;3;5;3;15;1;15;7;12;2;1;0;1;1;x + 16
880.1;3;[ 0, 1 ];[ 0, 2 ];[ 0, 0 ];[ 2, 0 ];[ 2, 2 ];[ 2, 0 ];[ 1, 0 ];[ 2, 1 ];[ 0, 1 ];[ 1, 1 ];[ 2, 1 ];[ 2, 1 ];[ 0, 2 ];[ 0, 1 ];[ 2, 1 ];[ 2, 0 ];[ 1, 1 ];[ 1, 1 ];[ 0, 0 ];[ 2, 0 ];[ 2, 2 ];[ 2, 1 ];[ 1, 2 ];[ 0, 1 ];[ 1, 0 ];[ 1, 1 ];[ 1, 0 ];1;1;x^2 + 2*x + 2
880.1;181;7;156;0;1;115;1;76;38;154;20;97;63;160;83;80;5;171;37;44;37;163;153;143;86;55;87;71;1;1;x + 180
881.1;2;[ 0, 0 ];[ 1, 0 ];[ 0, 1 ];[ 0, 0 ];[ 1, 0 ];[ 0, 0 ];[ 1, 0 ];[ 0, 0 ];[ 0, 0 ];[ 0, 0 ];[ 0, 0 ];[ 0, 0 ];[ 0, 0 ];[ 1, 0 ];[ 0, 0 ];[ 1, 0 ];[ 0, 0 ];[ 0, 0 ];[ 1, 0 ];[ 0, 0 ];[ 0, 0 ];[ 0, 0 ];[ 0, 0 ];[ 0, 0 ];[ 0, 0 ];[ 0, 0 ];[ 1, 0 ];1;1;x^2 + x + 1
881.1;17;16;5;4;10;3;10;11;12;8;10;8;9;9;16;15;15;15;1;4;4;12;4;7;11;2;8;5;1;1;x + 16
881.1;1601;80;962;1298;761;1414;1372;1017;594;510;703;547;701;1143;566;457;437;1300;1534;709;863;240;294;1552;1385;1452;1506;825;1;1;x + 1600
881.1;1693;922;875;518;1313;705;574;1269;1378;910;109;1470;141;697;514;1307;716;813;33;1083;683;1285;1038;81;1219;811;1585;349;1;1;x + 1692
883.1;7;4;3;6;4;1;2;1;3;3;5;0;3;2;6;5;4;4;5;4;0;2;3;2;3;3;5;4;1;1;x + 6
883.1;13;[ 11, 12 ];[ 1, 3 ];[ 4, 3 ];[ 2, 7 ];[ 8, 10 ];[ 8, 7 ];[ 11, 2 ];[ 12, 12 ];[ 10, 4 ];[ 3, 2 ];[ 2, 12 ];[ 10, 10 ];[ 2, 9 ];[ 9, 8 ];[ 3, 5 ];[ 11, 12 ];[ 10, 4 ];[ 3, 0 ];[ 12, 10 ];[ 9, 7 ];[ 12, 9 ];[ 6, 0 ];[ 0, 11 ];[ 3, 10 ];[ 0, 9 ];[ 7, 5 ];[ 4, 5 ];1;1;x^2 + 12*x + 2
883.1;199;183;51;148;180;78;69;14;20;51;148;24;185;82;10;164;45;96;97;47;116;17;138;27;183;66;197;45;1;1;x + 198
883.1;50109721;27686690;39975199;9225512;17323003;31577596;11497073;27606477;47819978;30654200;387148;24106880;18221123;22947811;527476;15532492;27987052;28937670;6539667;49814821;32244803;36321691;47600961;17029065;8663261;37337037;49247184;32623010;1;1;x + 50109720
885.1;3;2;1;1;1;1;2;0;0;2;0;0;0;1;0;2;2;2;2;0;2;0;0;2;0;2;1;0;1;1;x + 2
885.1;7;6;2;3;1;1;0;1;1;0;4;0;2;1;5;3;6;0;6;2;4;4;5;6;1;1;3;2;1;1;x + 6
885.1;11;1;4;9;10;1;5;8;5;7;6;2;9;2;5;0;8;2;10;9;6;3;8;0;6;7;1;2;1;1;x + 10
885.1;11;1;7;7;1;6;7;7;5;6;10;10;3;2;7;1;7;7;1;2;10;7;2;5;8;10;1;7;1;1;x + 10
885.1;17;1;1;11;1;11;3;14;7;13;2;7;2;14;4;15;7;10;16;4;0;6;7;0;4;0;3;16;1;1;x + 16
885.4;3;2;0;0;0;1;0;0;1;1;2;1;1;0;1;1;1;2;0;1;1;2;0;1;0;1;2;2;1;1;x + 2
885.4;3;[ 2, 0, 0 ];[ 1, 1, 2 ];[ 1, 0, 2 ];[ 2, 2, 0 ];[ 2, 0, 0 ];[ 1, 2, 2 ];[ 2, 0, 1 ];[ 1, 0, 0 ];[ 2, 1, 1 ];[ 1, 0, 1 ];[ 0, 1, 1 ];[ 1, 1, 1 ];[ 1, 2, 1 ];[ 1, 2, 1 ];[ 1, 2, 1 ];[ 1, 0, 1 ];[ 0, 1, 0 ];[ 0, 1, 0 ];[ 1, 0, 0 ];[ 2, 2, 0 ];[ 1, 2, 1 ];[ 2, 2, 2 ];[ 1, 0, 0 ];[ 0, 1, 1 ];[ 0, 1, 0 ];[ 0, 0, 0 ];[ 0, 0, 1 ];1;1;x^3 + 2*x + 1
885.4;5;1;1;1;3;1;1;0;0;0;3;1;1;0;2;2;0;0;3;4;3;1;3;0;2;4;3;1;1;1;x + 4
885.4;7;1;4;5;1;6;1;5;4;6;0;5;2;1;2;3;5;1;2;6;6;2;3;1;6;6;5;4;1;1;x + 6
885.4;61;1;36;11;11;1;40;25;25;57;35;23;31;54;3;44;38;58;5;1;42;18;46;3;40;20;24;58;1;1;x + 60
885.2;71;70;55;27;1;58;59;64;52;42;45;57;11;54;67;10;36;4;38;70;36;63;66;62;9;23;38;38;1;1;x + 70
885.2;229;228;67;102;228;216;37;34;44;175;129;157;23;169;197;135;109;224;112;1;209;43;141;207;73;126;79;21;1;1;x + 228
885.3;2;1;1;1;0;1;1;1;0;1;0;0;0;1;0;0;0;0;1;1;0;0;0;0;1;1;0;0;1;4;x + 1
885.3;2;1;1;1;0;1;1;1;0;1;0;0;0;1;0;0;0;0;1;1;0;0;0;0;1;1;0;0;1;4;x + 1
885.3;2;1;1;1;0;1;1;1;0;1;0;0;0;1;0;0;0;0;1;1;0;0;0;0;1;1;0;0;1;4;x + 1
885.3;2;1;1;1;0;1;1;1;0;1;0;0;0;1;0;0;0;0;1;1;0;0;0;0;1;1;0;0;1;4;x + 1
885.3;3;[ 2, 0 ];[ 0, 2 ];[ 0, 1 ];[ 1, 0 ];[ 2, 0 ];[ 1, 1 ];[ 1, 0 ];[ 1, 1 ];[ 2, 1 ];[ 1, 1 ];[ 2, 2 ];[ 1, 0 ];[ 2, 0 ];[ 2, 2 ];[ 0, 0 ];[ 2, 2 ];[ 0, 2 ];[ 2, 0 ];[ 1, 1 ];[ 1, 1 ];[ 0, 1 ];[ 1, 0 ];[ 0, 1 ];[ 2, 2 ];[ 1, 2 ];[ 2, 1 ];[ 1, 0 ];1;1;x^2 + 2*x + 2
885.3;5;1;0;2;1;1;4;0;2;0;0;0;0;0;0;4;4;4;1;1;3;2;2;0;3;4;4;1;1;1;x + 4
885.3;5;1;4;3;0;1;4;1;4;0;4;3;1;1;2;0;4;3;4;0;4;2;2;3;3;3;2;0;1;1;x + 4
885.3;53;1;9;38;12;52;28;11;5;40;30;38;45;0;0;8;10;43;1;23;50;7;7;15;27;3;15;10;1;1;x + 52
885.3;113;112;60;77;100;1;22;95;49;0;95;71;19;94;37;52;61;39;112;7;110;71;44;86;102;20;42;14;1;1;x + 112
891.2;5;0;1;2;3;4;4;2;4;2;0;4;4;0;3;4;1;4;2;0;4;0;3;2;3;3;4;4;1;1;x + 4
891.1;7;0;1;3;4;6;6;6;3;4;0;0;3;4;5;5;2;4;1;3;1;4;4;2;2;4;4;5;1;1;x + 6
892.1;3;0;0;1;0;2;0;0;0;1;0;1;2;0;0;1;0;0;0;1;0;1;0;1;0;2;0;0;1;1;x + 2
892.1;17;0;6;16;11;2;11;3;10;9;7;10;13;5;8;7;5;16;11;7;15;11;4;13;16;0;10;15;1;1;x + 16
892.1;1499;400;1244;1498;1453;73;805;1215;1484;1144;643;799;1354;137;924;1349;710;1255;742;398;1046;192;1102;425;1000;1173;1155;250;1;1;x + 1498
892.1;63103;18445;44021;1;57296;21770;59911;40151;58541;16231;20105;26009;49879;8204;50267;9217;4819;45541;8158;33794;48658;37928;47627;57387;36180;26131;13013;12695;1;1;x + 63102
895.2;3;2;2;1;2;0;1;0;1;2;1;0;2;1;0;2;2;1;2;1;2;1;2;1;1;1;1;0;1;1;x + 2
895.2;29;7;19;7;1;6;23;12;28;0;9;0;18;20;19;12;28;13;3;2;7;14;8;15;26;23;20;0;1;1;x + 28
895.2;22871;15899;14582;13753;22870;18309;15812;14798;19253;10398;3830;11593;22396;2345;10905;11958;12537;15675;9548;9268;17503;495;21869;10936;16201;11202;8232;3556;1;1;x + 22870
895.2;167663;74648;156566;165082;1;146560;140123;130683;63197;71043;25038;84837;158618;162782;127289;32805;157644;2774;10098;105161;40142;119471;29014;127828;97594;39154;134843;117223;1;1;x + 167662
895.1;2;[ 0, 1 ];[ 0, 1 ];[ 1, 0 ];[ 1, 0 ];[ 1, 1 ];[ 0, 0 ];[ 0, 0 ];[ 0, 0 ];[ 0, 1 ];[ 0, 0 ];[ 0, 1 ];[ 1, 1 ];[ 0, 0 ];[ 0, 0 ];[ 0, 0 ];[ 0, 0 ];[ 0, 0 ];[ 1, 1 ];[ 0, 0 ];[ 0, 1 ];[ 0, 0 ];[ 1, 1 ];[ 0, 1 ];[ 1, 1 ];[ 0, 1 ];[ 0, 0 ];[ 0, 0 ];1;2;x^2 + x + 1
895.1;2;[ 0, 1 ];[ 0, 1 ];[ 1, 0 ];[ 1, 0 ];[ 1, 1 ];[ 0, 0 ];[ 0, 0 ];[ 0, 0 ];[ 0, 1 ];[ 0, 0 ];[ 0, 1 ];[ 1, 1 ];[ 0, 0 ];[ 0, 0 ];[ 0, 0 ];[ 0, 0 ];[ 0, 0 ];[ 1, 1 ];[ 0, 0 ];[ 0, 1 ];[ 0, 0 ];[ 1, 1 ];[ 0, 1 ];[ 1, 1 ];[ 0, 1 ];[ 0, 0 ];[ 0, 0 ];1;2;x^2 + x + 1
895.1;29;13;0;27;28;13;16;21;15;0;28;6;26;25;20;23;3;2;21;20;8;24;17;14;15;16;26;7;1;1;x + 28
895.1;59;23;39;10;1;8;39;37;43;14;22;14;48;39;0;9;32;19;13;4;16;13;27;37;57;22;49;54;1;1;x + 58
895.1;179;96;161;95;1;158;53;170;101;14;156;42;108;107;79;135;83;35;159;10;91;10;60;42;51;97;95;92;1;1;x + 178
895.1;367;352;109;283;366;187;317;275;14;80;156;307;130;27;87;241;121;70;283;320;202;122;99;113;323;117;176;8;1;1;x + 366
900.1;3;0;0;1;0;1;1;0;0;1;1;1;1;1;1;0;2;0;1;0;1;1;0;2;0;1;0;1;1;1;x + 2
900.1;3;0;0;2;0;2;2;0;0;2;2;1;2;1;2;0;2;0;1;0;2;1;0;2;0;2;0;1;1;1;x + 2
900.1;7;0;3;1;0;4;2;6;2;4;0;1;2;3;4;6;5;6;0;0;3;3;0;6;0;0;0;3;1;1;x + 6
900.3;5;0;3;1;2;0;3;4;3;2;3;4;1;0;2;1;2;0;0;1;4;0;1;1;0;2;3;4;1;1;x + 4
905.2;3;0;2;1;1;0;0;2;2;1;1;0;0;0;1;2;0;0;0;0;0;1;1;0;0;2;2;1;1;1;x + 2
905.2;5;[ 0, 0 ];[ 3, 3 ];[ 0, 2 ];[ 4, 0 ];[ 3, 1 ];[ 1, 1 ];[ 2, 3 ];[ 0, 1 ];[ 1, 0 ];[ 2, 4 ];[ 3, 0 ];[ 1, 4 ];[ 2, 3 ];[ 2, 1 ];[ 2, 0 ];[ 0, 0 ];[ 3, 2 ];[ 3, 2 ];[ 2, 2 ];[ 4, 0 ];[ 2, 1 ];[ 0, 2 ];[ 0, 0 ];[ 2, 0 ];[ 0, 4 ];[ 2, 4 ];[ 0, 2 ];1;1;x^2 + 4*x + 2
905.2;13;11;11;9;1;10;12;2;2;0;1;4;9;2;5;7;6;0;4;0;1;4;0;6;7;4;3;10;1;1;x + 12
905.2;151;36;28;100;1;138;24;49;101;94;67;46;105;65;100;93;112;119;24;44;13;115;131;7;66;87;59;61;1;1;x + 150
905.1;7;0;6;0;6;1;5;3;2;4;2;4;4;4;4;6;0;0;6;1;4;3;4;6;5;1;0;6;1;1;x + 6
905.1;101;43;93;85;100;23;20;96;88;23;5;8;55;86;52;1;60;17;96;7;42;97;32;5;90;62;60;99;1;1;x + 100
905.1;2767;1216;758;1890;2766;1501;1987;413;1220;29;1059;1627;1213;2478;669;1954;709;1888;447;1376;1128;1484;1955;1212;799;2573;265;2008;1;1;x + 2766
905.1;694609;237288;632988;30838;1;637432;74420;372756;445000;29055;187703;139387;194351;301115;92207;600179;644375;641966;125906;316832;309967;569;399086;222809;568289;118293;549454;165498;1;1;x + 694608
907.1;7;5;4;5;5;5;4;6;6;5;3;3;4;0;6;2;6;6;5;2;6;5;6;3;5;1;2;0;1;1;x + 6
907.1;19;5;12;18;6;10;8;13;18;11;2;5;12;10;9;0;5;12;17;1;8;2;2;18;13;17;9;12;1;1;x + 18
907.1;37;6;33;28;9;17;4;15;0;1;6;11;23;5;7;6;25;7;16;9;24;6;33;35;25;22;29;13;1;1;x + 36
907.1;4753627391;709996027;482411807;2286957299;2799271211;1951496397;4246311695;250178380;2008402874;1689638661;1366900692;4286118334;2978728100;3047680433;2575334905;4622073462;940195272;4651245677;750060725;1295032838;129222926;548309731;1866951600;3898800427;533106286;3434208684;2607127844;1292146274;1;1;x + 4753627390
911.1;853;485;703;277;549;831;18;217;714;42;451;464;314;652;111;400;622;735;751;709;757;175;618;26;602;481;327;339;1;1;x + 852
911.1;8053;3901;5265;6382;7279;3895;1504;8030;1211;1478;4184;7435;3424;7267;6174;5862;6904;7713;6350;8036;6461;2288;5970;4899;3056;5033;7286;3674;1;1;x + 8052
911.1;2673247021;2578208112;644853227;720929695;1777132597;93157960;214174639;1737735373;390265453;474675632;435562599;1032606719;2143531850;2345696096;1063810844;1529036203;455083155;109867495;1936699954;2115333334;1674589816;1311883103;714472657;1073586844;194464213;2244159556;2604260468;1271308447;1;1;x + 2673247020
916.1;5;1;0;1;0;2;2;3;2;3;0;0;2;0;3;4;0;1;4;4;4;0;2;4;3;1;1;3;1;1;x + 4
916.1;23;12;2;1;7;9;20;15;1;7;14;4;1;20;8;15;20;16;17;3;15;11;14;17;6;11;9;12;1;1;x + 22
916.1;131;109;59;130;5;115;96;46;47;81;129;14;81;40;37;98;31;107;68;43;0;21;114;67;28;65;105;4;1;1;x + 130
916.1;479;342;470;1;302;465;335;457;284;386;192;372;106;302;393;203;465;397;253;137;324;154;297;99;393;104;36;67;1;1;x + 478
916.1;1279;1011;661;1278;1016;822;223;767;468;88;501;395;908;759;790;349;304;940;204;87;620;148;404;489;992;900;850;804;1;1;x + 1278
925.3;3;[ 1, 2 ];[ 2, 1 ];[ 1, 2 ];[ 2, 0 ];[ 2, 0 ];[ 1, 0 ];[ 1, 2 ];[ 1, 2 ];[ 2, 0 ];[ 1, 2 ];[ 1, 0 ];[ 1, 0 ];[ 0, 2 ];[ 1, 2 ];[ 0, 2 ];[ 0, 0 ];[ 2, 0 ];[ 1, 1 ];[ 0, 2 ];[ 0, 2 ];[ 1, 0 ];[ 0, 2 ];[ 1, 1 ];[ 1, 1 ];[ 0, 2 ];[ 0, 1 ];[ 1, 1 ];1;1;x^2 + 2*x + 2
925.2;2;1;1;1;0;0;0;1;0;0;0;1;1;0;0;1;0;0;0;1;0;0;0;1;0;1;0;1;1;4;x + 1
925.2;2;1;1;1;0;0;0;1;0;0;0;1;1;0;0;1;0;0;0;1;0;0;0;1;0;1;0;1;1;4;x + 1
925.2;2;1;1;1;0;0;0;1;0;0;0;1;1;0;0;1;0;0;0;1;0;0;0;1;0;1;0;1;1;4;x + 1
925.2;2;1;1;1;0;0;0;1;0;0;0;1;1;0;0;1;0;0;0;1;0;0;0;1;0;1;0;1;1;4;x + 1
925.2;5;0;3;4;0;1;2;2;4;2;4;4;1;0;0;0;1;3;2;2;3;1;1;0;1;1;0;1;1;1;x + 4
925.2;17;10;11;0;0;3;3;7;13;15;13;0;1;4;9;16;6;14;8;1;15;13;8;5;9;1;6;2;1;1;x + 16
925.2;17;10;6;0;0;14;14;10;13;2;4;0;16;4;8;1;6;3;8;1;2;13;8;5;8;16;11;2;1;1;x + 16
925.2;19;4;15;14;0;13;7;14;5;6;6;0;1;10;9;7;16;3;3;3;8;11;15;15;5;5;16;3;1;1;x + 18
927.1;5;[ 0, 0 ];[ 3, 3 ];[ 0, 4 ];[ 3, 3 ];[ 4, 2 ];[ 1, 4 ];[ 4, 4 ];[ 3, 0 ];[ 0, 1 ];[ 1, 4 ];[ 1, 4 ];[ 4, 4 ];[ 4, 3 ];[ 4, 4 ];[ 4, 0 ];[ 4, 4 ];[ 3, 1 ];[ 1, 0 ];[ 0, 4 ];[ 3, 2 ];[ 3, 0 ];[ 3, 1 ];[ 4, 3 ];[ 0, 1 ];[ 1, 4 ];[ 1, 3 ];[ 4, 2 ];1;1;x^2 + 4*x + 2
927.1;5;0;3;1;0;4;2;0;1;4;1;2;1;1;4;0;1;1;0;1;0;2;2;0;3;2;3;0;1;1;x + 4
927.1;7;0;5;3;3;2;4;3;4;3;3;1;4;2;1;5;2;1;0;6;6;5;0;1;3;6;5;6;1;1;x + 6
927.1;71;0;7;40;24;30;8;67;37;8;57;16;57;26;59;51;36;22;39;17;61;68;20;3;43;17;7;54;1;1;x + 70
927.1;179;0;159;74;84;150;162;16;96;57;152;58;71;81;139;21;93;77;107;117;53;9;124;89;124;71;155;58;1;1;x + 178
927.3;3;1;2;2;1;0;0;2;0;2;1;0;0;0;0;2;1;2;2;2;1;0;0;2;1;2;2;0;1;1;x + 2
927.3;5;4;1;0;1;0;0;2;4;3;0;3;2;2;4;4;4;3;2;1;0;4;3;0;1;1;4;3;1;1;x + 4
927.2;61;0;16;56;36;27;38;32;53;31;20;28;3;59;15;16;19;58;10;35;1;45;55;1;45;30;30;0;1;1;x + 60
927.2;71;0;10;40;41;47;63;34;4;57;8;57;16;12;45;51;49;35;54;32;68;61;68;51;54;28;54;7;1;1;x + 70
927.2;113;0;35;93;29;7;100;0;108;45;68;32;50;30;8;46;102;84;2;105;84;38;74;12;98;66;90;33;1;1;x + 112
929.1;5;3;4;4;1;3;2;3;2;0;2;0;2;3;0;4;0;2;2;4;4;2;4;0;3;3;3;2;1;1;x + 4
929.1;89;56;26;71;17;83;74;66;85;80;27;45;72;7;24;45;38;36;53;30;28;39;13;6;33;14;31;23;1;1;x + 88
929.1;461;26;52;269;457;176;132;428;35;365;101;298;414;401;7;281;129;33;2;361;143;32;262;140;350;376;198;329;1;1;x + 460
929.1;133982963;5133765;128867982;10197108;17088938;76019752;111894171;30580631;112161851;47326113;131137743;76918936;42624756;125510299;116588799;64594004;109006118;39613336;122648121;7422229;25464299;96141833;117927471;83810191;33173515;24061667;101990378;28380675;1;1;x + 133982962
933.2;2;[ 1, 0 ];[ 0, 1 ];[ 0, 0 ];[ 0, 1 ];[ 1, 0 ];[ 1, 0 ];[ 1, 0 ];[ 0, 0 ];[ 0, 0 ];[ 1, 1 ];[ 0, 0 ];[ 1, 1 ];[ 1, 1 ];[ 1, 0 ];[ 0, 1 ];[ 1, 0 ];[ 1, 0 ];[ 0, 0 ];[ 1, 1 ];[ 1, 0 ];[ 1, 1 ];[ 0, 1 ];[ 1, 0 ];[ 0, 1 ];[ 0, 0 ];[ 1, 0 ];[ 0, 0 ];1;2;x^2 + x + 1
933.2;2;[ 1, 0 ];[ 0, 1 ];[ 0, 0 ];[ 0, 1 ];[ 1, 0 ];[ 1, 0 ];[ 1, 0 ];[ 0, 0 ];[ 0, 0 ];[ 1, 1 ];[ 0, 0 ];[ 1, 1 ];[ 1, 1 ];[ 1, 0 ];[ 0, 1 ];[ 1, 0 ];[ 1, 0 ];[ 0, 0 ];[ 1, 1 ];[ 1, 0 ];[ 1, 1 ];[ 0, 1 ];[ 1, 0 ];[ 0, 1 ];[ 0, 0 ];[ 1, 0 ];[ 0, 0 ];1;2;x^2 + x + 1
933.2;277;276;77;63;114;169;15;138;220;25;259;83;259;109;12;48;223;216;207;241;127;162;238;236;165;229;123;8;1;1;x + 276
933.2;1699;1;186;1411;1657;482;814;721;1289;845;835;1132;1466;1581;384;364;702;805;541;1329;841;481;490;726;124;640;1148;576;1;1;x + 1698
933.1;29;28;24;5;0;13;20;2;20;14;12;15;22;14;22;8;27;0;14;4;2;14;22;7;4;6;2;1;1;1;x + 28
933.1;113;1;69;90;60;97;21;71;35;86;92;41;110;80;3;90;99;4;3;86;42;75;112;106;70;33;57;18;1;1;x + 112
933.1;521;1;300;200;341;128;404;441;238;350;84;170;281;222;343;479;215;296;498;457;386;178;405;50;55;443;153;73;1;1;x + 520
939.1;3;2;0;2;0;0;2;0;1;1;0;0;0;2;0;0;1;1;0;0;1;1;0;1;0;1;2;2;1;1;x + 2
939.1;5;4;2;0;1;2;3;4;1;3;0;4;1;2;3;1;0;3;0;3;2;3;4;0;0;0;0;1;1;1;x + 4
939.1;211;1;44;45;170;119;147;77;166;139;31;162;110;23;139;140;127;128;11;196;121;169;201;173;192;35;169;34;1;1;x + 210
939.2;7;6;1;2;4;1;6;4;0;5;0;3;3;2;3;5;0;4;1;3;1;2;3;2;4;3;3;5;1;1;x + 6
939.2;37;1;25;25;21;24;36;34;26;19;33;24;36;31;3;17;5;24;35;9;27;28;10;30;26;33;12;25;1;1;x + 36
939.2;12697;12696;8536;5176;51;2977;6163;20;902;12182;11511;909;12076;6320;2304;3291;10008;9656;3470;10216;10563;2441;8074;5669;8512;4736;5999;8076;1;1;x + 12696
939.2;42451;1;19695;28217;19521;37988;1157;19626;29382;39100;32533;7123;9928;15202;34361;12037;27902;2428;18699;647;22897;28581;11922;30555;34311;12456;5872;13776;1;1;x + 42450
940.1;19;5;6;1;1;2;11;12;6;13;1;17;5;1;9;15;3;4;4;11;11;15;9;18;14;10;0;15;1;1;x + 18
940.2;2;[ 0, 1 ];[ 0, 1 ];[ 1, 0 ];[ 1, 0 ];[ 0, 1 ];[ 0, 0 ];[ 1, 1 ];[ 0, 0 ];[ 0, 0 ];[ 0, 0 ];[ 0, 0 ];[ 0, 0 ];[ 0, 1 ];[ 1, 0 ];[ 1, 1 ];[ 1, 1 ];[ 0, 0 ];[ 1, 1 ];[ 0, 0 ];[ 1, 1 ];[ 0, 0 ];[ 0, 0 ];[ 0, 0 ];[ 0, 0 ];[ 0, 0 ];[ 0, 0 ];[ 0, 0 ];1;2;x^2 + x + 1
940.2;2;[ 0, 1 ];[ 0, 1 ];[ 1, 0 ];[ 1, 0 ];[ 0, 1 ];[ 0, 0 ];[ 1, 1 ];[ 0, 0 ];[ 0, 0 ];[ 0, 0 ];[ 0, 0 ];[ 0, 0 ];[ 0, 1 ];[ 1, 0 ];[ 1, 1 ];[ 1, 1 ];[ 0, 0 ];[ 1, 1 ];[ 0, 0 ];[ 1, 1 ];[ 0, 0 ];[ 0, 0 ];[ 0, 0 ];[ 0, 0 ];[ 0, 0 ];[ 0, 0 ];[ 0, 0 ];1;2;x^2 + x + 1
940.2;3;[ 0, 2 ];[ 1, 2 ];[ 1, 0 ];[ 1, 0 ];[ 1, 2 ];[ 1, 0 ];[ 0, 0 ];[ 2, 2 ];[ 1, 1 ];[ 2, 0 ];[ 0, 2 ];[ 1, 0 ];[ 2, 0 ];[ 1, 0 ];[ 0, 2 ];[ 2, 2 ];[ 2, 1 ];[ 2, 1 ];[ 1, 0 ];[ 2, 0 ];[ 0, 0 ];[ 0, 0 ];[ 0, 1 ];[ 1, 1 ];[ 1, 2 ];[ 1, 2 ];[ 2, 0 ];1;1;x^2 + 2*x + 2
940.2;3;0;2;1;1;2;0;1;2;1;2;1;2;1;1;1;0;0;2;0;0;1;1;0;1;2;2;2;1;1;x + 2
940.2;7;1;0;6;1;6;4;1;2;5;6;1;3;5;1;3;4;6;2;3;3;4;0;1;4;0;2;3;1;1;x + 6
940.2;41;20;9;40;40;14;38;22;24;31;36;4;12;26;1;3;16;22;3;25;30;6;31;37;15;21;1;28;1;1;x + 40
940.2;47;28;38;46;1;10;25;3;16;19;18;34;41;30;46;20;29;27;0;23;41;30;33;31;31;24;12;10;1;1;x + 46
940.2;109;78;90;1;108;73;82;47;25;10;71;88;75;1;108;4;85;32;38;78;81;73;88;53;7;12;71;18;1;1;x + 108
944.1;29;23;5;0;28;15;15;22;21;8;22;12;9;15;24;10;17;3;28;2;28;26;3;23;22;21;19;26;1;1;x + 28
944.1;811;634;106;0;456;380;317;248;747;779;541;591;425;497;133;693;596;632;1;733;19;792;144;191;660;188;120;436;1;1;x + 810
944.1;929;697;208;0;785;287;438;505;882;347;784;355;803;38;621;492;457;491;928;28;130;383;912;65;602;240;150;747;1;1;x + 928
947.1;3;2;0;1;0;0;2;2;2;0;1;1;0;0;2;2;2;2;0;2;0;0;0;0;1;0;1;2;1;1;x + 2
947.1;3;[ 0, 1 ];[ 2, 1 ];[ 2, 1 ];[ 2, 0 ];[ 2, 1 ];[ 0, 1 ];[ 1, 0 ];[ 0, 2 ];[ 1, 0 ];[ 1, 0 ];[ 1, 0 ];[ 2, 1 ];[ 0, 2 ];[ 0, 0 ];[ 0, 0 ];[ 1, 2 ];[ 0, 0 ];[ 2, 2 ];[ 0, 0 ];[ 1, 1 ];[ 0, 1 ];[ 0, 2 ];[ 1, 2 ];[ 0, 0 ];[ 2, 0 ];[ 1, 2 ];[ 0, 2 ];1;1;x^2 + 2*x + 2
947.1;7;3;3;1;2;3;3;1;6;1;3;6;5;0;0;4;1;0;0;1;5;2;0;5;6;0;4;6;1;1;x + 6
947.1;29;[ 5, 12 ];[ 6, 13 ];[ 15, 19 ];[ 2, 28 ];[ 2, 28 ];[ 18, 28 ];[ 13, 13 ];[ 15, 24 ];[ 5, 4 ];[ 17, 12 ];[ 25, 16 ];[ 19, 19 ];[ 20, 23 ];[ 10, 15 ];[ 1, 9 ];[ 9, 26 ];[ 23, 28 ];[ 3, 12 ];[ 25, 12 ];[ 23, 19 ];[ 21, 20 ];[ 20, 14 ];[ 24, 20 ];[ 4, 12 ];[ 13, 21 ];[ 8, 11 ];[ 15, 7 ];1;1;x^2 + 24*x + 2
947.1;8161;2280;6698;937;4674;3673;5062;7105;7258;3217;5930;7056;5870;4421;7994;7465;7584;6057;3544;6010;7833;5048;960;5618;5087;3595;2215;6413;1;1;x + 8160
947.1;43607;33176;32690;25591;39472;31767;33043;38659;38329;34789;35670;30722;6500;26857;6705;23062;9632;22044;13380;5312;23284;11424;41767;33566;14185;35627;27945;16968;1;1;x + 43606
951.2;3;2;2;1;2;0;1;0;2;2;0;0;1;0;2;1;1;1;0;0;2;0;2;1;0;0;1;2;1;1;x + 2
951.2;5;1;0;2;1;2;0;1;4;4;3;2;2;1;2;0;1;2;1;3;3;0;0;2;4;0;4;4;1;1;x + 4
951.2;401;400;301;10;229;139;6;334;60;76;282;350;247;13;3;319;30;97;144;314;123;202;291;54;388;152;179;48;1;1;x + 400
951.2;1218263;1;966450;1080060;72834;646171;136054;749115;1037534;1056846;757776;639491;1011395;450256;951134;114050;959475;178089;36429;71307;832137;1138032;478940;240612;1173113;280711;466228;643312;1;1;x + 1218262
951.1;31;[ 30, 0 ];[ 19, 25 ];[ 23, 17 ];[ 15, 4 ];[ 19, 3 ];[ 18, 9 ];[ 21, 8 ];[ 5, 9 ];[ 25, 24 ];[ 22, 22 ];[ 22, 11 ];[ 11, 12 ];[ 19, 11 ];[ 14, 12 ];[ 13, 19 ];[ 3, 29 ];[ 1, 8 ];[ 29, 7 ];[ 10, 14 ];[ 28, 20 ];[ 12, 4 ];[ 27, 12 ];[ 9, 24 ];[ 8, 1 ];[ 8, 27 ];[ 5, 6 ];[ 17, 27 ];1;1;x^2 + 29*x + 3
951.1;67;1;46;11;41;7;24;22;53;17;25;57;11;41;58;56;34;61;37;34;50;6;61;60;10;54;65;52;1;1;x + 66
951.1;179;1;152;0;109;88;45;31;92;159;175;67;161;7;88;145;134;47;173;58;93;39;94;54;91;82;124;151;1;1;x + 178
951.1;2293;2292;1656;115;260;310;874;1429;1298;659;1421;304;1144;614;635;2193;2118;2205;1779;811;248;1224;647;863;2146;1934;468;183;1;1;x + 2292
955.1;3;[ 0, 2 ];[ 2, 2 ];[ 0, 1 ];[ 2, 0 ];[ 0, 0 ];[ 0, 1 ];[ 1, 1 ];[ 1, 2 ];[ 0, 2 ];[ 1, 0 ];[ 2, 0 ];[ 0, 1 ];[ 0, 2 ];[ 1, 1 ];[ 2, 2 ];[ 1, 1 ];[ 1, 0 ];[ 1, 0 ];[ 1, 0 ];[ 2, 2 ];[ 1, 0 ];[ 1, 1 ];[ 0, 0 ];[ 0, 2 ];[ 1, 0 ];[ 1, 0 ];[ 1, 1 ];1;1;x^2 + 2*x + 2
955.1;5;4;4;2;4;3;0;4;4;0;0;2;4;0;4;2;2;1;2;0;3;3;4;4;2;2;3;0;1;1;x + 4
955.1;31;7;11;0;30;27;27;15;19;28;3;7;17;8;7;10;3;4;18;23;3;16;22;9;17;1;0;23;1;1;x + 30
955.1;101;25;95;9;100;27;88;20;87;20;17;62;39;82;90;23;12;2;23;85;71;94;86;24;84;74;55;96;1;1;x + 100
955.1;9029;3574;4811;1181;1;6806;2958;3402;3309;5227;1375;57;8368;4742;668;4101;8407;7712;1829;4168;6981;1739;3803;307;1175;3926;1638;8479;1;1;x + 9028
955.2;3;0;0;0;2;2;0;0;2;2;2;0;1;2;1;2;0;1;2;2;1;2;2;0;1;0;1;2;1;1;x + 2
955.2;5;2;4;0;4;2;2;0;3;2;0;3;3;0;1;4;4;2;4;1;4;4;3;2;1;1;3;1;1;1;x + 4
955.2;7;2;3;5;6;2;2;5;3;5;4;6;1;5;1;3;4;0;2;3;4;5;4;5;1;1;4;4;1;1;x + 6
955.2;89;4;88;80;1;80;28;66;29;23;25;41;50;8;25;45;7;80;1;12;59;28;57;71;8;11;87;21;1;1;x + 88
955.2;1583;1273;1055;208;1582;878;1445;1463;1359;762;289;328;819;286;424;615;8;1191;885;634;614;1063;888;380;1065;854;733;799;1;1;x + 1582
955.2;23197;10625;22352;22251;1;21678;8904;9094;9419;19534;14029;4968;1983;3195;10056;17973;20913;16330;16606;18685;19022;17977;20483;16023;1947;5497;7213;10326;1;1;x + 23196
960.2;3;2;0;0;0;2;2;0;2;0;1;1;2;1;2;0;2;1;0;0;1;0;1;1;2;0;1;1;1;1;x + 2
960.2;3;2;2;0;2;1;0;2;2;0;2;1;0;0;0;0;1;2;1;2;2;0;0;2;2;1;1;2;1;1;x + 2
960.2;3;1;2;0;1;1;1;0;0;0;1;1;2;0;2;1;0;0;0;1;0;2;1;0;2;1;2;1;1;1;x + 2
960.2;5;4;4;0;0;4;3;1;2;1;2;4;2;2;0;2;3;0;1;0;3;4;3;2;0;4;2;4;1;1;x + 4
961.2;2;[ 1, 1, 0 ];[ 1, 1, 0 ];[ 1, 0, 0 ];[ 1, 1, 1 ];[ 1, 1, 1 ];[ 0, 0, 0 ];[ 1, 0, 1 ];[ 1, 0, 1 ];[ 1, 0, 0 ];[ 1, 0, 0 ];[ 0, 0, 0 ];[ 0, 0, 0 ];[ 0, 0, 0 ];[ 0, 0, 0 ];[ 1, 0, 1 ];[ 0, 0, 0 ];[ 0, 0, 0 ];[ 0, 0, 0 ];[ 0, 0, 0 ];[ 0, 0, 0 ];[ 0, 0, 0 ];[ 0, 0, 0 ];[ 0, 0, 0 ];[ 0, 0, 0 ];[ 0, 0, 0 ];[ 1, 1, 1 ];[ 1, 1, 1 ];1;2;x^3 + x + 1
961.2;2;[ 1, 1, 0 ];[ 1, 1, 0 ];[ 1, 0, 0 ];[ 1, 1, 1 ];[ 1, 1, 1 ];[ 0, 0, 0 ];[ 1, 0, 1 ];[ 1, 0, 1 ];[ 1, 0, 0 ];[ 1, 0, 0 ];[ 0, 0, 0 ];[ 0, 0, 0 ];[ 0, 0, 0 ];[ 0, 0, 0 ];[ 1, 0, 1 ];[ 0, 0, 0 ];[ 0, 0, 0 ];[ 0, 0, 0 ];[ 0, 0, 0 ];[ 0, 0, 0 ];[ 0, 0, 0 ];[ 0, 0, 0 ];[ 0, 0, 0 ];[ 0, 0, 0 ];[ 0, 0, 0 ];[ 1, 1, 1 ];[ 1, 1, 1 ];1;2;x^3 + x + 1
961.2;2;[ 1, 0 ];[ 1, 0 ];[ 0, 1 ];[ 0, 1 ];[ 0, 1 ];[ 0, 0 ];[ 0, 0 ];[ 0, 0 ];[ 1, 0 ];[ 1, 0 ];[ 1, 0 ];[ 1, 0 ];[ 1, 1 ];[ 1, 1 ];[ 0, 1 ];[ 0, 1 ];[ 0, 1 ];[ 1, 0 ];[ 1, 0 ];[ 1, 0 ];[ 1, 0 ];[ 1, 1 ];[ 1, 1 ];[ 1, 1 ];[ 1, 1 ];[ 0, 0 ];[ 0, 0 ];1;2;x^2 + x + 1
961.2;2;[ 1, 0 ];[ 1, 0 ];[ 0, 1 ];[ 0, 1 ];[ 0, 1 ];[ 0, 0 ];[ 0, 0 ];[ 0, 0 ];[ 1, 0 ];[ 1, 0 ];[ 1, 0 ];[ 1, 0 ];[ 1, 1 ];[ 1, 1 ];[ 0, 1 ];[ 0, 1 ];[ 0, 1 ];[ 1, 0 ];[ 1, 0 ];[ 1, 0 ];[ 1, 0 ];[ 1, 1 ];[ 1, 1 ];[ 1, 1 ];[ 1, 1 ];[ 0, 0 ];[ 0, 0 ];1;2;x^2 + x + 1
961.2;83207;25123;64254;79257;42081;40975;2508;61903;6577;1;83206;1401;1967;20110;65199;62555;29899;24067;11637;10758;10343;27776;12968;75945;58395;24411;81532;72468;1;1;x + 83206
961.2;83207;64254;25123;79257;40975;42081;2508;6577;61903;83206;1;1967;1401;65199;20110;62555;24067;29899;10758;11637;27776;10343;75945;12968;24411;58395;72468;81532;1;1;x + 83206
961.1;2;1;1;1;0;1;1;1;1;0;1;1;0;1;1;1;1;0;0;1;1;0;0;1;1;1;1;1;1;1;x + 1
961.1;5;1;2;4;1;0;2;4;2;0;3;3;1;1;3;1;1;2;3;1;1;2;2;3;0;4;4;1;1;1;x + 4
961.1;29;18;12;5;19;17;22;12;11;0;8;27;12;16;3;13;23;14;24;22;17;14;3;20;3;0;19;27;1;1;x + 28
971.1;19;4;5;0;13;11;14;14;12;8;0;16;6;9;6;5;1;6;14;10;7;1;5;5;10;4;13;18;1;1;x + 18
971.1;23;4;11;6;4;17;3;12;11;22;12;15;8;0;6;1;17;19;0;5;14;6;0;0;4;5;0;13;1;1;x + 22
971.1;41;24;35;37;31;14;4;17;10;10;10;13;34;4;21;7;24;40;32;11;36;40;9;20;19;27;36;20;1;1;x + 40
971.1;101;4;77;44;76;99;76;39;50;98;34;13;71;59;93;87;88;12;58;46;80;16;81;69;31;34;67;91;1;1;x + 100
971.1;157;153;145;122;149;37;27;9;108;121;20;56;46;62;14;59;37;37;65;26;134;2;10;99;95;49;81;93;1;1;x + 156
971.1;229;225;96;175;26;122;75;111;208;26;86;147;135;40;154;64;103;86;197;212;74;92;115;44;4;222;111;197;1;1;x + 228
971.1;233;25;66;114;68;203;181;79;218;86;215;56;197;231;135;175;2;24;147;5;230;182;57;165;111;56;232;89;1;1;x + 232
972.1;2;[ 0, 0, 0 ];[ 0, 0, 1 ];[ 1, 0, 0 ];[ 0, 0, 0 ];[ 0, 1, 1 ];[ 0, 0, 0 ];[ 0, 1, 0 ];[ 1, 0, 0 ];[ 0, 1, 1 ];[ 0, 0, 0 ];[ 1, 0, 0 ];[ 0, 0, 1 ];[ 0, 0, 0 ];[ 0, 0, 0 ];[ 0, 0, 0 ];[ 0, 1, 0 ];[ 0, 0, 0 ];[ 0, 0, 0 ];[ 0, 0, 0 ];[ 0, 0, 0 ];[ 0, 1, 0 ];[ 0, 0, 0 ];[ 0, 0, 0 ];[ 1, 0, 0 ];[ 0, 0, 0 ];[ 0, 0, 0 ];[ 0, 0, 0 ];1;1;x^3 + x + 1
972.1;5;0;3;4;3;4;0;2;0;0;3;4;2;4;0;4;0;1;1;2;3;4;1;4;3;0;0;2;1;1;x + 4
972.2;5;0;1;4;2;3;0;3;4;3;2;3;2;4;2;4;4;3;1;2;1;3;3;1;4;0;2;0;1;1;x + 4
972.2;11;0;1;1;2;1;6;1;0;6;2;6;7;9;9;6;3;4;4;0;3;0;7;8;7;2;6;9;1;1;x + 10
977.1;3;2;2;2;0;1;0;0;2;2;1;2;0;2;0;2;0;1;2;1;2;0;0;2;2;2;0;1;1;1;x + 2
977.1;22291;1420;12043;17163;372;2211;16465;5929;13195;16952;21094;994;3343;3622;19008;15352;3862;11558;5835;13547;10857;1585;16111;6228;14514;15888;283;19988;1;1;x + 22290
977.1;6843040679;2966257861;303603384;412135690;6577808488;3664842408;3341333476;5443105239;6803538640;3391494582;6793717999;5411952936;4803597512;4420322228;1484230617;1233887084;5991429461;2884154264;4171963889;4781392205;4008020449;2024902177;4409223813;3575334046;918873862;6352616065;419752076;4951985904;1;1;x + 6843040678
979.1;19;1;14;4;6;12;1;3;15;5;18;5;5;7;17;2;5;18;6;10;5;7;6;2;18;11;16;9;1;1;x + 18
979.1;41;25;39;6;12;37;40;5;12;13;7;40;12;6;0;24;33;15;32;14;39;36;39;4;1;5;28;28;1;1;x + 40
979.1;61;59;20;24;35;6;60;20;42;16;2;26;0;46;18;41;50;55;56;40;13;9;34;34;1;59;53;58;1;1;x + 60
980.1;7;1;2;6;1;6;3;2;0;0;6;2;4;1;0;1;5;0;0;0;2;1;4;2;4;5;2;0;1;1;x + 6
980.1;7;[ 1, 2 ];[ 4, 2 ];[ 6, 0 ];[ 6, 0 ];[ 1, 2 ];[ 3, 6 ];[ 0, 5 ];[ 3, 4 ];[ 2, 5 ];[ 6, 4 ];[ 3, 5 ];[ 3, 3 ];[ 4, 1 ];[ 6, 4 ];[ 1, 0 ];[ 6, 5 ];[ 2, 0 ];[ 0, 2 ];[ 1, 4 ];[ 0, 4 ];[ 1, 5 ];[ 2, 0 ];[ 4, 2 ];[ 2, 3 ];[ 4, 3 ];[ 5, 3 ];[ 3, 2 ];1;1;x^2 + 6*x + 3
980.1;41;13;10;1;1;5;18;18;13;26;22;4;14;39;40;40;31;35;5;34;37;40;24;36;18;30;7;5;1;1;x + 40
980.1;103;5;81;1;102;77;8;46;1;70;42;88;86;2;86;102;66;41;20;7;88;69;99;34;60;51;4;83;1;1;x + 102
983.1;2;[ 1, 0, 1, 0, 0 ];[ 0, 0, 0, 0, 0 ];[ 1, 0, 0, 0, 0 ];[ 0, 0, 0, 0, 0 ];[ 1, 1, 0, 0, 0 ];[ 0, 1, 0, 1, 1 ];[ 1, 0, 0, 0, 1 ];[ 0, 0, 0, 0, 0 ];[ 0, 0, 0, 0, 0 ];[ 0, 0, 1, 1, 0 ];[ 0, 0, 1, 1, 0 ];[ 1, 0, 0, 0, 1 ];[ 1, 0, 0, 0, 1 ];[ 0, 0, 0, 0, 0 ];[ 0, 0, 0, 0, 0 ];[ 0, 0, 1, 1, 0 ];[ 0, 1, 0, 1, 1 ];[ 1, 1, 0, 0, 0 ];[ 0, 0, 0, 0, 0 ];[ 0, 0, 0, 0, 0 ];[ 0, 0, 1, 1, 0 ];[ 1, 0, 1, 0, 0 ];[ 1, 1, 0, 0, 0 ];[ 0, 0, 1, 1, 0 ];[ 1, 1, 0, 0, 0 ];[ 0, 0, 0, 0, 0 ];[ 1, 0, 1, 0, 0 ];1;1;x^5 + x^2 + 1
983.1;5;0;4;2;4;2;0;1;4;0;3;0;2;2;2;3;1;1;0;4;0;3;3;2;4;0;4;0;1;1;x + 4
983.1;23;21;13;8;3;6;3;12;14;14;18;3;14;0;4;14;11;19;19;20;6;20;10;22;12;18;15;7;1;1;x + 22
983.1;29;26;14;23;18;4;14;5;28;26;9;27;8;18;10;18;18;12;23;6;5;13;9;24;6;10;19;28;1;1;x + 28
983.1;9883;1336;8872;9055;753;1886;2499;66;9062;1721;9317;6395;6749;9666;4112;4280;8835;5000;2633;5176;3040;4740;5780;417;6099;7146;5374;9840;1;1;x + 9882
983.1;3421669;1174532;3129293;773240;2272558;1535481;1050390;1744087;3039137;3256836;28513;2347299;3222257;2617293;696855;2941314;3066600;700435;1248508;1199587;612197;1509445;2193932;643172;2131047;2178116;2258366;1765776;1;1;x + 3421668
991.1;3;[ 0, 2 ];[ 1, 2 ];[ 1, 2 ];[ 2, 0 ];[ 1, 1 ];[ 2, 1 ];[ 2, 0 ];[ 1, 0 ];[ 2, 2 ];[ 1, 1 ];[ 1, 2 ];[ 1, 2 ];[ 1, 0 ];[ 2, 1 ];[ 0, 2 ];[ 0, 0 ];[ 1, 1 ];[ 2, 2 ];[ 2, 2 ];[ 2, 0 ];[ 1, 2 ];[ 0, 2 ];[ 2, 2 ];[ 2, 0 ];[ 1, 2 ];[ 2, 2 ];[ 1, 1 ];1;1;x^2 + 2*x + 2
991.1;11;7;7;3;7;10;4;10;7;4;10;4;3;10;6;4;6;4;5;10;3;5;6;3;5;6;9;8;1;1;x + 10
991.1;17;2;6;0;5;5;12;0;4;14;6;16;1;7;6;1;6;3;16;16;13;15;8;14;3;4;10;0;1;1;x + 16
991.1;241;239;46;60;201;32;52;165;10;3;141;41;138;120;222;234;81;157;235;56;15;43;219;200;7;119;205;72;1;1;x + 240
991.1;173088919;9825088;35218818;152864849;108194913;152972158;106632684;51140277;9348846;124610658;44311005;136276853;129903864;117255438;149004297;157563711;104411516;59973537;94904365;147424685;126682618;152172270;113235379;97188023;117076085;86685000;71297346;169362293;1;1;x + 173088918
993.1;5;4;4;3;4;0;3;4;3;2;2;3;4;3;0;4;0;4;3;4;1;2;0;4;2;4;1;1;1;1;x + 4
993.1;5;1;1;0;1;3;0;4;0;4;0;4;0;3;0;1;4;1;2;4;3;4;3;0;3;4;0;2;1;1;x + 4
993.1;79;78;19;16;54;70;74;34;74;38;64;64;15;15;32;72;18;61;18;1;47;24;21;55;16;31;32;37;1;1;x + 78
993.1;421;420;332;216;408;78;381;369;101;70;189;157;113;42;374;122;199;56;296;123;273;222;68;278;169;373;39;377;1;1;x + 420
993.1;6967;1;50;3153;6539;644;1236;5147;5993;1801;3787;2720;4771;5029;4553;4014;1018;1871;5885;4447;4925;2564;3187;4761;898;3012;224;5193;1;1;x + 6966
993.2;2;1;0;0;0;1;1;1;1;0;1;1;0;0;0;0;0;0;0;0;0;0;0;0;0;1;0;0;1;2;x + 1
993.2;2;1;0;0;0;1;1;1;1;0;1;1;0;0;0;0;0;0;0;0;0;0;0;0;0;1;0;0;1;2;x + 1
993.2;5;1;2;4;3;3;3;2;2;2;1;3;4;2;1;4;1;4;4;0;1;2;4;0;4;1;2;0;1;1;x + 4
993.2;11;10;8;8;8;5;6;2;2;0;0;4;10;8;9;2;10;2;6;6;7;8;1;1;9;6;6;6;1;1;x + 10
993.2;17;16;7;10;3;2;4;11;9;15;8;13;0;0;14;10;7;8;6;16;10;12;11;16;10;2;8;15;1;1;x + 16
993.2;73;1;43;23;66;36;60;9;3;42;34;41;46;64;66;45;44;15;53;2;35;12;20;49;68;10;22;22;1;1;x + 72
993.2;89;1;42;52;5;61;8;42;86;84;45;55;43;57;64;28;73;12;0;64;33;28;31;3;84;54;14;73;1;1;x + 88
993.2;1049;1048;716;84;500;526;404;491;436;130;201;885;557;132;341;795;529;398;747;333;319;690;823;385;512;506;555;250;1;1;x + 1048
995.2;373;43;206;249;1;241;75;78;267;143;186;292;254;71;85;19;167;90;160;213;241;187;292;265;17;114;180;135;1;1;x + 372
995.2;509;19;167;201;1;10;334;352;51;318;438;310;257;429;315;58;426;437;288;447;256;87;76;380;87;415;142;424;1;1;x + 508
995.2;337097;87033;230788;321424;337096;315198;333067;153695;336244;217590;314677;336525;115393;104389;43315;166099;220804;58487;93778;279259;131475;316906;138347;282365;153544;34722;260303;127784;1;1;x + 337096
995.1;3;[ 0, 1 ];[ 0, 2 ];[ 2, 2 ];[ 1, 0 ];[ 0, 2 ];[ 1, 2 ];[ 2, 1 ];[ 2, 1 ];[ 2, 2 ];[ 0, 0 ];[ 2, 0 ];[ 1, 0 ];[ 1, 0 ];[ 0, 2 ];[ 0, 0 ];[ 1, 2 ];[ 0, 2 ];[ 2, 2 ];[ 2, 0 ];[ 0, 1 ];[ 2, 1 ];[ 1, 2 ];[ 2, 2 ];[ 0, 0 ];[ 2, 1 ];[ 1, 0 ];[ 0, 2 ];1;1;x^2 + 2*x + 2
995.1;5;3;0;2;4;3;4;4;1;0;3;4;0;1;3;1;3;4;4;1;4;4;4;3;2;4;2;2;1;1;x + 4
995.1;7;0;5;4;6;3;5;2;1;3;4;3;0;4;3;3;6;0;5;0;3;3;6;6;5;2;1;3;1;1;x + 6
995.1;181;26;100;3;1;92;33;51;151;80;169;153;14;174;128;49;150;73;144;66;75;38;47;112;32;137;3;5;1;1;x + 180
995.1;829;176;77;78;1;460;389;88;817;78;757;209;570;86;512;421;271;190;73;598;82;236;24;258;100;398;749;361;1;1;x + 828
995.1;1531;1247;1078;195;1530;1213;650;306;70;307;573;336;465;301;1450;863;872;801;1212;720;1029;613;699;869;1094;518;990;894;1;1;x + 1530
999.2;7;0;3;3;4;5;5;4;0;2;2;3;6;6;2;6;5;3;0;3;6;2;2;5;1;1;4;0;1;1;x + 6
999.2;29;0;22;5;8;26;16;26;19;24;8;8;28;4;1;7;5;13;13;4;17;13;16;9;11;3;3;23;1;1;x + 28
999.2;37;0;11;23;5;9;2;19;10;35;23;9;36;13;19;23;10;32;12;17;10;30;6;34;20;17;7;29;1;1;x + 36
999.2;61;0;34;13;20;35;51;42;47;15;30;43;1;2;57;4;52;58;27;17;16;37;50;34;55;29;18;44;1;1;x + 60
999.1;7;0;1;5;0;5;4;1;2;0;1;6;1;2;2;3;6;2;4;4;1;0;6;6;5;2;4;4;1;1;x + 6
999.1;11;0;10;5;2;1;2;10;3;3;7;10;3;2;10;3;8;7;5;1;1;4;5;10;10;1;1;8;1;1;x + 10
999.1;17;0;12;0;7;11;12;13;6;5;15;16;16;4;7;0;4;2;1;6;10;11;16;5;6;12;3;7;1;1;x + 16
999.1;19;0;13;15;18;15;17;15;16;10;5;1;13;18;18;15;12;1;11;6;7;3;13;5;3;6;9;11;1;1;x + 18
999.1;29;0;3;9;25;6;4;11;24;20;7;28;12;12;22;7;11;1;12;21;12;8;16;15;16;16;25;8;1;1;x + 28
999.1;61;0;4;34;45;60;31;16;28;44;54;60;56;36;3;13;59;1;40;14;22;20;38;28;7;17;16;33;1;1;x + 60
999.4;7;0;1;5;1;6;3;4;3;0;3;4;6;5;2;6;3;4;1;3;2;0;2;3;4;5;6;4;1;1;x + 6
999.4;7;0;6;6;6;5;6;4;3;1;0;1;6;3;6;3;5;1;0;3;5;1;3;6;0;3;2;2;1;1;x + 6
999.3;7;0;6;0;0;6;4;3;6;4;6;6;5;2;0;1;2;2;2;2;1;2;2;6;4;2;3;1;1;1;x + 6
